captured_at,capture_season,capture_week,source,year,throughSeasonType,throughWeek,team,conference,overall,offense,defense,offensePlays,defensePlays,modelVersion
2026-09-15T12:02:16+00:00,2026,4,core,2026,regular,2,Notre Dame,FBS Independents,17.11,7.82,-9.29,89,77,core-preseason-v1
2026-09-15T12:02:16+00:00,2026,4,core,2026,regular,2,Ohio State,Big Ten,16.81,7.27,-9.54,106,111,core-preseason-v1
2026-09-15T12:02:16+00:00,2026,4,core,2026,regular,2,Alabama,SEC,15.68,4.46,-11.22,116,85,core-preseason-v1
2026-09-15T12:02:16+00:00,2026,4,core,2026,regular,2,LSU,SEC,15.35,2,-13.34,131,65,core-preseason-v1
2026-09-15T12:02:16+00:00,2026,4,core,2026,regular,2,Georgia,SEC,14.56,8.32,-6.24,25,27,core-preseason-v1
2026-09-15T12:02:16+00:00,2026,4,core,2026,regular,2,USC,Big Ten,14.23,10.44,-3.79,169,102,core-preseason-v1
2026-09-15T12:02:16+00:00,2026,4,core,2026,regular,2,Miami,ACC,12.57,7.39,-5.17,44,34,core-preseason-v1
2026-09-15T12:02:16+00:00,2026,4,core,2026,regular,2,Texas A&M,SEC,11.6,3.77,-7.83,120,83,core-preseason-v1
2026-09-15T12:02:16+00:00,2026,4,core,2026,regular,2,Oregon,Big Ten,10.66,4.47,-6.19,123,150,core-preseason-v1
2026-09-15T12:02:16+00:00,2026,4,core,2026,regular,2,South Carolina,SEC,10.46,5.21,-5.25,35,32,core-preseason-v1
2026-09-15T12:02:16+00:00,2026,4,core,2026,regular,2,Penn State,Big Ten,10.3,6.33,-3.97,101,79,core-preseason-v1
2026-09-15T12:02:16+00:00,2026,4,core,2026,regular,2,Missouri,SEC,10.13,3.99,-6.14,70,65,core-preseason-v1
2026-09-15T12:02:16+00:00,2026,4,core,2026,regular,2,Utah,Big 12,9.66,6.29,-3.36,36,41,core-preseason-v1
2026-09-15T12:02:16+00:00,2026,4,core,2026,regular,2,Mississippi State,SEC,9.59,6.69,-2.9,103,89,core-preseason-v1
2026-09-15T12:02:16+00:00,2026,4,core,2026,regular,2,Texas,SEC,9.14,5.15,-3.99,128,101,core-preseason-v1
2026-09-15T12:02:16+00:00,2026,4,core,2026,regular,2,Tennessee,SEC,9.1,6.85,-2.26,66,71,core-preseason-v1
2026-09-15T12:02:16+00:00,2026,4,core,2026,regular,2,Florida,SEC,8.82,5.72,-3.1,40,58,core-preseason-v1
2026-09-15T12:02:16+00:00,2026,4,core,2026,regular,2,Indiana,Big Ten,8.35,6.55,-1.8,44,58,core-preseason-v1
2026-09-15T12:02:16+00:00,2026,4,core,2026,regular,2,Oklahoma,SEC,7.97,1.26,-6.71,95,91,core-preseason-v1
2026-09-15T12:02:16+00:00,2026,4,core,2026,regular,2,Auburn,SEC,7.74,1.52,-6.22,141,139,core-preseason-v1
2026-09-15T12:02:16+00:00,2026,4,core,2026,regular,2,Texas Tech,Big 12,7.35,1.7,-5.66,74,71,core-preseason-v1
2026-09-15T12:02:16+00:00,2026,4,core,2026,regular,2,Nebraska,Big Ten,7.31,5.64,-1.68,113,84,core-preseason-v1
2026-09-15T12:02:16+00:00,2026,4,core,2026,regular,2,Iowa,Big Ten,7.24,0.95,-6.29,109,74,core-preseason-v1
2026-09-15T12:02:16+00:00,2026,4,core,2026,regular,2,Michigan,Big Ten,6.71,1.25,-5.46,105,129,core-preseason-v1
2026-09-15T12:02:16+00:00,2026,4,core,2026,regular,2,UCLA,Big Ten,6.48,3.22,-3.26,119,140,core-preseason-v1
2026-09-15T12:02:16+00:00,2026,4,core,2026,regular,2,Washington,Big Ten,6.29,0.58,-5.71,136,113,core-preseason-v1
2026-09-15T12:02:16+00:00,2026,4,core,2026,regular,2,Kansas State,Big 12,6.07,2.55,-3.52,62,37,core-preseason-v1
2026-09-15T12:02:16+00:00,2026,4,core,2026,regular,2,Ole Miss,SEC,6.02,6.82,0.81,120,113,core-preseason-v1
2026-09-15T12:02:16+00:00,2026,4,core,2026,regular,2,Vanderbilt,SEC,5.43,3.02,-2.41,69,67,core-preseason-v1
2026-09-15T12:02:16+00:00,2026,4,core,2026,regular,2,Wake Forest,ACC,5.32,2.09,-3.23,114,118,core-preseason-v1
2026-09-15T12:02:16+00:00,2026,4,core,2026,regular,2,Pittsburgh,ACC,5.24,1.27,-3.97,123,90,core-preseason-v1
2026-09-15T12:02:16+00:00,2026,4,core,2026,regular,2,BYU,Big 12,5.18,4.31,-0.88,56,62,core-preseason-v1
2026-09-15T12:02:16+00:00,2026,4,core,2026,regular,2,SMU,ACC,5.16,3.54,-1.61,67,67,core-preseason-v1
2026-09-15T12:02:16+00:00,2026,4,core,2026,regular,2,South Florida,American Athletic,5.07,3.74,-1.33,111,137,core-preseason-v1
2026-09-15T12:02:16+00:00,2026,4,core,2026,regular,2,Virginia,ACC,4.85,1.01,-3.84,62,37,core-preseason-v1
2026-09-15T12:02:16+00:00,2026,4,core,2026,regular,2,Louisville,ACC,4.52,3.31,-1.21,68,76,core-preseason-v1
2026-09-15T12:02:16+00:00,2026,4,core,2026,regular,2,Baylor,Big 12,3.46,1.86,-1.6,98,74,core-preseason-v1
2026-09-15T12:02:16+00:00,2026,4,core,2026,regular,2,Arizona State,Big 12,3.34,-0.15,-3.48,59,54,core-preseason-v1
2026-09-15T12:02:16+00:00,2026,4,core,2026,regular,2,Toledo,Mid-American,3.26,0.61,-2.65,41,83,core-preseason-v1
2026-09-15T12:02:16+00:00,2026,4,core,2026,regular,2,Illinois,Big Ten,3.22,5.5,2.28,111,123,core-preseason-v1
2026-09-15T12:02:16+00:00,2026,4,core,2026,regular,2,Iowa State,Big 12,3.14,0.49,-2.65,53,59,core-preseason-v1
2026-09-15T12:02:16+00:00,2026,4,core,2026,regular,2,Memphis,American Athletic,3.03,6.1,3.07,172,211,core-preseason-v1
2026-09-15T12:02:16+00:00,2026,4,core,2026,regular,2,Duke,ACC,3.03,1.89,-1.14,132,122,core-preseason-v1
2026-09-15T12:02:16+00:00,2026,4,core,2026,regular,2,James Madison,Sun Belt,2.82,0.64,-2.18,50,66,core-preseason-v1
2026-09-15T12:02:16+00:00,2026,4,core,2026,regular,2,Florida State,ACC,2.82,4.06,1.25,132,131,core-preseason-v1
2026-09-15T12:02:16+00:00,2026,4,core,2026,regular,2,Maryland,Big Ten,2.1,0.16,-1.94,65,45,core-preseason-v1
2026-09-15T12:02:16+00:00,2026,4,core,2026,regular,2,North Texas,American Athletic,1.76,5.27,3.51,105,102,core-preseason-v1
2026-09-15T12:02:16+00:00,2026,4,core,2026,regular,2,Georgia Tech,ACC,1.73,1.65,-0.08,124,140,core-preseason-v1
2026-09-15T12:02:16+00:00,2026,4,core,2026,regular,2,North Carolina,ACC,1.63,-1.2,-2.84,57,70,core-preseason-v1
2026-09-15T12:02:16+00:00,2026,4,core,2026,regular,2,TCU,Big 12,1.59,-0.81,-2.41,70,57,core-preseason-v1
2026-09-15T12:02:16+00:00,2026,4,core,2026,regular,2,Houston,Big 12,1.47,1.1,-0.37,72,73,core-preseason-v1
2026-09-15T12:02:16+00:00,2026,4,core,2026,regular,2,East Carolina,American Athletic,1.17,0.21,-0.96,97,130,core-preseason-v1
2026-09-15T12:02:16+00:00,2026,4,core,2026,regular,2,Cincinnati,Big 12,1.16,1.72,0.56,61,68,core-preseason-v1
2026-09-15T12:02:16+00:00,2026,4,core,2026,regular,2,Tulane,American Athletic,0.95,0.68,-0.26,105,148,core-preseason-v1
2026-09-15T12:02:16+00:00,2026,4,core,2026,regular,2,Arizona,Big 12,0.9,1.83,0.93,62,56,core-preseason-v1
2026-09-15T12:02:16+00:00,2026,4,core,2026,regular,2,Purdue,Big Ten,0.6,2.04,1.43,69,58,core-preseason-v1
2026-09-15T12:02:16+00:00,2026,4,core,2026,regular,2,Northwestern,Big Ten,0.5,-0.02,-0.52,0,0,core-preseason-v1
2026-09-15T12:02:16+00:00,2026,4,core,2026,regular,2,Boise State,Pac-12,0.48,2.1,1.62,140,114,core-preseason-v1
2026-09-15T12:02:16+00:00,2026,4,core,2026,regular,2,San Diego State,Pac-12,0.22,-4.03,-4.25,55,66,core-preseason-v1
2026-09-15T12:02:16+00:00,2026,4,core,2026,regular,2,Old Dominion,Sun Belt,0.2,-1.84,-2.03,29,62,core-preseason-v1
2026-09-15T12:02:16+00:00,2026,4,core,2026,regular,2,Air Force,Mountain West,0.01,4.48,4.47,66,60,core-preseason-v1
2026-09-15T12:02:16+00:00,2026,4,core,2026,regular,2,North Dakota State,Mountain West,-0.12,-0.31,-0.18,114,108,core-preseason-v1
2026-09-15T12:02:16+00:00,2026,4,core,2026,regular,2,UCF,Big 12,-0.14,-3.05,-2.91,52,71,core-preseason-v1
2026-09-15T12:02:16+00:00,2026,4,core,2026,regular,2,Texas State,Pac-12,-0.27,3.63,3.9,116,125,core-preseason-v1
2026-09-15T12:02:16+00:00,2026,4,core,2026,regular,2,Virginia Tech,ACC,-0.48,-0.06,0.42,62,29,core-preseason-v1
2026-09-15T12:02:16+00:00,2026,4,core,2026,regular,2,San José State,Mountain West,-0.55,-1,-0.45,115,127,core-preseason-v1
2026-09-15T12:02:16+00:00,2026,4,core,2026,regular,2,Stanford,ACC,-0.7,-0.43,0.28,105,118,core-preseason-v1
2026-09-15T12:02:16+00:00,2026,4,core,2026,regular,2,Navy,American Athletic,-0.79,0.7,1.5,46,67,core-preseason-v1
2026-09-15T12:02:16+00:00,2026,4,core,2026,regular,2,Nevada,Mountain West,-0.92,-0.05,0.87,43,68,core-preseason-v1
2026-09-15T12:02:16+00:00,2026,4,core,2026,regular,2,Fresno State,Pac-12,-1.11,-0.86,0.25,63,67,core-preseason-v1
2026-09-15T12:02:16+00:00,2026,4,core,2026,regular,2,Tulsa,American Athletic,-1.21,-2.45,-1.24,128,148,core-preseason-v1
2026-09-15T12:02:16+00:00,2026,4,core,2026,regular,2,Wisconsin,Big Ten,-1.25,-2.02,-0.77,52,60,core-preseason-v1
2026-09-15T12:02:16+00:00,2026,4,core,2026,regular,2,UTSA,American Athletic,-1.29,0.27,1.56,74,77,core-preseason-v1
2026-09-15T12:02:16+00:00,2026,4,core,2026,regular,2,NC State,ACC,-1.56,-0.94,0.62,37,62,core-preseason-v1
2026-09-15T12:02:16+00:00,2026,4,core,2026,regular,2,Florida International,Conference USA,-1.83,-3.72,-1.89,153,125,core-preseason-v1
2026-09-15T12:02:16+00:00,2026,4,core,2026,regular,2,Michigan State,Big Ten,-1.91,0.12,2.04,144,90,core-preseason-v1
2026-09-15T12:02:16+00:00,2026,4,core,2026,regular,2,Coastal Carolina,Sun Belt,-1.98,-0.43,1.55,64,75,core-preseason-v1
2026-09-15T12:02:16+00:00,2026,4,core,2026,regular,2,Rutgers,Big Ten,-2.15,1.86,4.01,115,123,core-preseason-v1
2026-09-15T12:02:16+00:00,2026,4,core,2026,regular,2,Clemson,ACC,-2.19,-4.8,-2.62,102,128,core-preseason-v1
2026-09-15T12:02:16+00:00,2026,4,core,2026,regular,2,New Mexico,Mountain West,-2.24,-2.73,-0.48,58,25,core-preseason-v1
2026-09-15T12:02:16+00:00,2026,4,core,2026,regular,2,Arkansas,SEC,-2.34,2.23,4.56,41,36,core-preseason-v1
2026-09-15T12:02:16+00:00,2026,4,core,2026,regular,2,Utah State,Pac-12,-2.48,-2.58,-0.1,57,74,core-preseason-v1
2026-09-15T12:02:16+00:00,2026,4,core,2026,regular,2,Army,American Athletic,-2.51,1.03,3.54,62,55,core-preseason-v1
2026-09-15T12:02:16+00:00,2026,4,core,2026,regular,2,Colorado State,Pac-12,-2.51,0.2,2.71,67,52,core-preseason-v1
2026-09-15T12:02:16+00:00,2026,4,core,2026,regular,2,Western Michigan,Mid-American,-2.74,-3.34,-0.61,67,48,core-preseason-v1
2026-09-15T12:02:16+00:00,2026,4,core,2026,regular,2,Kentucky,SEC,-2.76,-4.64,-1.88,60,57,core-preseason-v1
2026-09-15T12:02:16+00:00,2026,4,core,2026,regular,2,Kansas,Big 12,-2.84,-0.11,2.73,65,70,core-preseason-v1
2026-09-15T12:02:16+00:00,2026,4,core,2026,regular,2,Troy,Sun Belt,-2.88,-2.31,0.57,66,70,core-preseason-v1
2026-09-15T12:02:16+00:00,2026,4,core,2026,regular,2,Boston College,ACC,-2.94,-0.41,2.53,128,127,core-preseason-v1
2026-09-15T12:02:16+00:00,2026,4,core,2026,regular,2,Colorado,Big 12,-2.95,-2.54,0.41,74,53,core-preseason-v1
2026-09-15T12:02:16+00:00,2026,4,core,2026,regular,2,West Virginia,Big 12,-3.33,-1.96,1.37,75,64,core-preseason-v1
2026-09-15T12:02:16+00:00,2026,4,core,2026,regular,2,Georgia State,Sun Belt,-3.35,0.15,3.5,68,55,core-preseason-v1
2026-09-15T12:02:16+00:00,2026,4,core,2026,regular,2,Oregon State,Pac-12,-3.58,-1.24,2.34,144,146,core-preseason-v1
2026-09-15T12:02:16+00:00,2026,4,core,2026,regular,2,Washington State,Pac-12,-3.66,-3.75,-0.09,93,124,core-preseason-v1
2026-09-15T12:02:16+00:00,2026,4,core,2026,regular,2,Liberty,Conference USA,-3.66,-1.14,2.52,66,50,core-preseason-v1
2026-09-15T12:02:16+00:00,2026,4,core,2026,regular,2,Middle Tennessee,Conference USA,-4.06,-2.07,1.98,69,61,core-preseason-v1
2026-09-15T12:02:16+00:00,2026,4,core,2026,regular,2,Syracuse,ACC,-4.15,-6.1,-1.95,83,60,core-preseason-v1
2026-09-15T12:02:16+00:00,2026,4,core,2026,regular,2,UConn,FBS Independents,-4.15,-0.47,3.68,45,65,core-preseason-v1
2026-09-15T12:02:16+00:00,2026,4,core,2026,regular,2,Wyoming,Mountain West,-4.18,-3.06,1.12,52,67,core-preseason-v1
2026-09-15T12:02:16+00:00,2026,4,core,2026,regular,2,Louisiana Tech,Sun Belt,-4.22,-6.97,-2.76,36,69,core-preseason-v1
2026-09-15T12:02:16+00:00,2026,4,core,2026,regular,2,Temple,American Athletic,-4.24,-2.2,2.04,44,63,core-preseason-v1
2026-09-15T12:02:16+00:00,2026,4,core,2026,regular,2,Oklahoma State,Big 12,-4.24,-3.74,0.5,169,116,core-preseason-v1
2026-09-15T12:02:16+00:00,2026,4,core,2026,regular,2,Minnesota,Big Ten,-4.25,-1.18,3.07,58,53,core-preseason-v1
2026-09-15T12:02:16+00:00,2026,4,core,2026,regular,2,South Alabama,Sun Belt,-4.48,1.9,6.38,72,51,core-preseason-v1
2026-09-15T12:02:16+00:00,2026,4,core,2026,regular,2,UAB,American Athletic,-4.54,-0.91,3.63,134,105,core-preseason-v1
2026-09-15T12:02:16+00:00,2026,4,core,2026,regular,2,California,ACC,-4.6,-2.85,1.74,145,136,core-preseason-v1
2026-09-15T12:02:16+00:00,2026,4,core,2026,regular,2,Louisiana,Sun Belt,-4.69,-0.61,4.08,41,72,core-preseason-v1
2026-09-15T12:02:16+00:00,2026,4,core,2026,regular,2,Sam Houston,Conference USA,-4.94,-3.6,1.34,134,138,core-preseason-v1
2026-09-15T12:02:16+00:00,2026,4,core,2026,regular,2,UNLV,Mountain West,-4.95,-2.32,2.62,198,181,core-preseason-v1
2026-09-15T12:02:16+00:00,2026,4,core,2026,regular,2,Southern Miss,Sun Belt,-4.97,-3.24,1.73,41,67,core-preseason-v1
2026-09-15T12:02:16+00:00,2026,4,core,2026,regular,2,Miami (OH),Mid-American,-5,-1.51,3.49,38,52,core-preseason-v1
2026-09-15T12:02:16+00:00,2026,4,core,2026,regular,2,Central Michigan,Mid-American,-5.18,-3.84,1.34,25,58,core-preseason-v1
2026-09-15T12:02:16+00:00,2026,4,core,2026,regular,2,App State,Sun Belt,-5.19,-1.43,3.76,71,72,core-preseason-v1
2026-09-15T12:02:16+00:00,2026,4,core,2026,regular,2,Buffalo,Mid-American,-5.38,-4.55,0.84,69,78,core-preseason-v1
2026-09-15T12:02:16+00:00,2026,4,core,2026,regular,2,Georgia Southern,Sun Belt,-5.56,-4.18,1.38,66,73,core-preseason-v1
2026-09-15T12:02:16+00:00,2026,4,core,2026,regular,2,Florida Atlantic,American Athletic,-5.92,-0.35,5.57,125,86,core-preseason-v1
2026-09-15T12:02:16+00:00,2026,4,core,2026,regular,2,Massachusetts,Mid-American,-6.3,-2.94,3.36,63,49,core-preseason-v1
2026-09-15T12:02:16+00:00,2026,4,core,2026,regular,2,Kennesaw State,Conference USA,-6.52,-1.43,5.09,55,68,core-preseason-v1
2026-09-15T12:02:16+00:00,2026,4,core,2026,regular,2,Marshall,Sun Belt,-7.12,-2.53,4.59,96,107,core-preseason-v1
2026-09-15T12:02:16+00:00,2026,4,core,2026,regular,2,UTEP,Mountain West,-7.36,-4.85,2.51,34,33,core-preseason-v1
2026-09-15T12:02:16+00:00,2026,4,core,2026,regular,2,Delaware,Conference USA,-7.65,-5.23,2.41,67,69,core-preseason-v1
2026-09-15T12:02:16+00:00,2026,4,core,2026,regular,2,Arkansas State,Sun Belt,-7.65,-1.46,6.19,58,62,core-preseason-v1
2026-09-15T12:02:16+00:00,2026,4,core,2026,regular,2,Ohio,Mid-American,-7.71,-0.7,7.01,121,135,core-preseason-v1
2026-09-15T12:02:16+00:00,2026,4,core,2026,regular,2,Jacksonville State,Conference USA,-8.08,-4.3,3.78,103,113,core-preseason-v1
2026-09-15T12:02:16+00:00,2026,4,core,2026,regular,2,Hawai'i,Mountain West,-8.18,-5.38,2.8,223,200,core-preseason-v1
2026-09-15T12:02:16+00:00,2026,4,core,2026,regular,2,New Mexico State,Conference USA,-8.3,-3.91,4.39,131,139,core-preseason-v1
2026-09-15T12:02:16+00:00,2026,4,core,2026,regular,2,Eastern Michigan,Mid-American,-8.67,-5.71,2.96,184,200,core-preseason-v1
2026-09-15T12:02:16+00:00,2026,4,core,2026,regular,2,Sacramento State,Mid-American,-9.07,-6.42,2.65,93,109,core-preseason-v1
2026-09-15T12:02:16+00:00,2026,4,core,2026,regular,2,Charlotte,American Athletic,-9.43,-5.07,4.37,45,44,core-preseason-v1
2026-09-15T12:02:16+00:00,2026,4,core,2026,regular,2,Bowling Green,Mid-American,-9.9,-5.07,4.83,22,39,core-preseason-v1
2026-09-15T12:02:16+00:00,2026,4,core,2026,regular,2,Missouri State,Conference USA,-9.91,-5.18,4.72,24,66,core-preseason-v1
2026-09-15T12:02:16+00:00,2026,4,core,2026,regular,2,Northern Illinois,Mountain West,-10.29,-6.33,3.96,21,50,core-preseason-v1
2026-09-15T12:02:16+00:00,2026,4,core,2026,regular,2,Akron,Mid-American,-10.42,-5.81,4.61,49,56,core-preseason-v1
2026-09-15T12:02:16+00:00,2026,4,core,2026,regular,2,Rice,American Athletic,-11,-7.07,3.93,25,29,core-preseason-v1
2026-09-15T12:02:16+00:00,2026,4,core,2026,regular,2,Kent State,Mid-American,-12,-4.85,7.15,32,35,core-preseason-v1
2026-09-15T12:02:16+00:00,2026,4,core,2026,regular,2,Western Kentucky,Conference USA,-12.16,-4.37,7.79,95,68,core-preseason-v1
2026-09-15T12:02:16+00:00,2026,4,core,2026,regular,2,Ball State,Mid-American,-12.2,-6.43,5.78,34,44,core-preseason-v1
2026-09-15T12:02:16+00:00,2026,4,core,2026,regular,2,UL Monroe,Sun Belt,-12.62,-5.83,6.79,93,117,core-preseason-v1
2026-09-22T12:02:08+00:00,2026,5,core,2026,regular,3,Alabama,SEC,23.47,10.11,-13.36,182,148,core-preseason-v1
2026-09-22T12:02:08+00:00,2026,5,core,2026,regular,3,Notre Dame,FBS Independents,21.86,8.62,-13.24,156,122,core-preseason-v1
2026-09-22T12:02:08+00:00,2026,5,core,2026,regular,3,Ohio State,Big Ten,21.38,8.1,-13.28,147,139,core-preseason-v1
2026-09-22T12:02:08+00:00,2026,5,core,2026,regular,3,Mississippi State,SEC,20.33,14.63,-5.7,162,168,core-preseason-v1
2026-09-22T12:02:08+00:00,2026,5,core,2026,regular,3,Penn State,Big Ten,18.16,9.18,-8.98,142,116,core-preseason-v1
2026-09-22T12:02:08+00:00,2026,5,core,2026,regular,3,Georgia,SEC,16.88,9.42,-7.46,75,67,core-preseason-v1
2026-09-22T12:02:08+00:00,2026,5,core,2026,regular,3,LSU,SEC,16.84,2.4,-14.44,198,138,core-preseason-v1
2026-09-22T12:02:08+00:00,2026,5,core,2026,regular,3,Missouri,SEC,16.07,4.16,-11.9,117,136,core-preseason-v1
2026-09-22T12:02:08+00:00,2026,5,core,2026,regular,3,BYU,Big 12,15.45,11,-4.45,96,103,core-preseason-v1
2026-09-22T12:02:08+00:00,2026,5,core,2026,regular,3,UCLA,Big Ten,13.36,9.86,-3.51,199,197,core-preseason-v1
2026-09-22T12:02:08+00:00,2026,5,core,2026,regular,3,Indiana,Big Ten,12.73,6.35,-6.38,93,108,core-preseason-v1
2026-09-22T12:02:08+00:00,2026,5,core,2026,regular,3,Nebraska,Big Ten,12.67,7.8,-4.87,113,84,core-preseason-v1
2026-09-22T12:02:08+00:00,2026,5,core,2026,regular,3,Michigan,Big Ten,12.46,3.47,-8.99,163,161,core-preseason-v1
2026-09-22T12:02:08+00:00,2026,5,core,2026,regular,3,Miami,ACC,11.94,7.61,-4.33,110,96,core-preseason-v1
2026-09-22T12:02:08+00:00,2026,5,core,2026,regular,3,Tennessee,SEC,11.74,8.25,-3.49,122,107,core-preseason-v1
2026-09-22T12:02:08+00:00,2026,5,core,2026,regular,3,Florida,SEC,11.72,9.89,-1.82,115,123,core-preseason-v1
2026-09-22T12:02:08+00:00,2026,5,core,2026,regular,3,USC,Big Ten,11.71,13.43,1.72,232,171,core-preseason-v1
2026-09-22T12:02:08+00:00,2026,5,core,2026,regular,3,Utah,Big 12,11.11,7.01,-4.1,90,74,core-preseason-v1
2026-09-22T12:02:08+00:00,2026,5,core,2026,regular,3,Duke,ACC,10.25,3.02,-7.23,196,166,core-preseason-v1
2026-09-22T12:02:08+00:00,2026,5,core,2026,regular,3,Oklahoma,SEC,9.98,-0.33,-10.31,152,148,core-preseason-v1
2026-09-22T12:02:08+00:00,2026,5,core,2026,regular,3,Iowa State,Big 12,9.95,3.75,-6.21,93,90,core-preseason-v1
2026-09-22T12:02:08+00:00,2026,5,core,2026,regular,3,Kansas State,Big 12,9.48,4.92,-4.56,126,95,core-preseason-v1
2026-09-22T12:02:08+00:00,2026,5,core,2026,regular,3,Ole Miss,SEC,8.95,11.86,2.91,193,180,core-preseason-v1
2026-09-22T12:02:08+00:00,2026,5,core,2026,regular,3,Texas,SEC,8.55,2.41,-6.14,202,142,core-preseason-v1
2026-09-22T12:02:08+00:00,2026,5,core,2026,regular,3,South Florida,American Athletic,8.53,4.53,-4,111,137,core-preseason-v1
2026-09-22T12:02:08+00:00,2026,5,core,2026,regular,3,Iowa,Big Ten,8.34,-0.01,-8.34,109,74,core-preseason-v1
2026-09-22T12:02:08+00:00,2026,5,core,2026,regular,3,Pittsburgh,ACC,8.27,1.5,-6.77,183,160,core-preseason-v1
2026-09-22T12:02:08+00:00,2026,5,core,2026,regular,3,Vanderbilt,SEC,8.21,3.51,-4.7,124,145,core-preseason-v1
2026-09-22T12:02:08+00:00,2026,5,core,2026,regular,3,Louisville,ACC,8.13,7.53,-0.6,127,154,core-preseason-v1
2026-09-22T12:02:08+00:00,2026,5,core,2026,regular,3,Fresno State,Pac-12,8.06,1.19,-6.87,130,134,core-preseason-v1
2026-09-22T12:02:08+00:00,2026,5,core,2026,regular,3,James Madison,Sun Belt,7.39,2.77,-4.62,123,143,core-preseason-v1
2026-09-22T12:02:08+00:00,2026,5,core,2026,regular,3,Texas Tech,Big 12,7.33,5.67,-1.66,132,146,core-preseason-v1
2026-09-22T12:02:08+00:00,2026,5,core,2026,regular,3,Washington,Big Ten,6.94,-1.96,-8.9,136,113,core-preseason-v1
2026-09-22T12:02:08+00:00,2026,5,core,2026,regular,3,Auburn,SEC,5.69,1.83,-3.86,206,214,core-preseason-v1
2026-09-22T12:02:08+00:00,2026,5,core,2026,regular,3,Wake Forest,ACC,5.44,2.7,-2.74,176,184,core-preseason-v1
2026-09-22T12:02:08+00:00,2026,5,core,2026,regular,3,North Dakota State,Mountain West,4.64,1.02,-3.62,168,167,core-preseason-v1
2026-09-22T12:02:08+00:00,2026,5,core,2026,regular,3,Maryland,Big Ten,4.49,5.41,0.92,129,120,core-preseason-v1
2026-09-22T12:02:08+00:00,2026,5,core,2026,regular,3,Arizona,Big 12,4.06,6,1.94,109,107,core-preseason-v1
2026-09-22T12:02:08+00:00,2026,5,core,2026,regular,3,Texas State,Pac-12,3.93,10.63,6.7,186,209,core-preseason-v1
2026-09-22T12:02:08+00:00,2026,5,core,2026,regular,3,Oregon,Big Ten,3.89,-1.74,-5.63,123,150,core-preseason-v1
2026-09-22T12:02:08+00:00,2026,5,core,2026,regular,3,TCU,Big 12,3.73,-4.05,-7.78,137,108,core-preseason-v1
2026-09-22T12:02:08+00:00,2026,5,core,2026,regular,3,Massachusetts,Mid-American,3.47,0.8,-2.66,63,49,core-preseason-v1
2026-09-22T12:02:08+00:00,2026,5,core,2026,regular,3,Baylor,Big 12,3.46,1.52,-1.95,165,150,core-preseason-v1
2026-09-22T12:02:08+00:00,2026,5,core,2026,regular,3,South Carolina,SEC,3.45,3.74,0.29,114,91,core-preseason-v1
2026-09-22T12:02:08+00:00,2026,5,core,2026,regular,3,Texas A&M,SEC,3.39,-0.97,-4.36,203,136,core-preseason-v1
2026-09-22T12:02:08+00:00,2026,5,core,2026,regular,3,Wisconsin,Big Ten,3.02,2.25,-0.77,102,102,core-preseason-v1
2026-09-22T12:02:08+00:00,2026,5,core,2026,regular,3,East Carolina,American Athletic,2.99,-1.99,-4.98,162,192,core-preseason-v1
2026-09-22T12:02:08+00:00,2026,5,core,2026,regular,3,Tulsa,American Athletic,2.86,-0.9,-3.75,128,148,core-preseason-v1
2026-09-22T12:02:08+00:00,2026,5,core,2026,regular,3,Virginia Tech,ACC,2.54,5.36,2.82,137,93,core-preseason-v1
2026-09-22T12:02:08+00:00,2026,5,core,2026,regular,3,Northwestern,Big Ten,2.49,0.99,-1.5,55,50,core-preseason-v1
2026-09-22T12:02:08+00:00,2026,5,core,2026,regular,3,SMU,ACC,1.96,3.48,1.52,145,126,core-preseason-v1
2026-09-22T12:02:08+00:00,2026,5,core,2026,regular,3,UConn,FBS Independents,1.95,-0.35,-2.31,102,118,core-preseason-v1
2026-09-22T12:02:08+00:00,2026,5,core,2026,regular,3,Middle Tennessee,Conference USA,1.89,-0.6,-2.49,136,118,core-preseason-v1
2026-09-22T12:02:08+00:00,2026,5,core,2026,regular,3,Houston,Big 12,1.72,4.07,2.35,147,131,core-preseason-v1
2026-09-22T12:02:08+00:00,2026,5,core,2026,regular,3,Air Force,Mountain West,1.57,5.53,3.96,66,60,core-preseason-v1
2026-09-22T12:02:08+00:00,2026,5,core,2026,regular,3,Toledo,Mid-American,1.16,2.76,1.59,113,153,core-preseason-v1
2026-09-22T12:02:08+00:00,2026,5,core,2026,regular,3,Memphis,American Athletic,1.13,7.05,5.92,172,211,core-preseason-v1
2026-09-22T12:02:08+00:00,2026,5,core,2026,regular,3,Coastal Carolina,Sun Belt,0.99,3.66,2.67,125,138,core-preseason-v1
2026-09-22T12:02:08+00:00,2026,5,core,2026,regular,3,Kentucky,SEC,0.89,-3.16,-4.05,113,140,core-preseason-v1
2026-09-22T12:02:08+00:00,2026,5,core,2026,regular,3,Boise State,Pac-12,0.81,3.45,2.64,140,114,core-preseason-v1
2026-09-22T12:02:08+00:00,2026,5,core,2026,regular,3,West Virginia,Big 12,0.7,1.56,0.87,143,134,core-preseason-v1
2026-09-22T12:02:08+00:00,2026,5,core,2026,regular,3,UTSA,American Athletic,0.41,-2.11,-2.52,115,151,core-preseason-v1
2026-09-22T12:02:08+00:00,2026,5,core,2026,regular,3,Illinois,Big Ten,0.23,6.19,5.95,111,123,core-preseason-v1
2026-09-22T12:02:08+00:00,2026,5,core,2026,regular,3,Clemson,ACC,0.19,-4.57,-4.76,166,196,core-preseason-v1
2026-09-22T12:02:08+00:00,2026,5,core,2026,regular,3,Virginia,ACC,0.15,0.59,0.44,132,105,core-preseason-v1
2026-09-22T12:02:08+00:00,2026,5,core,2026,regular,3,Tulane,American Athletic,0.11,-0.75,-0.86,163,212,core-preseason-v1
2026-09-22T12:02:08+00:00,2026,5,core,2026,regular,3,Purdue,Big Ten,-0.13,8.74,8.88,126,138,core-preseason-v1
2026-09-22T12:02:08+00:00,2026,5,core,2026,regular,3,Louisiana,Sun Belt,-0.38,-2.2,-1.82,111,128,core-preseason-v1
2026-09-22T12:02:08+00:00,2026,5,core,2026,regular,3,Cincinnati,Big 12,-0.55,2.35,2.9,137,123,core-preseason-v1
2026-09-22T12:02:08+00:00,2026,5,core,2026,regular,3,Liberty,Conference USA,-0.58,2.45,3.03,123,91,core-preseason-v1
2026-09-22T12:02:08+00:00,2026,5,core,2026,regular,3,Troy,Sun Belt,-0.64,-2.2,-1.56,137,117,core-preseason-v1
2026-09-22T12:02:08+00:00,2026,5,core,2026,regular,3,UCF,Big 12,-0.77,-4.36,-3.6,108,154,core-preseason-v1
2026-09-22T12:02:08+00:00,2026,5,core,2026,regular,3,Old Dominion,Sun Belt,-1.39,-9.24,-7.84,91,127,core-preseason-v1
2026-09-22T12:02:08+00:00,2026,5,core,2026,regular,3,Georgia Tech,ACC,-1.48,-0.41,1.07,124,140,core-preseason-v1
2026-09-22T12:02:08+00:00,2026,5,core,2026,regular,3,North Texas,American Athletic,-1.7,7.34,9.04,189,172,core-preseason-v1
2026-09-22T12:02:08+00:00,2026,5,core,2026,regular,3,Miami (OH),Mid-American,-1.81,4.23,6.04,93,128,core-preseason-v1
2026-09-22T12:02:08+00:00,2026,5,core,2026,regular,3,Western Michigan,Mid-American,-1.82,-2.62,-0.81,130,109,core-preseason-v1
2026-09-22T12:02:08+00:00,2026,5,core,2026,regular,3,Michigan State,Big Ten,-1.85,-1.81,0.04,189,157,core-preseason-v1
2026-09-22T12:02:08+00:00,2026,5,core,2026,regular,3,Georgia State,Sun Belt,-1.91,2.08,3.99,151,111,core-preseason-v1
2026-09-22T12:02:08+00:00,2026,5,core,2026,regular,3,New Mexico,Mountain West,-2.77,-5.41,-2.64,115,82,core-preseason-v1
2026-09-22T12:02:08+00:00,2026,5,core,2026,regular,3,Sam Houston,Conference USA,-3.05,-3.11,-0.06,134,138,core-preseason-v1
2026-09-22T12:02:08+00:00,2026,5,core,2026,regular,3,Oklahoma State,Big 12,-3.23,-6.17,-2.94,169,116,core-preseason-v1
2026-09-22T12:02:08+00:00,2026,5,core,2026,regular,3,Kansas,Big 12,-3.24,-3.43,-0.19,137,136,core-preseason-v1
2026-09-22T12:02:08+00:00,2026,5,core,2026,regular,3,Delaware,Conference USA,-3.24,-2.88,0.36,130,130,core-preseason-v1
2026-09-22T12:02:08+00:00,2026,5,core,2026,regular,3,App State,Sun Belt,-3.36,-0.81,2.56,146,130,core-preseason-v1
2026-09-22T12:02:08+00:00,2026,5,core,2026,regular,3,UAB,American Athletic,-3.47,-4.59,-1.12,190,175,core-preseason-v1
2026-09-22T12:02:08+00:00,2026,5,core,2026,regular,3,San José State,Mountain West,-3.47,-5.73,-2.26,182,194,core-preseason-v1
2026-09-22T12:02:08+00:00,2026,5,core,2026,regular,3,Central Michigan,Mid-American,-3.47,-0.83,2.64,90,115,core-preseason-v1
2026-09-22T12:02:08+00:00,2026,5,core,2026,regular,3,Army,American Athletic,-3.56,2.02,5.58,62,55,core-preseason-v1
2026-09-22T12:02:08+00:00,2026,5,core,2026,regular,3,Minnesota,Big Ten,-3.68,-3.32,0.37,106,100,core-preseason-v1
2026-09-22T12:02:08+00:00,2026,5,core,2026,regular,3,Syracuse,ACC,-3.76,-6.38,-2.62,153,120,core-preseason-v1
2026-09-22T12:02:08+00:00,2026,5,core,2026,regular,3,San Diego State,Pac-12,-3.81,-8.73,-4.92,132,139,core-preseason-v1
2026-09-22T12:02:08+00:00,2026,5,core,2026,regular,3,Florida State,ACC,-3.9,4.07,7.97,195,197,core-preseason-v1
2026-09-22T12:02:08+00:00,2026,5,core,2026,regular,3,Rutgers,Big Ten,-3.93,0.81,4.74,184,186,core-preseason-v1
2026-09-22T12:02:08+00:00,2026,5,core,2026,regular,3,Temple,American Athletic,-4.18,0.59,4.77,114,135,core-preseason-v1
2026-09-22T12:02:08+00:00,2026,5,core,2026,regular,3,Utah State,Pac-12,-4.38,-5.01,-0.63,90,128,core-preseason-v1
2026-09-22T12:02:08+00:00,2026,5,core,2026,regular,3,Nevada,Mountain West,-4.47,-1.08,3.38,100,135,core-preseason-v1
2026-09-22T12:02:08+00:00,2026,5,core,2026,regular,3,Florida International,Conference USA,-4.79,-8.88,-4.09,229,191,core-preseason-v1
2026-09-22T12:02:08+00:00,2026,5,core,2026,regular,3,Florida Atlantic,American Athletic,-4.9,-2.83,2.07,191,162,core-preseason-v1
2026-09-22T12:02:08+00:00,2026,5,core,2026,regular,3,Stanford,ACC,-5.05,0.06,5.11,149,182,core-preseason-v1
2026-09-22T12:02:08+00:00,2026,5,core,2026,regular,3,Colorado,Big 12,-5.57,-4.12,1.45,124,108,core-preseason-v1
2026-09-22T12:02:08+00:00,2026,5,core,2026,regular,3,Oregon State,Pac-12,-5.65,-4.27,1.38,144,146,core-preseason-v1
2026-09-22T12:02:08+00:00,2026,5,core,2026,regular,3,North Carolina,ACC,-5.72,-3.4,2.32,125,134,core-preseason-v1
2026-09-22T12:02:08+00:00,2026,5,core,2026,regular,3,Navy,American Athletic,-5.96,-2.94,3.02,46,67,core-preseason-v1
2026-09-22T12:02:08+00:00,2026,5,core,2026,regular,3,Ohio,Mid-American,-6.24,2.22,8.46,180,207,core-preseason-v1
2026-09-22T12:02:08+00:00,2026,5,core,2026,regular,3,South Alabama,Sun Belt,-6.37,4.19,10.56,142,109,core-preseason-v1
2026-09-22T12:02:08+00:00,2026,5,core,2026,regular,3,Jacksonville State,Conference USA,-6.52,-2.11,4.42,153,186,core-preseason-v1
2026-09-22T12:02:08+00:00,2026,5,core,2026,regular,3,Boston College,ACC,-6.55,-4.18,2.37,128,127,core-preseason-v1
2026-09-22T12:02:08+00:00,2026,5,core,2026,regular,3,Georgia Southern,Sun Belt,-6.79,-5.08,1.71,138,121,core-preseason-v1
2026-09-22T12:02:08+00:00,2026,5,core,2026,regular,3,Arizona State,Big 12,-6.82,-7.44,-0.62,125,126,core-preseason-v1
2026-09-22T12:02:08+00:00,2026,5,core,2026,regular,3,Washington State,Pac-12,-7.11,-8.04,-0.93,93,124,core-preseason-v1
2026-09-22T12:02:08+00:00,2026,5,core,2026,regular,3,Marshall,Sun Belt,-7.25,2.48,9.73,166,171,core-preseason-v1
2026-09-22T12:02:08+00:00,2026,5,core,2026,regular,3,Hawai'i,Mountain West,-7.93,-6.24,1.69,223,200,core-preseason-v1
2026-09-22T12:02:08+00:00,2026,5,core,2026,regular,3,California,ACC,-7.96,-7.09,0.88,145,136,core-preseason-v1
2026-09-22T12:02:08+00:00,2026,5,core,2026,regular,3,Louisiana Tech,Sun Belt,-7.98,-10.63,-2.64,112,136,core-preseason-v1
2026-09-22T12:02:08+00:00,2026,5,core,2026,regular,3,Charlotte,American Athletic,-7.99,-7.03,0.95,103,119,core-preseason-v1
2026-09-22T12:02:08+00:00,2026,5,core,2026,regular,3,Kennesaw State,Conference USA,-8.13,-2,6.13,91,124,core-preseason-v1
2026-09-22T12:02:08+00:00,2026,5,core,2026,regular,3,UNLV,Mountain West,-8.68,-7.08,1.6,198,181,core-preseason-v1
2026-09-22T12:02:08+00:00,2026,5,core,2026,regular,3,Wyoming,Mountain West,-9.08,-3.05,6.03,109,132,core-preseason-v1
2026-09-22T12:02:08+00:00,2026,5,core,2026,regular,3,Colorado State,Pac-12,-9.33,-2,7.33,108,92,core-preseason-v1
2026-09-22T12:02:08+00:00,2026,5,core,2026,regular,3,NC State,ACC,-9.35,-2.14,7.22,115,117,core-preseason-v1
2026-09-22T12:02:08+00:00,2026,5,core,2026,regular,3,Rice,American Athletic,-9.71,-6.54,3.17,86,92,core-preseason-v1
2026-09-22T12:02:08+00:00,2026,5,core,2026,regular,3,Arkansas,SEC,-9.79,-3.69,6.1,81,86,core-preseason-v1
2026-09-22T12:02:08+00:00,2026,5,core,2026,regular,3,Sacramento State,Mid-American,-10.57,-9.38,1.18,152,163,core-preseason-v1
2026-09-22T12:02:08+00:00,2026,5,core,2026,regular,3,New Mexico State,Conference USA,-10.92,-5.37,5.55,131,139,core-preseason-v1
2026-09-22T12:02:08+00:00,2026,5,core,2026,regular,3,Buffalo,Mid-American,-11.83,-7.45,4.38,106,119,core-preseason-v1
2026-09-22T12:02:08+00:00,2026,5,core,2026,regular,3,Missouri State,Conference USA,-12.08,-3.52,8.57,88,136,core-preseason-v1
2026-09-22T12:02:08+00:00,2026,5,core,2026,regular,3,Arkansas State,Sun Belt,-12.54,-4.29,8.26,109,129,core-preseason-v1
2026-09-22T12:02:08+00:00,2026,5,core,2026,regular,3,Akron,Mid-American,-12.65,-10.24,2.41,96,104,core-preseason-v1
2026-09-22T12:02:08+00:00,2026,5,core,2026,regular,3,Southern Miss,Sun Belt,-13.36,-8.47,4.89,94,124,core-preseason-v1
2026-09-22T12:02:08+00:00,2026,5,core,2026,regular,3,Eastern Michigan,Mid-American,-13.55,-8.66,4.89,226,250,core-preseason-v1
2026-09-22T12:02:08+00:00,2026,5,core,2026,regular,3,UL Monroe,Sun Belt,-15.03,-7.53,7.5,93,117,core-preseason-v1
2026-09-22T12:02:08+00:00,2026,5,core,2026,regular,3,UTEP,Mountain West,-15.51,-6.52,8.99,66,91,core-preseason-v1
2026-09-22T12:02:08+00:00,2026,5,core,2026,regular,3,Northern Illinois,Mountain West,-16.02,-7.09,8.93,72,97,core-preseason-v1
2026-09-22T12:02:08+00:00,2026,5,core,2026,regular,3,Ball State,Mid-American,-16.4,-5.16,11.24,75,101,core-preseason-v1
2026-09-22T12:02:08+00:00,2026,5,core,2026,regular,3,Bowling Green,Mid-American,-18.53,-8.74,9.79,53,79,core-preseason-v1
2026-09-22T12:02:08+00:00,2026,5,core,2026,regular,3,Kent State,Mid-American,-19.07,-9.89,9.17,60,76,core-preseason-v1
2026-09-22T12:02:08+00:00,2026,5,core,2026,regular,3,Western Kentucky,Conference USA,-22.33,-11.27,11.05,145,117,core-preseason-v1
2026-09-24T13:53:41+00:00,2026,4,core,2026,regular,3,Alabama,SEC,23.47,10.11,-13.36,182,148,core-preseason-v1
2026-09-24T13:53:41+00:00,2026,4,core,2026,regular,3,Notre Dame,FBS Independents,21.86,8.62,-13.24,156,122,core-preseason-v1
2026-09-24T13:53:41+00:00,2026,4,core,2026,regular,3,Ohio State,Big Ten,21.38,8.1,-13.28,147,139,core-preseason-v1
2026-09-24T13:53:41+00:00,2026,4,core,2026,regular,3,Mississippi State,SEC,20.33,14.63,-5.7,162,168,core-preseason-v1
2026-09-24T13:53:41+00:00,2026,4,core,2026,regular,3,Penn State,Big Ten,18.16,9.18,-8.98,142,116,core-preseason-v1
2026-09-24T13:53:41+00:00,2026,4,core,2026,regular,3,Georgia,SEC,16.88,9.42,-7.46,75,67,core-preseason-v1
2026-09-24T13:53:41+00:00,2026,4,core,2026,regular,3,LSU,SEC,16.84,2.4,-14.44,198,138,core-preseason-v1
2026-09-24T13:53:41+00:00,2026,4,core,2026,regular,3,Missouri,SEC,16.07,4.16,-11.9,117,136,core-preseason-v1
2026-09-24T13:53:41+00:00,2026,4,core,2026,regular,3,BYU,Big 12,15.45,11,-4.45,96,103,core-preseason-v1
2026-09-24T13:53:41+00:00,2026,4,core,2026,regular,3,UCLA,Big Ten,13.36,9.86,-3.51,199,197,core-preseason-v1
2026-09-24T13:53:41+00:00,2026,4,core,2026,regular,3,Indiana,Big Ten,12.73,6.35,-6.38,93,108,core-preseason-v1
2026-09-24T13:53:41+00:00,2026,4,core,2026,regular,3,Nebraska,Big Ten,12.67,7.8,-4.87,113,84,core-preseason-v1
2026-09-24T13:53:41+00:00,2026,4,core,2026,regular,3,Michigan,Big Ten,12.46,3.47,-8.99,163,161,core-preseason-v1
2026-09-24T13:53:41+00:00,2026,4,core,2026,regular,3,Miami,ACC,11.94,7.61,-4.33,110,96,core-preseason-v1
2026-09-24T13:53:41+00:00,2026,4,core,2026,regular,3,Tennessee,SEC,11.74,8.25,-3.49,122,107,core-preseason-v1
2026-09-24T13:53:41+00:00,2026,4,core,2026,regular,3,Florida,SEC,11.72,9.89,-1.82,115,123,core-preseason-v1
2026-09-24T13:53:41+00:00,2026,4,core,2026,regular,3,USC,Big Ten,11.71,13.43,1.72,232,171,core-preseason-v1
2026-09-24T13:53:41+00:00,2026,4,core,2026,regular,3,Utah,Big 12,11.11,7.01,-4.1,90,74,core-preseason-v1
2026-09-24T13:53:41+00:00,2026,4,core,2026,regular,3,Duke,ACC,10.25,3.02,-7.23,196,166,core-preseason-v1
2026-09-24T13:53:41+00:00,2026,4,core,2026,regular,3,Oklahoma,SEC,9.98,-0.33,-10.31,152,148,core-preseason-v1
2026-09-24T13:53:41+00:00,2026,4,core,2026,regular,3,Iowa State,Big 12,9.95,3.75,-6.21,93,90,core-preseason-v1
2026-09-24T13:53:41+00:00,2026,4,core,2026,regular,3,Kansas State,Big 12,9.48,4.92,-4.56,126,95,core-preseason-v1
2026-09-24T13:53:41+00:00,2026,4,core,2026,regular,3,Ole Miss,SEC,8.95,11.86,2.91,193,180,core-preseason-v1
2026-09-24T13:53:41+00:00,2026,4,core,2026,regular,3,Texas,SEC,8.55,2.41,-6.14,202,142,core-preseason-v1
2026-09-24T13:53:41+00:00,2026,4,core,2026,regular,3,South Florida,American Athletic,8.53,4.53,-4,111,137,core-preseason-v1
2026-09-24T13:53:41+00:00,2026,4,core,2026,regular,3,Iowa,Big Ten,8.34,-0.01,-8.34,109,74,core-preseason-v1
2026-09-24T13:53:41+00:00,2026,4,core,2026,regular,3,Pittsburgh,ACC,8.27,1.5,-6.77,183,160,core-preseason-v1
2026-09-24T13:53:41+00:00,2026,4,core,2026,regular,3,Vanderbilt,SEC,8.21,3.51,-4.7,124,145,core-preseason-v1
2026-09-24T13:53:41+00:00,2026,4,core,2026,regular,3,Louisville,ACC,8.13,7.53,-0.6,127,154,core-preseason-v1
2026-09-24T13:53:41+00:00,2026,4,core,2026,regular,3,Fresno State,Pac-12,8.06,1.19,-6.87,130,134,core-preseason-v1
2026-09-24T13:53:41+00:00,2026,4,core,2026,regular,3,James Madison,Sun Belt,7.39,2.77,-4.62,123,143,core-preseason-v1
2026-09-24T13:53:41+00:00,2026,4,core,2026,regular,3,Texas Tech,Big 12,7.33,5.67,-1.66,132,146,core-preseason-v1
2026-09-24T13:53:41+00:00,2026,4,core,2026,regular,3,Washington,Big Ten,6.94,-1.96,-8.9,136,113,core-preseason-v1
2026-09-24T13:53:41+00:00,2026,4,core,2026,regular,3,Auburn,SEC,5.69,1.83,-3.86,206,214,core-preseason-v1
2026-09-24T13:53:41+00:00,2026,4,core,2026,regular,3,Wake Forest,ACC,5.44,2.7,-2.74,176,184,core-preseason-v1
2026-09-24T13:53:41+00:00,2026,4,core,2026,regular,3,North Dakota State,Mountain West,4.64,1.02,-3.62,168,167,core-preseason-v1
2026-09-24T13:53:41+00:00,2026,4,core,2026,regular,3,Maryland,Big Ten,4.49,5.41,0.92,129,120,core-preseason-v1
2026-09-24T13:53:41+00:00,2026,4,core,2026,regular,3,Arizona,Big 12,4.06,6,1.94,109,107,core-preseason-v1
2026-09-24T13:53:41+00:00,2026,4,core,2026,regular,3,Texas State,Pac-12,3.93,10.63,6.7,186,209,core-preseason-v1
2026-09-24T13:53:41+00:00,2026,4,core,2026,regular,3,Oregon,Big Ten,3.89,-1.74,-5.63,123,150,core-preseason-v1
2026-09-24T13:53:41+00:00,2026,4,core,2026,regular,3,TCU,Big 12,3.73,-4.05,-7.78,137,108,core-preseason-v1
2026-09-24T13:53:41+00:00,2026,4,core,2026,regular,3,Massachusetts,Mid-American,3.47,0.8,-2.66,63,49,core-preseason-v1
2026-09-24T13:53:41+00:00,2026,4,core,2026,regular,3,Baylor,Big 12,3.46,1.52,-1.95,165,150,core-preseason-v1
2026-09-24T13:53:41+00:00,2026,4,core,2026,regular,3,South Carolina,SEC,3.45,3.74,0.29,114,91,core-preseason-v1
2026-09-24T13:53:41+00:00,2026,4,core,2026,regular,3,Texas A&M,SEC,3.39,-0.97,-4.36,203,136,core-preseason-v1
2026-09-24T13:53:41+00:00,2026,4,core,2026,regular,3,Wisconsin,Big Ten,3.02,2.25,-0.77,102,102,core-preseason-v1
2026-09-24T13:53:41+00:00,2026,4,core,2026,regular,3,East Carolina,American Athletic,2.99,-1.99,-4.98,162,192,core-preseason-v1
2026-09-24T13:53:41+00:00,2026,4,core,2026,regular,3,Tulsa,American Athletic,2.86,-0.9,-3.75,128,148,core-preseason-v1
2026-09-24T13:53:41+00:00,2026,4,core,2026,regular,3,Virginia Tech,ACC,2.54,5.36,2.82,137,93,core-preseason-v1
2026-09-24T13:53:41+00:00,2026,4,core,2026,regular,3,Northwestern,Big Ten,2.49,0.99,-1.5,55,50,core-preseason-v1
2026-09-24T13:53:41+00:00,2026,4,core,2026,regular,3,SMU,ACC,1.96,3.48,1.52,145,126,core-preseason-v1
2026-09-24T13:53:41+00:00,2026,4,core,2026,regular,3,UConn,FBS Independents,1.95,-0.35,-2.31,102,118,core-preseason-v1
2026-09-24T13:53:41+00:00,2026,4,core,2026,regular,3,Middle Tennessee,Conference USA,1.89,-0.6,-2.49,136,118,core-preseason-v1
2026-09-24T13:53:41+00:00,2026,4,core,2026,regular,3,Houston,Big 12,1.72,4.07,2.35,147,131,core-preseason-v1
2026-09-24T13:53:41+00:00,2026,4,core,2026,regular,3,Air Force,Mountain West,1.57,5.53,3.96,66,60,core-preseason-v1
2026-09-24T13:53:41+00:00,2026,4,core,2026,regular,3,Toledo,Mid-American,1.16,2.76,1.59,113,153,core-preseason-v1
2026-09-24T13:53:41+00:00,2026,4,core,2026,regular,3,Memphis,American Athletic,1.13,7.05,5.92,172,211,core-preseason-v1
2026-09-24T13:53:41+00:00,2026,4,core,2026,regular,3,Coastal Carolina,Sun Belt,0.99,3.66,2.67,125,138,core-preseason-v1
2026-09-24T13:53:41+00:00,2026,4,core,2026,regular,3,Kentucky,SEC,0.89,-3.16,-4.05,113,140,core-preseason-v1
2026-09-24T13:53:41+00:00,2026,4,core,2026,regular,3,Boise State,Pac-12,0.81,3.45,2.64,140,114,core-preseason-v1
2026-09-24T13:53:41+00:00,2026,4,core,2026,regular,3,West Virginia,Big 12,0.7,1.56,0.87,143,134,core-preseason-v1
2026-09-24T13:53:41+00:00,2026,4,core,2026,regular,3,UTSA,American Athletic,0.41,-2.11,-2.52,115,151,core-preseason-v1
2026-09-24T13:53:41+00:00,2026,4,core,2026,regular,3,Illinois,Big Ten,0.23,6.19,5.95,111,123,core-preseason-v1
2026-09-24T13:53:41+00:00,2026,4,core,2026,regular,3,Clemson,ACC,0.19,-4.57,-4.76,166,196,core-preseason-v1
2026-09-24T13:53:41+00:00,2026,4,core,2026,regular,3,Virginia,ACC,0.15,0.59,0.44,132,105,core-preseason-v1
2026-09-24T13:53:41+00:00,2026,4,core,2026,regular,3,Tulane,American Athletic,0.11,-0.75,-0.86,163,212,core-preseason-v1
2026-09-24T13:53:41+00:00,2026,4,core,2026,regular,3,Purdue,Big Ten,-0.13,8.74,8.88,126,138,core-preseason-v1
2026-09-24T13:53:41+00:00,2026,4,core,2026,regular,3,Louisiana,Sun Belt,-0.38,-2.2,-1.82,111,128,core-preseason-v1
2026-09-24T13:53:41+00:00,2026,4,core,2026,regular,3,Cincinnati,Big 12,-0.55,2.35,2.9,137,123,core-preseason-v1
2026-09-24T13:53:41+00:00,2026,4,core,2026,regular,3,Liberty,Conference USA,-0.58,2.45,3.03,123,91,core-preseason-v1
2026-09-24T13:53:41+00:00,2026,4,core,2026,regular,3,Troy,Sun Belt,-0.64,-2.2,-1.56,137,117,core-preseason-v1
2026-09-24T13:53:41+00:00,2026,4,core,2026,regular,3,UCF,Big 12,-0.77,-4.36,-3.6,108,154,core-preseason-v1
2026-09-24T13:53:41+00:00,2026,4,core,2026,regular,3,Old Dominion,Sun Belt,-1.39,-9.24,-7.84,91,127,core-preseason-v1
2026-09-24T13:53:41+00:00,2026,4,core,2026,regular,3,Georgia Tech,ACC,-1.48,-0.41,1.07,124,140,core-preseason-v1
2026-09-24T13:53:41+00:00,2026,4,core,2026,regular,3,North Texas,American Athletic,-1.7,7.34,9.04,189,172,core-preseason-v1
2026-09-24T13:53:41+00:00,2026,4,core,2026,regular,3,Miami (OH),Mid-American,-1.81,4.23,6.04,93,128,core-preseason-v1
2026-09-24T13:53:41+00:00,2026,4,core,2026,regular,3,Western Michigan,Mid-American,-1.82,-2.62,-0.81,130,109,core-preseason-v1
2026-09-24T13:53:41+00:00,2026,4,core,2026,regular,3,Michigan State,Big Ten,-1.85,-1.81,0.04,189,157,core-preseason-v1
2026-09-24T13:53:41+00:00,2026,4,core,2026,regular,3,Georgia State,Sun Belt,-1.91,2.08,3.99,151,111,core-preseason-v1
2026-09-24T13:53:41+00:00,2026,4,core,2026,regular,3,New Mexico,Mountain West,-2.77,-5.41,-2.64,115,82,core-preseason-v1
2026-09-24T13:53:41+00:00,2026,4,core,2026,regular,3,Sam Houston,Conference USA,-3.05,-3.11,-0.06,134,138,core-preseason-v1
2026-09-24T13:53:41+00:00,2026,4,core,2026,regular,3,Oklahoma State,Big 12,-3.23,-6.17,-2.94,169,116,core-preseason-v1
2026-09-24T13:53:41+00:00,2026,4,core,2026,regular,3,Kansas,Big 12,-3.24,-3.43,-0.19,137,136,core-preseason-v1
2026-09-24T13:53:41+00:00,2026,4,core,2026,regular,3,Delaware,Conference USA,-3.24,-2.88,0.36,130,130,core-preseason-v1
2026-09-24T13:53:41+00:00,2026,4,core,2026,regular,3,App State,Sun Belt,-3.36,-0.81,2.56,146,130,core-preseason-v1
2026-09-24T13:53:41+00:00,2026,4,core,2026,regular,3,UAB,American Athletic,-3.47,-4.59,-1.12,190,175,core-preseason-v1
2026-09-24T13:53:41+00:00,2026,4,core,2026,regular,3,San José State,Mountain West,-3.47,-5.73,-2.26,182,194,core-preseason-v1
2026-09-24T13:53:41+00:00,2026,4,core,2026,regular,3,Central Michigan,Mid-American,-3.47,-0.83,2.64,90,115,core-preseason-v1
2026-09-24T13:53:41+00:00,2026,4,core,2026,regular,3,Army,American Athletic,-3.56,2.02,5.58,62,55,core-preseason-v1
2026-09-24T13:53:41+00:00,2026,4,core,2026,regular,3,Minnesota,Big Ten,-3.68,-3.32,0.37,106,100,core-preseason-v1
2026-09-24T13:53:41+00:00,2026,4,core,2026,regular,3,Syracuse,ACC,-3.76,-6.38,-2.62,153,120,core-preseason-v1
2026-09-24T13:53:41+00:00,2026,4,core,2026,regular,3,San Diego State,Pac-12,-3.81,-8.73,-4.92,132,139,core-preseason-v1
2026-09-24T13:53:41+00:00,2026,4,core,2026,regular,3,Florida State,ACC,-3.9,4.07,7.97,195,197,core-preseason-v1
2026-09-24T13:53:41+00:00,2026,4,core,2026,regular,3,Rutgers,Big Ten,-3.93,0.81,4.74,184,186,core-preseason-v1
2026-09-24T13:53:41+00:00,2026,4,core,2026,regular,3,Temple,American Athletic,-4.18,0.59,4.77,114,135,core-preseason-v1
2026-09-24T13:53:41+00:00,2026,4,core,2026,regular,3,Utah State,Pac-12,-4.38,-5.01,-0.63,90,128,core-preseason-v1
2026-09-24T13:53:41+00:00,2026,4,core,2026,regular,3,Nevada,Mountain West,-4.47,-1.08,3.38,100,135,core-preseason-v1
2026-09-24T13:53:41+00:00,2026,4,core,2026,regular,3,Florida International,Conference USA,-4.79,-8.88,-4.09,229,191,core-preseason-v1
2026-09-24T13:53:41+00:00,2026,4,core,2026,regular,3,Florida Atlantic,American Athletic,-4.9,-2.83,2.07,191,162,core-preseason-v1
2026-09-24T13:53:41+00:00,2026,4,core,2026,regular,3,Stanford,ACC,-5.05,0.06,5.11,149,182,core-preseason-v1
2026-09-24T13:53:41+00:00,2026,4,core,2026,regular,3,Colorado,Big 12,-5.57,-4.12,1.45,124,108,core-preseason-v1
2026-09-24T13:53:41+00:00,2026,4,core,2026,regular,3,Oregon State,Pac-12,-5.65,-4.27,1.38,144,146,core-preseason-v1
2026-09-24T13:53:41+00:00,2026,4,core,2026,regular,3,North Carolina,ACC,-5.72,-3.4,2.32,125,134,core-preseason-v1
2026-09-24T13:53:41+00:00,2026,4,core,2026,regular,3,Navy,American Athletic,-5.96,-2.94,3.02,46,67,core-preseason-v1
2026-09-24T13:53:41+00:00,2026,4,core,2026,regular,3,Ohio,Mid-American,-6.24,2.22,8.46,180,207,core-preseason-v1
2026-09-24T13:53:41+00:00,2026,4,core,2026,regular,3,South Alabama,Sun Belt,-6.37,4.19,10.56,142,109,core-preseason-v1
2026-09-24T13:53:41+00:00,2026,4,core,2026,regular,3,Jacksonville State,Conference USA,-6.52,-2.11,4.42,153,186,core-preseason-v1
2026-09-24T13:53:41+00:00,2026,4,core,2026,regular,3,Boston College,ACC,-6.55,-4.18,2.37,128,127,core-preseason-v1
2026-09-24T13:53:41+00:00,2026,4,core,2026,regular,3,Georgia Southern,Sun Belt,-6.79,-5.08,1.71,138,121,core-preseason-v1
2026-09-24T13:53:41+00:00,2026,4,core,2026,regular,3,Arizona State,Big 12,-6.82,-7.44,-0.62,125,126,core-preseason-v1
2026-09-24T13:53:41+00:00,2026,4,core,2026,regular,3,Washington State,Pac-12,-7.11,-8.04,-0.93,93,124,core-preseason-v1
2026-09-24T13:53:41+00:00,2026,4,core,2026,regular,3,Marshall,Sun Belt,-7.25,2.48,9.73,166,171,core-preseason-v1
2026-09-24T13:53:41+00:00,2026,4,core,2026,regular,3,Hawai'i,Mountain West,-7.93,-6.24,1.69,223,200,core-preseason-v1
2026-09-24T13:53:41+00:00,2026,4,core,2026,regular,3,California,ACC,-7.96,-7.09,0.88,145,136,core-preseason-v1
2026-09-24T13:53:41+00:00,2026,4,core,2026,regular,3,Louisiana Tech,Sun Belt,-7.98,-10.63,-2.64,112,136,core-preseason-v1
2026-09-24T13:53:41+00:00,2026,4,core,2026,regular,3,Charlotte,American Athletic,-7.99,-7.03,0.95,103,119,core-preseason-v1
2026-09-24T13:53:41+00:00,2026,4,core,2026,regular,3,Kennesaw State,Conference USA,-8.13,-2,6.13,91,124,core-preseason-v1
2026-09-24T13:53:41+00:00,2026,4,core,2026,regular,3,UNLV,Mountain West,-8.68,-7.08,1.6,198,181,core-preseason-v1
2026-09-24T13:53:41+00:00,2026,4,core,2026,regular,3,Wyoming,Mountain West,-9.08,-3.05,6.03,109,132,core-preseason-v1
2026-09-24T13:53:41+00:00,2026,4,core,2026,regular,3,Colorado State,Pac-12,-9.33,-2,7.33,108,92,core-preseason-v1
2026-09-24T13:53:41+00:00,2026,4,core,2026,regular,3,NC State,ACC,-9.35,-2.14,7.22,115,117,core-preseason-v1
2026-09-24T13:53:41+00:00,2026,4,core,2026,regular,3,Rice,American Athletic,-9.71,-6.54,3.17,86,92,core-preseason-v1
2026-09-24T13:53:41+00:00,2026,4,core,2026,regular,3,Arkansas,SEC,-9.79,-3.69,6.1,81,86,core-preseason-v1
2026-09-24T13:53:41+00:00,2026,4,core,2026,regular,3,Sacramento State,Mid-American,-10.57,-9.38,1.18,152,163,core-preseason-v1
2026-09-24T13:53:41+00:00,2026,4,core,2026,regular,3,New Mexico State,Conference USA,-10.92,-5.37,5.55,131,139,core-preseason-v1
2026-09-24T13:53:41+00:00,2026,4,core,2026,regular,3,Buffalo,Mid-American,-11.83,-7.45,4.38,106,119,core-preseason-v1
2026-09-24T13:53:41+00:00,2026,4,core,2026,regular,3,Missouri State,Conference USA,-12.08,-3.52,8.57,88,136,core-preseason-v1
2026-09-24T13:53:41+00:00,2026,4,core,2026,regular,3,Arkansas State,Sun Belt,-12.54,-4.29,8.26,109,129,core-preseason-v1
2026-09-24T13:53:41+00:00,2026,4,core,2026,regular,3,Akron,Mid-American,-12.65,-10.24,2.41,96,104,core-preseason-v1
2026-09-24T13:53:41+00:00,2026,4,core,2026,regular,3,Southern Miss,Sun Belt,-13.36,-8.47,4.89,94,124,core-preseason-v1
2026-09-24T13:53:41+00:00,2026,4,core,2026,regular,3,Eastern Michigan,Mid-American,-13.55,-8.66,4.89,226,250,core-preseason-v1
2026-09-24T13:53:41+00:00,2026,4,core,2026,regular,3,UL Monroe,Sun Belt,-15.03,-7.53,7.5,93,117,core-preseason-v1
2026-09-24T13:53:41+00:00,2026,4,core,2026,regular,3,UTEP,Mountain West,-15.51,-6.52,8.99,66,91,core-preseason-v1
2026-09-24T13:53:41+00:00,2026,4,core,2026,regular,3,Northern Illinois,Mountain West,-16.02,-7.09,8.93,72,97,core-preseason-v1
2026-09-24T13:53:41+00:00,2026,4,core,2026,regular,3,Ball State,Mid-American,-16.4,-5.16,11.24,75,101,core-preseason-v1
2026-09-24T13:53:41+00:00,2026,4,core,2026,regular,3,Bowling Green,Mid-American,-18.53,-8.74,9.79,53,79,core-preseason-v1
2026-09-24T13:53:41+00:00,2026,4,core,2026,regular,3,Kent State,Mid-American,-19.07,-9.89,9.17,60,76,core-preseason-v1
2026-09-24T13:53:41+00:00,2026,4,core,2026,regular,3,Western Kentucky,Conference USA,-22.33,-11.27,11.05,145,117,core-preseason-v1
2026-09-28T13:46:49+00:00,2026,5,core,2026,regular,4,Notre Dame,FBS Independents,30.42,11.54,-18.88,187,158,core-v1
2026-09-28T13:46:49+00:00,2026,5,core,2026,regular,4,Alabama,SEC,25.35,12.01,-13.34,231,209,core-v1
2026-09-28T13:46:49+00:00,2026,5,core,2026,regular,4,Mississippi State,SEC,24.77,18.46,-6.32,239,243,core-v1
2026-09-28T13:46:49+00:00,2026,5,core,2026,regular,4,LSU,SEC,22.4,4.76,-17.64,241,183,core-v1
2026-09-28T13:46:49+00:00,2026,5,core,2026,regular,4,Utah,Big 12,21.49,12.4,-9.08,150,146,core-v1
2026-09-28T13:46:49+00:00,2026,5,core,2026,regular,4,Ohio State,Big Ten,20.55,13.77,-6.78,213,203,core-v1
2026-09-28T13:46:49+00:00,2026,5,core,2026,regular,4,BYU,Big 12,20,13.4,-6.6,96,103,core-v1
2026-09-28T13:46:49+00:00,2026,5,core,2026,regular,4,Georgia,SEC,19.55,6.29,-13.27,113,120,core-v1
2026-09-28T13:46:49+00:00,2026,5,core,2026,regular,4,Missouri,SEC,18.33,6.22,-12.11,192,213,core-v1
2026-09-28T13:46:49+00:00,2026,5,core,2026,regular,4,UCLA,Big Ten,18.16,7.98,-10.18,238,243,core-v1
2026-09-28T13:46:49+00:00,2026,5,core,2026,regular,4,Miami,ACC,17.21,12.54,-4.66,149,120,core-v1
2026-09-28T13:46:49+00:00,2026,5,core,2026,regular,4,Nebraska,Big Ten,16.66,10.22,-6.45,179,143,core-v1
2026-09-28T13:46:49+00:00,2026,5,core,2026,regular,4,Florida,SEC,15.47,13.83,-1.64,186,180,core-v1
2026-09-28T13:46:49+00:00,2026,5,core,2026,regular,4,Wisconsin,Big Ten,14.67,4.73,-9.94,167,167,core-v1
2026-09-28T13:46:49+00:00,2026,5,core,2026,regular,4,Duke,ACC,12.82,1.44,-11.38,196,166,core-v1
2026-09-28T13:46:49+00:00,2026,5,core,2026,regular,4,Michigan,Big Ten,12.71,5.08,-7.62,230,219,core-v1
2026-09-28T13:46:49+00:00,2026,5,core,2026,regular,4,James Madison,Sun Belt,12.58,3.61,-8.97,200,202,core-v1
2026-09-28T13:46:49+00:00,2026,5,core,2026,regular,4,Massachusetts,Mid-American,12.48,6.66,-5.81,106,100,core-v1
2026-09-28T13:46:49+00:00,2026,5,core,2026,regular,4,Penn State,Big Ten,12.47,1.32,-11.16,207,181,core-v1
2026-09-28T13:46:49+00:00,2026,5,core,2026,regular,4,Texas Tech,Big 12,11.96,9.68,-2.28,184,200,core-v1
2026-09-28T13:46:49+00:00,2026,5,core,2026,regular,4,North Dakota State,Mountain West,10.49,3.21,-7.28,168,167,core-v1
2026-09-28T13:46:49+00:00,2026,5,core,2026,regular,4,Texas,SEC,9.93,-3.38,-13.31,258,218,core-v1
2026-09-28T13:46:49+00:00,2026,5,core,2026,regular,4,Fresno State,Pac-12,9.86,4.98,-4.87,198,197,core-v1
2026-09-28T13:46:49+00:00,2026,5,core,2026,regular,4,Pittsburgh,ACC,9.68,2.58,-7.1,183,160,core-v1
2026-09-28T13:46:49+00:00,2026,5,core,2026,regular,4,Louisiana,Sun Belt,9.16,-3.81,-12.98,189,171,core-v1
2026-09-28T13:46:49+00:00,2026,5,core,2026,regular,4,Indiana,Big Ten,8.99,6.53,-2.46,162,163,core-v1
2026-09-28T13:46:49+00:00,2026,5,core,2026,regular,4,Boise State,Pac-12,8.87,8.48,-0.39,192,151,core-v1
2026-09-28T13:46:49+00:00,2026,5,core,2026,regular,4,Oklahoma State,Big 12,8.83,0.29,-8.54,237,202,core-v1
2026-09-28T13:46:49+00:00,2026,5,core,2026,regular,4,Wake Forest,ACC,8.76,4.06,-4.7,236,258,core-v1
2026-09-28T13:46:49+00:00,2026,5,core,2026,regular,4,Oklahoma,SEC,8.56,-6.39,-14.95,205,186,core-v1
2026-09-28T13:46:49+00:00,2026,5,core,2026,regular,4,Arizona,Big 12,8.1,9.45,1.35,183,177,core-v1
2026-09-28T13:46:49+00:00,2026,5,core,2026,regular,4,Houston,Big 12,7.89,12.5,4.61,210,196,core-v1
2026-09-28T13:46:49+00:00,2026,5,core,2026,regular,4,Liberty,Conference USA,7.88,7.04,-0.84,186,153,core-v1
2026-09-28T13:46:49+00:00,2026,5,core,2026,regular,4,Oregon,Big Ten,7.68,0.59,-7.09,190,224,core-v1
2026-09-28T13:46:49+00:00,2026,5,core,2026,regular,4,USC,Big Ten,7.66,16.08,8.42,306,238,core-v1
2026-09-28T13:46:49+00:00,2026,5,core,2026,regular,4,Baylor,Big 12,7.12,-0.3,-7.42,237,230,core-v1
2026-09-28T13:46:49+00:00,2026,5,core,2026,regular,4,South Florida,American Athletic,7,-1.63,-8.64,163,198,core-v1
2026-09-28T13:46:49+00:00,2026,5,core,2026,regular,4,Northwestern,Big Ten,6.82,7.16,0.34,110,119,core-v1
2026-09-28T13:46:49+00:00,2026,5,core,2026,regular,4,Vanderbilt,SEC,5.97,-2.44,-8.41,198,203,core-v1
2026-09-28T13:46:49+00:00,2026,5,core,2026,regular,4,Cincinnati,Big 12,5.94,8.48,2.54,187,202,core-v1
2026-09-28T13:46:49+00:00,2026,5,core,2026,regular,4,Auburn,SEC,5.73,0.92,-4.81,264,288,core-v1
2026-09-28T13:46:49+00:00,2026,5,core,2026,regular,4,Toledo,Mid-American,5.7,4.5,-1.2,166,194,core-v1
2026-09-28T13:46:49+00:00,2026,5,core,2026,regular,4,Air Force,Mountain West,5.65,8.29,2.64,138,120,core-v1
2026-09-28T13:46:49+00:00,2026,5,core,2026,regular,4,Ole Miss,SEC,5.63,13.05,7.42,250,251,core-v1
2026-09-28T13:46:49+00:00,2026,5,core,2026,regular,4,Texas State,Pac-12,4.98,12.6,7.62,186,209,core-v1
2026-09-28T13:46:49+00:00,2026,5,core,2026,regular,4,Tennessee,SEC,4.61,-0.81,-5.43,198,163,core-v1
2026-09-28T13:46:49+00:00,2026,5,core,2026,regular,4,Memphis,American Athletic,4.36,9.96,5.6,172,211,core-v1
2026-09-28T13:46:49+00:00,2026,5,core,2026,regular,4,Iowa,Big Ten,4.17,-0.53,-4.7,167,141,core-v1
2026-09-28T13:46:49+00:00,2026,5,core,2026,regular,4,Louisville,ACC,3.85,6.45,2.6,201,214,core-v1
2026-09-28T13:46:49+00:00,2026,5,core,2026,regular,4,Miami (OH),Mid-American,3.73,9.31,5.59,153,186,core-v1
2026-09-28T13:46:49+00:00,2026,5,core,2026,regular,4,Iowa State,Big 12,3.72,0.06,-3.66,165,150,core-v1
2026-09-28T13:46:49+00:00,2026,5,core,2026,regular,4,Washington,Big Ten,3.57,-3.37,-6.94,189,174,core-v1
2026-09-28T13:46:49+00:00,2026,5,core,2026,regular,4,SMU,ACC,3.32,2.54,-0.78,222,188,core-v1
2026-09-28T13:46:49+00:00,2026,5,core,2026,regular,4,TCU,Big 12,3.1,-7.97,-11.07,203,162,core-v1
2026-09-28T13:46:49+00:00,2026,5,core,2026,regular,4,South Carolina,SEC,2.65,6.44,3.79,175,140,core-v1
2026-09-28T13:46:49+00:00,2026,5,core,2026,regular,4,Oregon State,Pac-12,2.63,-1.22,-3.85,194,186,core-v1
2026-09-28T13:46:49+00:00,2026,5,core,2026,regular,4,Kentucky,SEC,2.62,-3.53,-6.15,175,193,core-v1
2026-09-28T13:46:49+00:00,2026,5,core,2026,regular,4,Kansas State,Big 12,2.5,4.23,1.73,205,145,core-v1
2026-09-28T13:46:49+00:00,2026,5,core,2026,regular,4,Virginia,ACC,2.43,2.55,0.12,184,137,core-v1
2026-09-28T13:46:49+00:00,2026,5,core,2026,regular,4,Tulsa,American Athletic,1.98,-3.35,-5.33,174,221,core-v1
2026-09-28T13:46:49+00:00,2026,5,core,2026,regular,4,New Mexico,Mountain West,1.81,-1.28,-3.09,162,130,core-v1
2026-09-28T13:46:49+00:00,2026,5,core,2026,regular,4,Michigan State,Big Ten,1.6,-0.58,-2.18,248,223,core-v1
2026-09-28T13:46:49+00:00,2026,5,core,2026,regular,4,Virginia Tech,ACC,1.44,3.68,2.24,214,154,core-v1
2026-09-28T13:46:49+00:00,2026,5,core,2026,regular,4,East Carolina,American Athletic,1.36,-3.89,-5.25,162,192,core-v1
2026-09-28T13:46:49+00:00,2026,5,core,2026,regular,4,Utah State,Pac-12,1.29,-5.22,-6.5,149,209,core-v1
2026-09-28T13:46:49+00:00,2026,5,core,2026,regular,4,Maryland,Big Ten,1.1,-0.52,-1.62,175,159,core-v1
2026-09-28T13:46:49+00:00,2026,5,core,2026,regular,4,UAB,American Athletic,0.92,-3.8,-4.71,244,246,core-v1
2026-09-28T13:46:49+00:00,2026,5,core,2026,regular,4,Clemson,ACC,0.87,-7.06,-7.93,230,251,core-v1
2026-09-28T13:46:49+00:00,2026,5,core,2026,regular,4,UConn,FBS Independents,0.58,-0.82,-1.4,160,178,core-v1
2026-09-28T13:46:49+00:00,2026,5,core,2026,regular,4,UTSA,American Athletic,0.54,3.05,2.51,186,228,core-v1
2026-09-28T13:46:49+00:00,2026,5,core,2026,regular,4,Illinois,Big Ten,0.49,12.83,12.34,175,189,core-v1
2026-09-28T13:46:49+00:00,2026,5,core,2026,regular,4,Middle Tennessee,Conference USA,-0.12,-0.92,-0.8,192,184,core-v1
2026-09-28T13:46:49+00:00,2026,5,core,2026,regular,4,UCF,Big 12,-0.17,-6.32,-6.15,162,220,core-v1
2026-09-28T13:46:49+00:00,2026,5,core,2026,regular,4,Jacksonville State,Conference USA,-1.47,1.49,2.96,219,242,core-v1
2026-09-28T13:46:49+00:00,2026,5,core,2026,regular,4,Georgia State,Sun Belt,-2.22,1.3,3.52,207,183,core-v1
2026-09-28T13:46:49+00:00,2026,5,core,2026,regular,4,San José State,Mountain West,-2.59,-7.76,-5.16,182,194,core-v1
2026-09-28T13:46:49+00:00,2026,5,core,2026,regular,4,North Texas,American Athletic,-2.62,7.68,10.3,189,172,core-v1
2026-09-28T13:46:49+00:00,2026,5,core,2026,regular,4,Syracuse,ACC,-3.37,-7.27,-3.91,153,120,core-v1
2026-09-28T13:46:49+00:00,2026,5,core,2026,regular,4,Florida Atlantic,American Athletic,-3.56,-1.29,2.27,259,206,core-v1
2026-09-28T13:46:49+00:00,2026,5,core,2026,regular,4,Temple,American Athletic,-3.8,4.61,8.41,166,198,core-v1
2026-09-28T13:46:49+00:00,2026,5,core,2026,regular,4,Wyoming,Mountain West,-3.88,2.95,6.82,169,199,core-v1
2026-09-28T13:46:49+00:00,2026,5,core,2026,regular,4,Purdue,Big Ten,-4.01,9.76,13.77,162,169,core-v1
2026-09-28T13:46:49+00:00,2026,5,core,2026,regular,4,Stanford,ACC,-4.16,3.24,7.4,220,251,core-v1
2026-09-28T13:46:49+00:00,2026,5,core,2026,regular,4,UNLV,Mountain West,-4.53,-5.24,-0.71,253,236,core-v1
2026-09-28T13:46:49+00:00,2026,5,core,2026,regular,4,Minnesota,Big Ten,-4.61,-3.51,1.1,167,153,core-v1
2026-09-28T13:46:49+00:00,2026,5,core,2026,regular,4,Troy,Sun Belt,-4.81,-5.86,-1.05,218,176,core-v1
2026-09-28T13:46:49+00:00,2026,5,core,2026,regular,4,Texas A&M,SEC,-4.86,-4.41,0.45,248,179,core-v1
2026-09-28T13:46:49+00:00,2026,5,core,2026,regular,4,Florida International,Conference USA,-4.9,-10.09,-5.19,229,191,core-v1
2026-09-28T13:46:49+00:00,2026,5,core,2026,regular,4,Nevada,Mountain West,-5.23,-0.35,4.88,160,207,core-v1
2026-09-28T13:46:49+00:00,2026,5,core,2026,regular,4,Rutgers,Big Ten,-5.23,-0.26,4.97,184,186,core-v1
2026-09-28T13:46:49+00:00,2026,5,core,2026,regular,4,Kansas,Big 12,-5.28,-6.65,-1.37,137,136,core-v1
2026-09-28T13:46:49+00:00,2026,5,core,2026,regular,4,Boston College,ACC,-5.38,-8.52,-3.14,189,204,core-v1
2026-09-28T13:46:49+00:00,2026,5,core,2026,regular,4,Army,American Athletic,-5.96,6.36,12.32,125,107,core-v1
2026-09-28T13:46:49+00:00,2026,5,core,2026,regular,4,Coastal Carolina,Sun Belt,-5.99,-0.4,5.58,187,201,core-v1
2026-09-28T13:46:49+00:00,2026,5,core,2026,regular,4,Arkansas,SEC,-6.42,-3.83,2.59,154,132,core-v1
2026-09-28T13:46:49+00:00,2026,5,core,2026,regular,4,Sam Houston,Conference USA,-6.72,-4.83,1.89,188,190,core-v1
2026-09-28T13:46:49+00:00,2026,5,core,2026,regular,4,Western Michigan,Mid-American,-6.86,-6.45,0.41,167,161,core-v1
2026-09-28T13:46:49+00:00,2026,5,core,2026,regular,4,North Carolina,ACC,-6.87,-3.32,3.55,125,134,core-v1
2026-09-28T13:46:49+00:00,2026,5,core,2026,regular,4,Tulane,American Athletic,-6.98,-4.15,2.84,239,276,core-v1
2026-09-28T13:46:49+00:00,2026,5,core,2026,regular,4,Louisiana Tech,Sun Belt,-7.36,-11.73,-4.37,112,136,core-v1
2026-09-28T13:46:49+00:00,2026,5,core,2026,regular,4,Delaware,Conference USA,-7.36,-3.75,3.62,162,182,core-v1
2026-09-28T13:46:49+00:00,2026,5,core,2026,regular,4,Ohio,Mid-American,-7.46,2.98,10.45,180,207,core-v1
2026-09-28T13:46:49+00:00,2026,5,core,2026,regular,4,Colorado State,Pac-12,-7.49,4.59,12.08,185,163,core-v1
2026-09-28T13:46:49+00:00,2026,5,core,2026,regular,4,App State,Sun Belt,-7.52,-1.16,6.35,207,206,core-v1
2026-09-28T13:46:49+00:00,2026,5,core,2026,regular,4,Old Dominion,Sun Belt,-7.57,-15.69,-8.13,150,204,core-v1
2026-09-28T13:46:49+00:00,2026,5,core,2026,regular,4,Georgia Southern,Sun Belt,-7.63,-3.36,4.27,203,184,core-v1
2026-09-28T13:46:49+00:00,2026,5,core,2026,regular,4,Arkansas State,Sun Belt,-7.74,-1.18,6.57,170,192,core-v1
2026-09-28T13:46:49+00:00,2026,5,core,2026,regular,4,Rice,American Athletic,-7.87,-1.81,6.06,149,160,core-v1
2026-09-28T13:46:49+00:00,2026,5,core,2026,regular,4,Florida State,ACC,-8.02,3.28,11.31,195,197,core-v1
2026-09-28T13:46:49+00:00,2026,5,core,2026,regular,4,Georgia Tech,ACC,-8.35,-0.51,7.85,193,211,core-v1
2026-09-28T13:46:49+00:00,2026,5,core,2026,regular,4,Central Michigan,Mid-American,-8.55,-2.65,5.9,114,154,core-v1
2026-09-28T13:46:49+00:00,2026,5,core,2026,regular,4,Colorado,Big 12,-9.07,-11.73,-2.66,204,180,core-v1
2026-09-28T13:46:49+00:00,2026,5,core,2026,regular,4,West Virginia,Big 12,-9.37,0.15,9.52,229,202,core-v1
2026-09-28T13:46:49+00:00,2026,5,core,2026,regular,4,San Diego State,Pac-12,-9.72,-12.41,-2.69,173,192,core-v1
2026-09-28T13:46:49+00:00,2026,5,core,2026,regular,4,NC State,ACC,-10.22,-1.31,8.9,191,178,core-v1
2026-09-28T13:46:49+00:00,2026,5,core,2026,regular,4,Navy,American Athletic,-10.4,-6.19,4.21,117,121,core-v1
2026-09-28T13:46:49+00:00,2026,5,core,2026,regular,4,South Alabama,Sun Belt,-11.33,3.26,14.58,195,171,core-v1
2026-09-28T13:46:49+00:00,2026,5,core,2026,regular,4,Arizona State,Big 12,-11.51,-10.89,0.62,125,126,core-v1
2026-09-28T13:46:49+00:00,2026,5,core,2026,regular,4,Hawai'i,Mountain West,-11.55,-7.48,4.07,290,260,core-v1
2026-09-28T13:46:49+00:00,2026,5,core,2026,regular,4,Sacramento State,Mid-American,-11.59,-10.76,0.83,203,206,core-v1
2026-09-28T13:46:49+00:00,2026,5,core,2026,regular,4,Marshall,Sun Belt,-11.68,3.14,14.83,166,171,core-v1
2026-09-28T13:46:49+00:00,2026,5,core,2026,regular,4,California,ACC,-12.39,-9.65,2.74,200,200,core-v1
2026-09-28T13:46:49+00:00,2026,5,core,2026,regular,4,Southern Miss,Sun Belt,-12.58,-7.25,5.34,158,200,core-v1
2026-09-28T13:46:49+00:00,2026,5,core,2026,regular,4,Eastern Michigan,Mid-American,-13.69,-9.67,4.01,226,250,core-v1
2026-09-28T13:46:49+00:00,2026,5,core,2026,regular,4,Northern Illinois,Mountain West,-14.01,-7.07,6.95,144,153,core-v1
2026-09-28T13:46:49+00:00,2026,5,core,2026,regular,4,Buffalo,Mid-American,-14.33,-7.72,6.6,106,119,core-v1
2026-09-28T13:46:49+00:00,2026,5,core,2026,regular,4,New Mexico State,Conference USA,-14.38,-5.53,8.85,179,186,core-v1
2026-09-28T13:46:49+00:00,2026,5,core,2026,regular,4,Charlotte,American Athletic,-14.5,-16.39,-1.89,146,197,core-v1
2026-09-28T13:46:49+00:00,2026,5,core,2026,regular,4,Kennesaw State,Conference USA,-15.5,-5.13,10.37,154,185,core-v1
2026-09-28T13:46:49+00:00,2026,5,core,2026,regular,4,Washington State,Pac-12,-15.5,-15,0.5,163,198,core-v1
2026-09-28T13:46:49+00:00,2026,5,core,2026,regular,4,UL Monroe,Sun Belt,-16.84,-6.44,10.41,137,185,core-v1
2026-09-28T13:46:49+00:00,2026,5,core,2026,regular,4,Kent State,Mid-American,-18.28,-12.03,6.25,127,129,core-v1
2026-09-28T13:46:49+00:00,2026,5,core,2026,regular,4,Missouri State,Conference USA,-18.77,-9.77,9,150,213,core-v1
2026-09-28T13:46:49+00:00,2026,5,core,2026,regular,4,Ball State,Mid-American,-19.12,-6.67,12.45,128,168,core-v1
2026-09-28T13:46:49+00:00,2026,5,core,2026,regular,4,Akron,Mid-American,-19.77,-12.05,7.73,151,159,core-v1
2026-09-28T13:46:49+00:00,2026,5,core,2026,regular,4,Bowling Green,Mid-American,-21.35,-14.35,6.99,114,131,core-v1
2026-09-28T13:46:49+00:00,2026,5,core,2026,regular,4,UTEP,Mountain West,-22.6,-7.87,14.72,106,141,core-v1
2026-09-28T13:46:49+00:00,2026,5,core,2026,regular,4,Western Kentucky,Conference USA,-28.57,-14.09,14.47,145,117,core-v1
2026-09-29T17:07:29+00:00,2026,6,core,2026,regular,4,Notre Dame,FBS Independents,30.42,11.54,-18.88,187,158,core-v1
2026-09-29T17:07:29+00:00,2026,6,core,2026,regular,4,Alabama,SEC,25.35,12.01,-13.34,231,209,core-v1
2026-09-29T17:07:29+00:00,2026,6,core,2026,regular,4,Mississippi State,SEC,24.77,18.46,-6.32,239,243,core-v1
2026-09-29T17:07:29+00:00,2026,6,core,2026,regular,4,LSU,SEC,22.4,4.76,-17.64,241,183,core-v1
2026-09-29T17:07:29+00:00,2026,6,core,2026,regular,4,Utah,Big 12,21.49,12.4,-9.08,150,146,core-v1
2026-09-29T17:07:29+00:00,2026,6,core,2026,regular,4,Ohio State,Big Ten,20.55,13.77,-6.78,213,203,core-v1
2026-09-29T17:07:29+00:00,2026,6,core,2026,regular,4,BYU,Big 12,20,13.4,-6.6,96,103,core-v1
2026-09-29T17:07:29+00:00,2026,6,core,2026,regular,4,Georgia,SEC,19.55,6.29,-13.27,113,120,core-v1
2026-09-29T17:07:29+00:00,2026,6,core,2026,regular,4,Missouri,SEC,18.33,6.22,-12.11,192,213,core-v1
2026-09-29T17:07:29+00:00,2026,6,core,2026,regular,4,UCLA,Big Ten,18.16,7.98,-10.18,238,243,core-v1
2026-09-29T17:07:29+00:00,2026,6,core,2026,regular,4,Miami,ACC,17.21,12.54,-4.66,149,120,core-v1
2026-09-29T17:07:29+00:00,2026,6,core,2026,regular,4,Nebraska,Big Ten,16.66,10.22,-6.45,179,143,core-v1
2026-09-29T17:07:29+00:00,2026,6,core,2026,regular,4,Florida,SEC,15.47,13.83,-1.64,186,180,core-v1
2026-09-29T17:07:29+00:00,2026,6,core,2026,regular,4,Wisconsin,Big Ten,14.67,4.73,-9.94,167,167,core-v1
2026-09-29T17:07:29+00:00,2026,6,core,2026,regular,4,Duke,ACC,12.82,1.44,-11.38,196,166,core-v1
2026-09-29T17:07:29+00:00,2026,6,core,2026,regular,4,Michigan,Big Ten,12.71,5.08,-7.62,230,219,core-v1
2026-09-29T17:07:29+00:00,2026,6,core,2026,regular,4,James Madison,Sun Belt,12.58,3.61,-8.97,200,202,core-v1
2026-09-29T17:07:29+00:00,2026,6,core,2026,regular,4,Massachusetts,Mid-American,12.48,6.66,-5.81,106,100,core-v1
2026-09-29T17:07:29+00:00,2026,6,core,2026,regular,4,Penn State,Big Ten,12.47,1.32,-11.16,207,181,core-v1
2026-09-29T17:07:29+00:00,2026,6,core,2026,regular,4,Texas Tech,Big 12,11.96,9.68,-2.28,184,200,core-v1
2026-09-29T17:07:29+00:00,2026,6,core,2026,regular,4,North Dakota State,Mountain West,10.49,3.21,-7.28,168,167,core-v1
2026-09-29T17:07:29+00:00,2026,6,core,2026,regular,4,Texas,SEC,9.93,-3.38,-13.31,258,218,core-v1
2026-09-29T17:07:29+00:00,2026,6,core,2026,regular,4,Fresno State,Pac-12,9.86,4.98,-4.87,198,197,core-v1
2026-09-29T17:07:29+00:00,2026,6,core,2026,regular,4,Pittsburgh,ACC,9.68,2.58,-7.1,183,160,core-v1
2026-09-29T17:07:29+00:00,2026,6,core,2026,regular,4,Louisiana,Sun Belt,9.16,-3.81,-12.98,189,171,core-v1
2026-09-29T17:07:29+00:00,2026,6,core,2026,regular,4,Indiana,Big Ten,8.99,6.53,-2.46,162,163,core-v1
2026-09-29T17:07:29+00:00,2026,6,core,2026,regular,4,Boise State,Pac-12,8.87,8.48,-0.39,192,151,core-v1
2026-09-29T17:07:29+00:00,2026,6,core,2026,regular,4,Oklahoma State,Big 12,8.83,0.29,-8.54,237,202,core-v1
2026-09-29T17:07:29+00:00,2026,6,core,2026,regular,4,Wake Forest,ACC,8.76,4.06,-4.7,236,258,core-v1
2026-09-29T17:07:29+00:00,2026,6,core,2026,regular,4,Oklahoma,SEC,8.56,-6.39,-14.95,205,186,core-v1
2026-09-29T17:07:29+00:00,2026,6,core,2026,regular,4,Arizona,Big 12,8.1,9.45,1.35,183,177,core-v1
2026-09-29T17:07:29+00:00,2026,6,core,2026,regular,4,Houston,Big 12,7.89,12.5,4.61,210,196,core-v1
2026-09-29T17:07:29+00:00,2026,6,core,2026,regular,4,Liberty,Conference USA,7.88,7.04,-0.84,186,153,core-v1
2026-09-29T17:07:29+00:00,2026,6,core,2026,regular,4,Oregon,Big Ten,7.68,0.59,-7.09,190,224,core-v1
2026-09-29T17:07:29+00:00,2026,6,core,2026,regular,4,USC,Big Ten,7.66,16.08,8.42,306,238,core-v1
2026-09-29T17:07:29+00:00,2026,6,core,2026,regular,4,Baylor,Big 12,7.12,-0.3,-7.42,237,230,core-v1
2026-09-29T17:07:29+00:00,2026,6,core,2026,regular,4,South Florida,American Athletic,7,-1.63,-8.64,163,198,core-v1
2026-09-29T17:07:29+00:00,2026,6,core,2026,regular,4,Northwestern,Big Ten,6.82,7.16,0.34,110,119,core-v1
2026-09-29T17:07:29+00:00,2026,6,core,2026,regular,4,Vanderbilt,SEC,5.97,-2.44,-8.41,198,203,core-v1
2026-09-29T17:07:29+00:00,2026,6,core,2026,regular,4,Cincinnati,Big 12,5.94,8.48,2.54,187,202,core-v1
2026-09-29T17:07:29+00:00,2026,6,core,2026,regular,4,Auburn,SEC,5.73,0.92,-4.81,264,288,core-v1
2026-09-29T17:07:29+00:00,2026,6,core,2026,regular,4,Toledo,Mid-American,5.7,4.5,-1.2,166,194,core-v1
2026-09-29T17:07:29+00:00,2026,6,core,2026,regular,4,Air Force,Mountain West,5.65,8.29,2.64,138,120,core-v1
2026-09-29T17:07:29+00:00,2026,6,core,2026,regular,4,Ole Miss,SEC,5.63,13.05,7.42,250,251,core-v1
2026-09-29T17:07:29+00:00,2026,6,core,2026,regular,4,Texas State,Pac-12,4.98,12.6,7.62,186,209,core-v1
2026-09-29T17:07:29+00:00,2026,6,core,2026,regular,4,Tennessee,SEC,4.61,-0.81,-5.43,198,163,core-v1
2026-09-29T17:07:29+00:00,2026,6,core,2026,regular,4,Memphis,American Athletic,4.36,9.96,5.6,172,211,core-v1
2026-09-29T17:07:29+00:00,2026,6,core,2026,regular,4,Iowa,Big Ten,4.17,-0.53,-4.7,167,141,core-v1
2026-09-29T17:07:29+00:00,2026,6,core,2026,regular,4,Louisville,ACC,3.85,6.45,2.6,201,214,core-v1
2026-09-29T17:07:29+00:00,2026,6,core,2026,regular,4,Miami (OH),Mid-American,3.73,9.31,5.59,153,186,core-v1
2026-09-29T17:07:29+00:00,2026,6,core,2026,regular,4,Iowa State,Big 12,3.72,0.06,-3.66,165,150,core-v1
2026-09-29T17:07:29+00:00,2026,6,core,2026,regular,4,Washington,Big Ten,3.57,-3.37,-6.94,189,174,core-v1
2026-09-29T17:07:29+00:00,2026,6,core,2026,regular,4,SMU,ACC,3.32,2.54,-0.78,222,188,core-v1
2026-09-29T17:07:29+00:00,2026,6,core,2026,regular,4,TCU,Big 12,3.1,-7.97,-11.07,203,162,core-v1
2026-09-29T17:07:29+00:00,2026,6,core,2026,regular,4,South Carolina,SEC,2.65,6.44,3.79,175,140,core-v1
2026-09-29T17:07:29+00:00,2026,6,core,2026,regular,4,Oregon State,Pac-12,2.63,-1.22,-3.85,194,186,core-v1
2026-09-29T17:07:29+00:00,2026,6,core,2026,regular,4,Kentucky,SEC,2.62,-3.53,-6.15,175,193,core-v1
2026-09-29T17:07:29+00:00,2026,6,core,2026,regular,4,Kansas State,Big 12,2.5,4.23,1.73,205,145,core-v1
2026-09-29T17:07:29+00:00,2026,6,core,2026,regular,4,Virginia,ACC,2.43,2.55,0.12,184,137,core-v1
2026-09-29T17:07:29+00:00,2026,6,core,2026,regular,4,Tulsa,American Athletic,1.98,-3.35,-5.33,174,221,core-v1
2026-09-29T17:07:29+00:00,2026,6,core,2026,regular,4,New Mexico,Mountain West,1.81,-1.28,-3.09,162,130,core-v1
2026-09-29T17:07:29+00:00,2026,6,core,2026,regular,4,Michigan State,Big Ten,1.6,-0.58,-2.18,248,223,core-v1
2026-09-29T17:07:29+00:00,2026,6,core,2026,regular,4,Virginia Tech,ACC,1.44,3.68,2.24,214,154,core-v1
2026-09-29T17:07:29+00:00,2026,6,core,2026,regular,4,East Carolina,American Athletic,1.36,-3.89,-5.25,162,192,core-v1
2026-09-29T17:07:29+00:00,2026,6,core,2026,regular,4,Utah State,Pac-12,1.29,-5.22,-6.5,149,209,core-v1
2026-09-29T17:07:29+00:00,2026,6,core,2026,regular,4,Maryland,Big Ten,1.1,-0.52,-1.62,175,159,core-v1
2026-09-29T17:07:29+00:00,2026,6,core,2026,regular,4,UAB,American Athletic,0.92,-3.8,-4.71,244,246,core-v1
2026-09-29T17:07:29+00:00,2026,6,core,2026,regular,4,Clemson,ACC,0.87,-7.06,-7.93,230,251,core-v1
2026-09-29T17:07:29+00:00,2026,6,core,2026,regular,4,UConn,FBS Independents,0.58,-0.82,-1.4,160,178,core-v1
2026-09-29T17:07:29+00:00,2026,6,core,2026,regular,4,UTSA,American Athletic,0.54,3.05,2.51,186,228,core-v1
2026-09-29T17:07:29+00:00,2026,6,core,2026,regular,4,Illinois,Big Ten,0.49,12.83,12.34,175,189,core-v1
2026-09-29T17:07:29+00:00,2026,6,core,2026,regular,4,Middle Tennessee,Conference USA,-0.12,-0.92,-0.8,192,184,core-v1
2026-09-29T17:07:29+00:00,2026,6,core,2026,regular,4,UCF,Big 12,-0.17,-6.32,-6.15,162,220,core-v1
2026-09-29T17:07:29+00:00,2026,6,core,2026,regular,4,Jacksonville State,Conference USA,-1.47,1.49,2.96,219,242,core-v1
2026-09-29T17:07:29+00:00,2026,6,core,2026,regular,4,Georgia State,Sun Belt,-2.22,1.3,3.52,207,183,core-v1
2026-09-29T17:07:29+00:00,2026,6,core,2026,regular,4,San José State,Mountain West,-2.59,-7.76,-5.16,182,194,core-v1
2026-09-29T17:07:29+00:00,2026,6,core,2026,regular,4,North Texas,American Athletic,-2.62,7.68,10.3,189,172,core-v1
2026-09-29T17:07:29+00:00,2026,6,core,2026,regular,4,Syracuse,ACC,-3.37,-7.27,-3.91,153,120,core-v1
2026-09-29T17:07:29+00:00,2026,6,core,2026,regular,4,Florida Atlantic,American Athletic,-3.56,-1.29,2.27,259,206,core-v1
2026-09-29T17:07:29+00:00,2026,6,core,2026,regular,4,Temple,American Athletic,-3.8,4.61,8.41,166,198,core-v1
2026-09-29T17:07:29+00:00,2026,6,core,2026,regular,4,Wyoming,Mountain West,-3.88,2.95,6.82,169,199,core-v1
2026-09-29T17:07:29+00:00,2026,6,core,2026,regular,4,Purdue,Big Ten,-4.01,9.76,13.77,162,169,core-v1
2026-09-29T17:07:29+00:00,2026,6,core,2026,regular,4,Stanford,ACC,-4.16,3.24,7.4,220,251,core-v1
2026-09-29T17:07:29+00:00,2026,6,core,2026,regular,4,UNLV,Mountain West,-4.53,-5.24,-0.71,253,236,core-v1
2026-09-29T17:07:29+00:00,2026,6,core,2026,regular,4,Minnesota,Big Ten,-4.61,-3.51,1.1,167,153,core-v1
2026-09-29T17:07:29+00:00,2026,6,core,2026,regular,4,Troy,Sun Belt,-4.81,-5.86,-1.05,218,176,core-v1
2026-09-29T17:07:29+00:00,2026,6,core,2026,regular,4,Texas A&M,SEC,-4.86,-4.41,0.45,248,179,core-v1
2026-09-29T17:07:29+00:00,2026,6,core,2026,regular,4,Florida International,Conference USA,-4.9,-10.09,-5.19,229,191,core-v1
2026-09-29T17:07:29+00:00,2026,6,core,2026,regular,4,Nevada,Mountain West,-5.23,-0.35,4.88,160,207,core-v1
2026-09-29T17:07:29+00:00,2026,6,core,2026,regular,4,Rutgers,Big Ten,-5.23,-0.26,4.97,184,186,core-v1
2026-09-29T17:07:29+00:00,2026,6,core,2026,regular,4,Kansas,Big 12,-5.28,-6.65,-1.37,137,136,core-v1
2026-09-29T17:07:29+00:00,2026,6,core,2026,regular,4,Boston College,ACC,-5.38,-8.52,-3.14,189,204,core-v1
2026-09-29T17:07:29+00:00,2026,6,core,2026,regular,4,Army,American Athletic,-5.96,6.36,12.32,125,107,core-v1
2026-09-29T17:07:29+00:00,2026,6,core,2026,regular,4,Coastal Carolina,Sun Belt,-5.99,-0.4,5.58,187,201,core-v1
2026-09-29T17:07:29+00:00,2026,6,core,2026,regular,4,Arkansas,SEC,-6.42,-3.83,2.59,154,132,core-v1
2026-09-29T17:07:29+00:00,2026,6,core,2026,regular,4,Sam Houston,Conference USA,-6.72,-4.83,1.89,188,190,core-v1
2026-09-29T17:07:29+00:00,2026,6,core,2026,regular,4,Western Michigan,Mid-American,-6.86,-6.45,0.41,167,161,core-v1
2026-09-29T17:07:29+00:00,2026,6,core,2026,regular,4,North Carolina,ACC,-6.87,-3.32,3.55,125,134,core-v1
2026-09-29T17:07:29+00:00,2026,6,core,2026,regular,4,Tulane,American Athletic,-6.98,-4.15,2.84,239,276,core-v1
2026-09-29T17:07:29+00:00,2026,6,core,2026,regular,4,Louisiana Tech,Sun Belt,-7.36,-11.73,-4.37,112,136,core-v1
2026-09-29T17:07:29+00:00,2026,6,core,2026,regular,4,Delaware,Conference USA,-7.36,-3.75,3.62,162,182,core-v1
2026-09-29T17:07:29+00:00,2026,6,core,2026,regular,4,Ohio,Mid-American,-7.46,2.98,10.45,180,207,core-v1
2026-09-29T17:07:29+00:00,2026,6,core,2026,regular,4,Colorado State,Pac-12,-7.49,4.59,12.08,185,163,core-v1
2026-09-29T17:07:29+00:00,2026,6,core,2026,regular,4,App State,Sun Belt,-7.52,-1.16,6.35,207,206,core-v1
2026-09-29T17:07:29+00:00,2026,6,core,2026,regular,4,Old Dominion,Sun Belt,-7.57,-15.69,-8.13,150,204,core-v1
2026-09-29T17:07:29+00:00,2026,6,core,2026,regular,4,Georgia Southern,Sun Belt,-7.63,-3.36,4.27,203,184,core-v1
2026-09-29T17:07:29+00:00,2026,6,core,2026,regular,4,Arkansas State,Sun Belt,-7.74,-1.18,6.57,170,192,core-v1
2026-09-29T17:07:29+00:00,2026,6,core,2026,regular,4,Rice,American Athletic,-7.87,-1.81,6.06,149,160,core-v1
2026-09-29T17:07:29+00:00,2026,6,core,2026,regular,4,Florida State,ACC,-8.02,3.28,11.31,195,197,core-v1
2026-09-29T17:07:29+00:00,2026,6,core,2026,regular,4,Georgia Tech,ACC,-8.35,-0.51,7.85,193,211,core-v1
2026-09-29T17:07:29+00:00,2026,6,core,2026,regular,4,Central Michigan,Mid-American,-8.55,-2.65,5.9,114,154,core-v1
2026-09-29T17:07:29+00:00,2026,6,core,2026,regular,4,Colorado,Big 12,-9.07,-11.73,-2.66,204,180,core-v1
2026-09-29T17:07:29+00:00,2026,6,core,2026,regular,4,West Virginia,Big 12,-9.37,0.15,9.52,229,202,core-v1
2026-09-29T17:07:29+00:00,2026,6,core,2026,regular,4,San Diego State,Pac-12,-9.72,-12.41,-2.69,173,192,core-v1
2026-09-29T17:07:29+00:00,2026,6,core,2026,regular,4,NC State,ACC,-10.22,-1.31,8.9,191,178,core-v1
2026-09-29T17:07:29+00:00,2026,6,core,2026,regular,4,Navy,American Athletic,-10.4,-6.19,4.21,117,121,core-v1
2026-09-29T17:07:29+00:00,2026,6,core,2026,regular,4,South Alabama,Sun Belt,-11.33,3.26,14.58,195,171,core-v1
2026-09-29T17:07:29+00:00,2026,6,core,2026,regular,4,Arizona State,Big 12,-11.51,-10.89,0.62,125,126,core-v1
2026-09-29T17:07:29+00:00,2026,6,core,2026,regular,4,Hawai'i,Mountain West,-11.55,-7.48,4.07,290,260,core-v1
2026-09-29T17:07:29+00:00,2026,6,core,2026,regular,4,Sacramento State,Mid-American,-11.59,-10.76,0.83,203,206,core-v1
2026-09-29T17:07:29+00:00,2026,6,core,2026,regular,4,Marshall,Sun Belt,-11.68,3.14,14.83,166,171,core-v1
2026-09-29T17:07:29+00:00,2026,6,core,2026,regular,4,California,ACC,-12.39,-9.65,2.74,200,200,core-v1
2026-09-29T17:07:29+00:00,2026,6,core,2026,regular,4,Southern Miss,Sun Belt,-12.58,-7.25,5.34,158,200,core-v1
2026-09-29T17:07:29+00:00,2026,6,core,2026,regular,4,Eastern Michigan,Mid-American,-13.69,-9.67,4.01,226,250,core-v1
2026-09-29T17:07:29+00:00,2026,6,core,2026,regular,4,Northern Illinois,Mountain West,-14.01,-7.07,6.95,144,153,core-v1
2026-09-29T17:07:29+00:00,2026,6,core,2026,regular,4,Buffalo,Mid-American,-14.33,-7.72,6.6,106,119,core-v1
2026-09-29T17:07:29+00:00,2026,6,core,2026,regular,4,New Mexico State,Conference USA,-14.38,-5.53,8.85,179,186,core-v1
2026-09-29T17:07:29+00:00,2026,6,core,2026,regular,4,Charlotte,American Athletic,-14.5,-16.39,-1.89,146,197,core-v1
2026-09-29T17:07:29+00:00,2026,6,core,2026,regular,4,Kennesaw State,Conference USA,-15.5,-5.13,10.37,154,185,core-v1
2026-09-29T17:07:29+00:00,2026,6,core,2026,regular,4,Washington State,Pac-12,-15.5,-15,0.5,163,198,core-v1
2026-09-29T17:07:29+00:00,2026,6,core,2026,regular,4,UL Monroe,Sun Belt,-16.84,-6.44,10.41,137,185,core-v1
2026-09-29T17:07:29+00:00,2026,6,core,2026,regular,4,Kent State,Mid-American,-18.28,-12.03,6.25,127,129,core-v1
2026-09-29T17:07:29+00:00,2026,6,core,2026,regular,4,Missouri State,Conference USA,-18.77,-9.77,9,150,213,core-v1
2026-09-29T17:07:29+00:00,2026,6,core,2026,regular,4,Ball State,Mid-American,-19.12,-6.67,12.45,128,168,core-v1
2026-09-29T17:07:29+00:00,2026,6,core,2026,regular,4,Akron,Mid-American,-19.77,-12.05,7.73,151,159,core-v1
2026-09-29T17:07:29+00:00,2026,6,core,2026,regular,4,Bowling Green,Mid-American,-21.35,-14.35,6.99,114,131,core-v1
2026-09-29T17:07:29+00:00,2026,6,core,2026,regular,4,UTEP,Mountain West,-22.6,-7.87,14.72,106,141,core-v1
2026-09-29T17:07:29+00:00,2026,6,core,2026,regular,4,Western Kentucky,Conference USA,-28.57,-14.09,14.47,145,117,core-v1
2026-10-05T13:49:22+00:00,2026,6,core,2026,regular,5,Alabama,SEC,34.53,16.16,-18.36,280,268,core-v1
2026-10-05T13:49:22+00:00,2026,6,core,2026,regular,5,Notre Dame,FBS Independents,30.42,15.15,-15.27,262,208,core-v1
2026-10-05T13:49:22+00:00,2026,6,core,2026,regular,5,Missouri,SEC,25.86,10.3,-15.56,246,259,core-v1
2026-10-05T13:49:22+00:00,2026,6,core,2026,regular,5,Ohio State,Big Ten,23.05,14.74,-8.3,286,248,core-v1
2026-10-05T13:49:22+00:00,2026,6,core,2026,regular,5,LSU,SEC,22.99,5.18,-17.82,241,183,core-v1
2026-10-05T13:49:22+00:00,2026,6,core,2026,regular,5,Georgia,SEC,21.59,10.97,-10.62,173,165,core-v1
2026-10-05T13:49:22+00:00,2026,6,core,2026,regular,5,Utah,Big 12,20.26,11.19,-9.07,150,146,core-v1
2026-10-05T13:49:22+00:00,2026,6,core,2026,regular,5,Wisconsin,Big Ten,19.62,4.47,-15.16,226,233,core-v1
2026-10-05T13:49:22+00:00,2026,6,core,2026,regular,5,Mississippi State,SEC,19.22,15.96,-3.25,298,292,core-v1
2026-10-05T13:49:22+00:00,2026,6,core,2026,regular,5,Miami,ACC,19.03,12.63,-6.4,211,190,core-v1
2026-10-05T13:49:22+00:00,2026,6,core,2026,regular,5,Nebraska,Big Ten,18.9,10.37,-8.52,251,199,core-v1
2026-10-05T13:49:22+00:00,2026,6,core,2026,regular,5,UCLA,Big Ten,18.74,9.82,-8.91,238,243,core-v1
2026-10-05T13:49:22+00:00,2026,6,core,2026,regular,5,Indiana,Big Ten,18.14,11.47,-6.66,210,196,core-v1
2026-10-05T13:49:22+00:00,2026,6,core,2026,regular,5,BYU,Big 12,17.84,9.87,-7.97,158,158,core-v1
2026-10-05T13:49:22+00:00,2026,6,core,2026,regular,5,Texas Tech,Big 12,13.32,6.47,-6.85,246,278,core-v1
2026-10-05T13:49:22+00:00,2026,6,core,2026,regular,5,Arizona,Big 12,13.13,11.07,-2.06,236,222,core-v1
2026-10-05T13:49:22+00:00,2026,6,core,2026,regular,5,Northwestern,Big Ten,12.93,12.17,-0.76,174,171,core-v1
2026-10-05T13:49:22+00:00,2026,6,core,2026,regular,5,North Dakota State,Mountain West,12.41,2.78,-9.63,232,204,core-v1
2026-10-05T13:49:22+00:00,2026,6,core,2026,regular,5,Fresno State,Pac-12,12.36,2.9,-9.46,266,255,core-v1
2026-10-05T13:49:22+00:00,2026,6,core,2026,regular,5,Duke,ACC,11.99,1.47,-10.52,196,166,core-v1
2026-10-05T13:49:22+00:00,2026,6,core,2026,regular,5,Wake Forest,ACC,11.79,6.4,-5.39,284,294,core-v1
2026-10-05T13:49:22+00:00,2026,6,core,2026,regular,5,Boise State,Pac-12,11.49,9.48,-2.01,253,208,core-v1
2026-10-05T13:49:22+00:00,2026,6,core,2026,regular,5,Texas,SEC,11.11,-1.64,-12.74,258,218,core-v1
2026-10-05T13:49:22+00:00,2026,6,core,2026,regular,5,Penn State,Big Ten,11.01,2.34,-8.67,259,245,core-v1
2026-10-05T13:49:22+00:00,2026,6,core,2026,regular,5,Houston,Big 12,10.99,11.52,0.53,287,255,core-v1
2026-10-05T13:49:22+00:00,2026,6,core,2026,regular,5,Liberty,Conference USA,10.34,6.35,-4,243,197,core-v1
2026-10-05T13:49:22+00:00,2026,6,core,2026,regular,5,James Madison,Sun Belt,9.94,4.92,-5.01,266,279,core-v1
2026-10-05T13:49:22+00:00,2026,6,core,2026,regular,5,Louisiana,Sun Belt,9.77,-1.15,-10.92,252,225,core-v1
2026-10-05T13:49:22+00:00,2026,6,core,2026,regular,5,Tennessee,SEC,9.34,0.14,-9.2,263,228,core-v1
2026-10-05T13:49:22+00:00,2026,6,core,2026,regular,5,Baylor,Big 12,9.05,4.76,-4.3,296,283,core-v1
2026-10-05T13:49:22+00:00,2026,6,core,2026,regular,5,Oklahoma State,Big 12,8.68,-0.12,-8.8,237,202,core-v1
2026-10-05T13:49:22+00:00,2026,6,core,2026,regular,5,Kentucky,SEC,8.36,-0.01,-8.37,249,259,core-v1
2026-10-05T13:49:22+00:00,2026,6,core,2026,regular,5,Oklahoma,SEC,8.35,-5.9,-14.25,205,186,core-v1
2026-10-05T13:49:22+00:00,2026,6,core,2026,regular,5,Michigan,Big Ten,8.34,-0.31,-8.65,279,284,core-v1
2026-10-05T13:49:22+00:00,2026,6,core,2026,regular,5,USC,Big Ten,8.26,15.71,7.45,374,296,core-v1
2026-10-05T13:49:22+00:00,2026,6,core,2026,regular,5,Oregon,Big Ten,8.2,1.4,-6.81,190,224,core-v1
2026-10-05T13:49:22+00:00,2026,6,core,2026,regular,5,New Mexico,Mountain West,8.17,1.05,-7.12,206,167,core-v1
2026-10-05T13:49:22+00:00,2026,6,core,2026,regular,5,Oregon State,Pac-12,8.07,4.21,-3.86,253,235,core-v1
2026-10-05T13:49:22+00:00,2026,6,core,2026,regular,5,Florida,SEC,7.7,10.36,2.66,232,234,core-v1
2026-10-05T13:49:22+00:00,2026,6,core,2026,regular,5,Kansas,Big 12,7.27,-1.15,-8.42,195,166,core-v1
2026-10-05T13:49:22+00:00,2026,6,core,2026,regular,5,Memphis,American Athletic,7.13,14.16,7.03,228,239,core-v1
2026-10-05T13:49:22+00:00,2026,6,core,2026,regular,5,Pittsburgh,ACC,6.59,0.75,-5.84,243,231,core-v1
2026-10-05T13:49:22+00:00,2026,6,core,2026,regular,5,TCU,Big 12,5.18,-9.05,-14.23,258,224,core-v1
2026-10-05T13:49:22+00:00,2026,6,core,2026,regular,5,Georgia State,Sun Belt,4.78,6.33,1.55,240,229,core-v1
2026-10-05T13:49:22+00:00,2026,6,core,2026,regular,5,Toledo,Mid-American,4.3,5.44,1.14,252,252,core-v1
2026-10-05T13:49:22+00:00,2026,6,core,2026,regular,5,Ole Miss,SEC,3.9,11.94,8.03,250,251,core-v1
2026-10-05T13:49:22+00:00,2026,6,core,2026,regular,5,SMU,ACC,3.06,2.21,-0.85,284,252,core-v1
2026-10-05T13:49:22+00:00,2026,6,core,2026,regular,5,Texas State,Pac-12,2.71,10.57,7.86,288,260,core-v1
2026-10-05T13:49:22+00:00,2026,6,core,2026,regular,5,South Florida,American Athletic,2.51,-6.48,-8.99,229,248,core-v1
2026-10-05T13:49:22+00:00,2026,6,core,2026,regular,5,Virginia Tech,ACC,2.35,4.14,1.79,285,214,core-v1
2026-10-05T13:49:22+00:00,2026,6,core,2026,regular,5,Vanderbilt,SEC,2.3,-1.17,-3.47,243,263,core-v1
2026-10-05T13:49:22+00:00,2026,6,core,2026,regular,5,Louisville,ACC,1.63,6.58,4.94,255,297,core-v1
2026-10-05T13:49:22+00:00,2026,6,core,2026,regular,5,UAB,American Athletic,1.61,-2.89,-4.5,244,246,core-v1
2026-10-05T13:49:22+00:00,2026,6,core,2026,regular,5,Iowa State,Big 12,1.54,2.56,1.02,241,213,core-v1
2026-10-05T13:49:22+00:00,2026,6,core,2026,regular,5,Auburn,SEC,1.21,-3.34,-4.55,329,353,core-v1
2026-10-05T13:49:22+00:00,2026,6,core,2026,regular,5,Massachusetts,Mid-American,1.18,2.75,1.57,148,154,core-v1
2026-10-05T13:49:22+00:00,2026,6,core,2026,regular,5,Washington,Big Ten,1.13,-3.9,-5.03,247,242,core-v1
2026-10-05T13:49:22+00:00,2026,6,core,2026,regular,5,Clemson,ACC,1.09,-7.42,-8.5,300,313,core-v1
2026-10-05T13:49:22+00:00,2026,6,core,2026,regular,5,East Carolina,American Athletic,1.04,-3.94,-4.98,162,192,core-v1
2026-10-05T13:49:22+00:00,2026,6,core,2026,regular,5,Kansas State,Big 12,0.96,4.76,3.81,205,145,core-v1
2026-10-05T13:49:22+00:00,2026,6,core,2026,regular,5,Iowa,Big Ten,0.71,-2.63,-3.34,212,214,core-v1
2026-10-05T13:49:22+00:00,2026,6,core,2026,regular,5,Tulsa,American Athletic,0.68,-4.77,-5.46,247,301,core-v1
2026-10-05T13:49:22+00:00,2026,6,core,2026,regular,5,UTSA,American Athletic,0.38,-0.71,-1.1,257,287,core-v1
2026-10-05T13:49:22+00:00,2026,6,core,2026,regular,5,Florida State,ACC,0.21,7.57,7.36,246,246,core-v1
2026-10-05T13:49:22+00:00,2026,6,core,2026,regular,5,Texas A&M,SEC,0.15,-2.6,-2.75,299,214,core-v1
2026-10-05T13:49:22+00:00,2026,6,core,2026,regular,5,UCF,Big 12,-0.02,-8.99,-8.97,221,297,core-v1
2026-10-05T13:49:22+00:00,2026,6,core,2026,regular,5,South Carolina,SEC,-0.1,6.03,6.12,241,214,core-v1
2026-10-05T13:49:22+00:00,2026,6,core,2026,regular,5,Air Force,Mountain West,-0.14,1.12,1.25,210,168,core-v1
2026-10-05T13:49:22+00:00,2026,6,core,2026,regular,5,Temple,American Athletic,-0.57,3.45,4.02,216,264,core-v1
2026-10-05T13:49:22+00:00,2026,6,core,2026,regular,5,Michigan State,Big Ten,-0.72,-3.75,-3.03,314,282,core-v1
2026-10-05T13:49:22+00:00,2026,6,core,2026,regular,5,Illinois,Big Ten,-0.92,11.05,11.96,239,249,core-v1
2026-10-05T13:49:22+00:00,2026,6,core,2026,regular,5,Utah State,Pac-12,-1.12,-5.96,-4.84,206,270,core-v1
2026-10-05T13:49:22+00:00,2026,6,core,2026,regular,5,North Texas,American Athletic,-1.15,8.05,9.21,269,245,core-v1
2026-10-05T13:49:22+00:00,2026,6,core,2026,regular,5,Purdue,Big Ten,-1.39,9.23,10.61,222,233,core-v1
2026-10-05T13:49:22+00:00,2026,6,core,2026,regular,5,Cincinnati,Big 12,-1.4,2.23,3.63,232,255,core-v1
2026-10-05T13:49:22+00:00,2026,6,core,2026,regular,5,Maryland,Big Ten,-1.5,-4.13,-2.62,231,231,core-v1
2026-10-05T13:49:22+00:00,2026,6,core,2026,regular,5,Minnesota,Big Ten,-1.82,-6.41,-4.6,232,202,core-v1
2026-10-05T13:49:22+00:00,2026,6,core,2026,regular,5,San José State,Mountain West,-1.88,-6.14,-4.26,244,256,core-v1
2026-10-05T13:49:22+00:00,2026,6,core,2026,regular,5,Jacksonville State,Conference USA,-2.11,1.71,3.82,219,242,core-v1
2026-10-05T13:49:22+00:00,2026,6,core,2026,regular,5,Syracuse,ACC,-2.12,-3.49,-1.36,230,194,core-v1
2026-10-05T13:49:22+00:00,2026,6,core,2026,regular,5,Georgia Southern,Sun Belt,-2.86,-0.79,2.07,259,251,core-v1
2026-10-05T13:49:22+00:00,2026,6,core,2026,regular,5,UConn,FBS Independents,-3.47,0.12,3.59,234,255,core-v1
2026-10-05T13:49:22+00:00,2026,6,core,2026,regular,5,UNLV,Mountain West,-3.53,-5.97,-2.44,312,319,core-v1
2026-10-05T13:49:22+00:00,2026,6,core,2026,regular,5,Miami (OH),Mid-American,-3.77,5.78,9.55,212,243,core-v1
2026-10-05T13:49:22+00:00,2026,6,core,2026,regular,5,Florida Atlantic,American Athletic,-3.83,-0.75,3.08,259,206,core-v1
2026-10-05T13:49:22+00:00,2026,6,core,2026,regular,5,Troy,Sun Belt,-3.97,-5.45,-1.48,218,176,core-v1
2026-10-05T13:49:22+00:00,2026,6,core,2026,regular,5,Louisiana Tech,Sun Belt,-4.24,-7.33,-3.09,169,205,core-v1
2026-10-05T13:49:22+00:00,2026,6,core,2026,regular,5,Navy,American Athletic,-4.34,-7.79,-3.46,165,193,core-v1
2026-10-05T13:49:22+00:00,2026,6,core,2026,regular,5,Virginia,ACC,-5.34,-2.44,2.91,233,188,core-v1
2026-10-05T13:49:22+00:00,2026,6,core,2026,regular,5,Western Michigan,Mid-American,-5.55,-4.18,1.37,227,226,core-v1
2026-10-05T13:49:22+00:00,2026,6,core,2026,regular,5,North Carolina,ACC,-5.73,0.43,6.16,175,209,core-v1
2026-10-05T13:49:22+00:00,2026,6,core,2026,regular,5,Central Michigan,Mid-American,-5.99,1.52,7.51,166,196,core-v1
2026-10-05T13:49:22+00:00,2026,6,core,2026,regular,5,Florida International,Conference USA,-6.23,-10.16,-3.93,229,191,core-v1
2026-10-05T13:49:22+00:00,2026,6,core,2026,regular,5,Sam Houston,Conference USA,-6.59,-3.71,2.88,188,190,core-v1
2026-10-05T13:49:22+00:00,2026,6,core,2026,regular,5,Boston College,ACC,-6.6,-8.6,-1.99,253,266,core-v1
2026-10-05T13:49:22+00:00,2026,6,core,2026,regular,5,Stanford,ACC,-6.84,2.18,9.02,256,299,core-v1
2026-10-05T13:49:22+00:00,2026,6,core,2026,regular,5,Eastern Michigan,Mid-American,-7.19,-4.65,2.54,280,292,core-v1
2026-10-05T13:49:22+00:00,2026,6,core,2026,regular,5,Colorado,Big 12,-7.31,-15.99,-8.68,282,242,core-v1
2026-10-05T13:49:22+00:00,2026,6,core,2026,regular,5,Tulane,American Athletic,-7.45,-4.58,2.87,239,276,core-v1
2026-10-05T13:49:22+00:00,2026,6,core,2026,regular,5,Arkansas State,Sun Belt,-7.58,1.74,9.32,224,255,core-v1
2026-10-05T13:49:22+00:00,2026,6,core,2026,regular,5,Wyoming,Mountain West,-7.68,-2.46,5.22,206,263,core-v1
2026-10-05T13:49:22+00:00,2026,6,core,2026,regular,5,San Diego State,Pac-12,-7.72,-14.15,-6.43,224,294,core-v1
2026-10-05T13:49:22+00:00,2026,6,core,2026,regular,5,Georgia Tech,ACC,-7.89,1.16,9.04,193,211,core-v1
2026-10-05T13:49:22+00:00,2026,6,core,2026,regular,5,App State,Sun Belt,-7.92,-1.84,6.08,207,206,core-v1
2026-10-05T13:49:22+00:00,2026,6,core,2026,regular,5,Ohio,Mid-American,-8.05,1.38,9.43,234,271,core-v1
2026-10-05T13:49:22+00:00,2026,6,core,2026,regular,5,Nevada,Mountain West,-8.06,0.11,8.17,160,207,core-v1
2026-10-05T13:49:22+00:00,2026,6,core,2026,regular,5,Army,American Athletic,-8.88,10.09,18.96,194,164,core-v1
2026-10-05T13:49:22+00:00,2026,6,core,2026,regular,5,Rice,American Athletic,-9.38,-6.16,3.22,208,231,core-v1
2026-10-05T13:49:22+00:00,2026,6,core,2026,regular,5,Middle Tennessee,Conference USA,-9.69,-6.04,3.65,222,242,core-v1
2026-10-05T13:49:22+00:00,2026,6,core,2026,regular,5,NC State,ACC,-9.95,-0.13,9.82,274,232,core-v1
2026-10-05T13:49:22+00:00,2026,6,core,2026,regular,5,Arizona State,Big 12,-10.11,-5.56,4.55,178,185,core-v1
2026-10-05T13:49:22+00:00,2026,6,core,2026,regular,5,South Alabama,Sun Belt,-10.37,4.98,15.35,260,233,core-v1
2026-10-05T13:49:22+00:00,2026,6,core,2026,regular,5,Arkansas,SEC,-10.41,-5.93,4.48,189,183,core-v1
2026-10-05T13:49:22+00:00,2026,6,core,2026,regular,5,West Virginia,Big 12,-10.64,2.75,13.39,292,278,core-v1
2026-10-05T13:49:22+00:00,2026,6,core,2026,regular,5,Hawai'i,Mountain West,-11.12,-5.32,5.8,352,322,core-v1
2026-10-05T13:49:22+00:00,2026,6,core,2026,regular,5,Coastal Carolina,Sun Belt,-11.15,-3.22,7.93,254,257,core-v1
2026-10-05T13:49:22+00:00,2026,6,core,2026,regular,5,Marshall,Sun Belt,-11.42,5.29,16.71,243,237,core-v1
2026-10-05T13:49:22+00:00,2026,6,core,2026,regular,5,Sacramento State,Mid-American,-11.43,-10.5,0.93,203,206,core-v1
2026-10-05T13:49:22+00:00,2026,6,core,2026,regular,5,Northern Illinois,Mountain West,-12.21,-5.85,6.36,144,153,core-v1
2026-10-05T13:49:22+00:00,2026,6,core,2026,regular,5,California,ACC,-12.3,-10.66,1.63,283,259,core-v1
2026-10-05T13:49:22+00:00,2026,6,core,2026,regular,5,New Mexico State,Conference USA,-12.48,-7.69,4.79,238,260,core-v1
2026-10-05T13:49:22+00:00,2026,6,core,2026,regular,5,Kennesaw State,Conference USA,-13.58,-4.65,8.93,154,185,core-v1
2026-10-05T13:49:22+00:00,2026,6,core,2026,regular,5,Delaware,Conference USA,-13.72,-8.65,5.07,206,239,core-v1
2026-10-05T13:49:22+00:00,2026,6,core,2026,regular,5,Rutgers,Big Ten,-14.11,-4.86,9.25,217,234,core-v1
2026-10-05T13:49:22+00:00,2026,6,core,2026,regular,5,Colorado State,Pac-12,-14.13,4.46,18.59,234,222,core-v1
2026-10-05T13:49:22+00:00,2026,6,core,2026,regular,5,Southern Miss,Sun Belt,-14.27,-7.9,6.37,158,200,core-v1
2026-10-05T13:49:22+00:00,2026,6,core,2026,regular,5,Old Dominion,Sun Belt,-14.39,-18.83,-4.45,196,237,core-v1
2026-10-05T13:49:22+00:00,2026,6,core,2026,regular,5,Ball State,Mid-American,-16.06,-4.24,11.83,186,254,core-v1
2026-10-05T13:49:22+00:00,2026,6,core,2026,regular,5,Charlotte,American Athletic,-16.15,-14.46,1.69,174,253,core-v1
2026-10-05T13:49:22+00:00,2026,6,core,2026,regular,5,Kent State,Mid-American,-16.51,-12.92,3.59,191,183,core-v1
2026-10-05T13:49:22+00:00,2026,6,core,2026,regular,5,Bowling Green,Mid-American,-16.8,-11.69,5.11,171,190,core-v1
2026-10-05T13:49:22+00:00,2026,6,core,2026,regular,5,Buffalo,Mid-American,-17.13,-9.21,7.92,171,179,core-v1
2026-10-05T13:49:22+00:00,2026,6,core,2026,regular,5,UL Monroe,Sun Belt,-17.48,-5.78,11.7,199,250,core-v1
2026-10-05T13:49:22+00:00,2026,6,core,2026,regular,5,Washington State,Pac-12,-18.15,-20.52,-2.37,221,266,core-v1
2026-10-05T13:49:22+00:00,2026,6,core,2026,regular,5,Missouri State,Conference USA,-18.27,-9.66,8.62,150,213,core-v1
2026-10-05T13:49:22+00:00,2026,6,core,2026,regular,5,Akron,Mid-American,-20.39,-9.67,10.72,193,211,core-v1
2026-10-05T13:49:22+00:00,2026,6,core,2026,regular,5,Western Kentucky,Conference USA,-26.25,-17.22,9.03,219,176,core-v1
2026-10-05T13:49:22+00:00,2026,6,core,2026,regular,5,UTEP,Mountain West,-29.26,-12.18,17.08,143,185,core-v1
