captured_at,capture_season,capture_week,source,year,team,conference,elo
2026-09-01T12:03:27+00:00,2026,2,elo,2026,Eastern Michigan,Mid-American,1350
2026-09-01T12:03:27+00:00,2026,2,elo,2026,Florida State,ACC,1559
2026-09-01T12:03:27+00:00,2026,2,elo,2026,Hawai'i,Mountain West,1454
2026-09-01T12:03:27+00:00,2026,2,elo,2026,Jacksonville State,Conference USA,1432
2026-09-01T12:03:27+00:00,2026,2,elo,2026,Memphis,American Athletic,1541
2026-09-01T12:03:27+00:00,2026,2,elo,2026,NC State,ACC,1509
2026-09-01T12:03:27+00:00,2026,2,elo,2026,New Mexico State,Conference USA,1259
2026-09-01T12:03:27+00:00,2026,2,elo,2026,North Carolina,ACC,1395
2026-09-01T12:03:27+00:00,2026,2,elo,2026,North Dakota State,Mountain West,1562
2026-09-01T12:03:27+00:00,2026,2,elo,2026,Sacramento State,Mid-American,1476
2026-09-01T12:03:27+00:00,2026,2,elo,2026,San José State,Mountain West,1395
2026-09-01T12:03:27+00:00,2026,2,elo,2026,Stanford,ACC,1408
2026-09-01T12:03:27+00:00,2026,2,elo,2026,TCU,Big 12,1598
2026-09-01T12:03:27+00:00,2026,2,elo,2026,UNLV,Mountain West,1566
2026-09-01T12:03:27+00:00,2026,2,elo,2026,USC,Big Ten,1763
2026-09-01T12:03:27+00:00,2026,2,elo,2026,Virginia,ACC,1652
2026-09-08T12:02:48+00:00,2026,3,elo,2026,Air Force,Mountain West,1424
2026-09-08T12:02:48+00:00,2026,3,elo,2026,Akron,Mid-American,929
2026-09-08T12:02:48+00:00,2026,3,elo,2026,Alabama,SEC,1823
2026-09-08T12:02:48+00:00,2026,3,elo,2026,App State,Sun Belt,1310
2026-09-08T12:02:48+00:00,2026,3,elo,2026,Arizona,Big 12,1625
2026-09-08T12:02:48+00:00,2026,3,elo,2026,Arizona State,Big 12,1572
2026-09-08T12:02:48+00:00,2026,3,elo,2026,Arkansas,SEC,1547
2026-09-08T12:02:48+00:00,2026,3,elo,2026,Arkansas State,Sun Belt,1353
2026-09-08T12:02:48+00:00,2026,3,elo,2026,Army,American Athletic,1527
2026-09-08T12:02:48+00:00,2026,3,elo,2026,Auburn,SEC,1613
2026-09-08T12:02:48+00:00,2026,3,elo,2026,Ball State,Mid-American,1112
2026-09-08T12:02:48+00:00,2026,3,elo,2026,Baylor,Big 12,1506
2026-09-08T12:02:48+00:00,2026,3,elo,2026,Boise State,Pac-12,1569
2026-09-08T12:02:48+00:00,2026,3,elo,2026,Boston College,ACC,1370
2026-09-08T12:02:48+00:00,2026,3,elo,2026,Bowling Green,Mid-American,1340
2026-09-08T12:02:48+00:00,2026,3,elo,2026,Buffalo,Mid-American,1365
2026-09-08T12:02:48+00:00,2026,3,elo,2026,BYU,Big 12,1666
2026-09-08T12:02:48+00:00,2026,3,elo,2026,California,ACC,1349
2026-09-08T12:02:48+00:00,2026,3,elo,2026,Central Michigan,Mid-American,1259
2026-09-08T12:02:48+00:00,2026,3,elo,2026,Charlotte,American Athletic,1182
2026-09-08T12:02:48+00:00,2026,3,elo,2026,Cincinnati,Big 12,1516
2026-09-08T12:02:48+00:00,2026,3,elo,2026,Clemson,ACC,1541
2026-09-08T12:02:48+00:00,2026,3,elo,2026,Coastal Carolina,Sun Belt,1270
2026-09-08T12:02:48+00:00,2026,3,elo,2026,Colorado,Big 12,1406
2026-09-08T12:02:48+00:00,2026,3,elo,2026,Colorado State,Pac-12,1336
2026-09-08T12:02:48+00:00,2026,3,elo,2026,Delaware,Conference USA,1404
2026-09-08T12:02:48+00:00,2026,3,elo,2026,Duke,ACC,1607
2026-09-08T12:02:48+00:00,2026,3,elo,2026,East Carolina,American Athletic,1477
2026-09-08T12:02:48+00:00,2026,3,elo,2026,Eastern Michigan,Mid-American,1353
2026-09-08T12:02:48+00:00,2026,3,elo,2026,Florida,SEC,1658
2026-09-08T12:02:48+00:00,2026,3,elo,2026,Florida Atlantic,American Athletic,1189
2026-09-08T12:02:48+00:00,2026,3,elo,2026,Florida International,Conference USA,1385
2026-09-08T12:02:48+00:00,2026,3,elo,2026,Florida State,ACC,1551
2026-09-08T12:02:48+00:00,2026,3,elo,2026,Fresno State,Pac-12,1449
2026-09-08T12:02:48+00:00,2026,3,elo,2026,Georgia,SEC,1871
2026-09-08T12:02:48+00:00,2026,3,elo,2026,Georgia Southern,Sun Belt,1376
2026-09-08T12:02:48+00:00,2026,3,elo,2026,Georgia State,Sun Belt,1241
2026-09-08T12:02:48+00:00,2026,3,elo,2026,Georgia Tech,ACC,1553
2026-09-08T12:02:48+00:00,2026,3,elo,2026,Hawai'i,Mountain West,1426
2026-09-08T12:02:48+00:00,2026,3,elo,2026,Houston,Big 12,1514
2026-09-08T12:02:48+00:00,2026,3,elo,2026,Illinois,Big Ten,1595
2026-09-08T12:02:48+00:00,2026,3,elo,2026,Indiana,Big Ten,2113
2026-09-08T12:02:48+00:00,2026,3,elo,2026,Iowa,Big Ten,1847
2026-09-08T12:02:48+00:00,2026,3,elo,2026,Iowa State,Big 12,1586
2026-09-08T12:02:48+00:00,2026,3,elo,2026,Jacksonville State,Conference USA,1432
2026-09-08T12:02:48+00:00,2026,3,elo,2026,James Madison,Sun Belt,1776
2026-09-08T12:02:48+00:00,2026,3,elo,2026,Kansas,Big 12,1510
2026-09-08T12:02:48+00:00,2026,3,elo,2026,Kansas State,Big 12,1616
2026-09-08T12:02:48+00:00,2026,3,elo,2026,Kennesaw State,Conference USA,1373
2026-09-08T12:02:48+00:00,2026,3,elo,2026,Kent State,Mid-American,1056
2026-09-08T12:02:48+00:00,2026,3,elo,2026,Kentucky,SEC,1476
2026-09-08T12:02:48+00:00,2026,3,elo,2026,Liberty,Conference USA,1697
2026-09-08T12:02:48+00:00,2026,3,elo,2026,Louisiana,Sun Belt,1389
2026-09-08T12:02:48+00:00,2026,3,elo,2026,Louisiana Tech,Sun Belt,1454
2026-09-08T12:02:48+00:00,2026,3,elo,2026,Louisville,ACC,1668
2026-09-08T12:02:48+00:00,2026,3,elo,2026,LSU,SEC,1745
2026-09-08T12:02:48+00:00,2026,3,elo,2026,Marshall,Sun Belt,1389
2026-09-08T12:02:48+00:00,2026,3,elo,2026,Maryland,Big Ten,1424
2026-09-08T12:02:48+00:00,2026,3,elo,2026,Massachusetts,Mid-American,1076
2026-09-08T12:02:48+00:00,2026,3,elo,2026,Memphis,American Athletic,1566
2026-09-08T12:02:48+00:00,2026,3,elo,2026,Miami,ACC,1901
2026-09-08T12:02:48+00:00,2026,3,elo,2026,Miami (OH),Mid-American,1259
2026-09-08T12:02:48+00:00,2026,3,elo,2026,Michigan,Big Ten,1686
2026-09-08T12:02:48+00:00,2026,3,elo,2026,Michigan State,Big Ten,1468
2026-09-08T12:02:48+00:00,2026,3,elo,2026,Middle Tennessee,Conference USA,1276
2026-09-08T12:02:48+00:00,2026,3,elo,2026,Minnesota,Big Ten,1510
2026-09-08T12:02:48+00:00,2026,3,elo,2026,Mississippi State,SEC,1584
2026-09-08T12:02:48+00:00,2026,3,elo,2026,Missouri,SEC,1666
2026-09-08T12:02:48+00:00,2026,3,elo,2026,Missouri State,Conference USA,1284
2026-09-08T12:02:48+00:00,2026,3,elo,2026,Navy,American Athletic,1550
2026-09-08T12:02:48+00:00,2026,3,elo,2026,NC State,ACC,1506
2026-09-08T12:02:48+00:00,2026,3,elo,2026,Nebraska,Big Ten,1592
2026-09-08T12:02:48+00:00,2026,3,elo,2026,Nevada,Mountain West,1462
2026-09-08T12:02:48+00:00,2026,3,elo,2026,New Mexico,Mountain West,1558
2026-09-08T12:02:48+00:00,2026,3,elo,2026,New Mexico State,Conference USA,1259
2026-09-08T12:02:48+00:00,2026,3,elo,2026,North Carolina,ACC,1398
2026-09-08T12:02:48+00:00,2026,3,elo,2026,North Dakota State,Mountain West,1562
2026-09-08T12:02:48+00:00,2026,3,elo,2026,Northern Illinois,Mountain West,1266
2026-09-08T12:02:48+00:00,2026,3,elo,2026,North Texas,American Athletic,1590
2026-09-08T12:02:48+00:00,2026,3,elo,2026,Northwestern,Big Ten,1549
2026-09-08T12:02:48+00:00,2026,3,elo,2026,Notre Dame,FBS Independents,2021
2026-09-08T12:02:48+00:00,2026,3,elo,2026,Ohio,Mid-American,1318
2026-09-08T12:02:48+00:00,2026,3,elo,2026,Ohio State,Big Ten,1986
2026-09-08T12:02:48+00:00,2026,3,elo,2026,Oklahoma,SEC,1799
2026-09-08T12:02:48+00:00,2026,3,elo,2026,Oklahoma State,Big 12,1212
2026-09-08T12:02:48+00:00,2026,3,elo,2026,Old Dominion,Sun Belt,1336
2026-09-08T12:02:48+00:00,2026,3,elo,2026,Ole Miss,SEC,1837
2026-09-08T12:02:48+00:00,2026,3,elo,2026,Oregon,Big Ten,1873
2026-09-08T12:02:48+00:00,2026,3,elo,2026,Oregon State,Pac-12,1260
2026-09-08T12:02:48+00:00,2026,3,elo,2026,Penn State,Big Ten,1891
2026-09-08T12:02:48+00:00,2026,3,elo,2026,Pittsburgh,ACC,1681
2026-09-08T12:02:48+00:00,2026,3,elo,2026,Purdue,Big Ten,1318
2026-09-08T12:02:48+00:00,2026,3,elo,2026,Rice,American Athletic,1196
2026-09-08T12:02:48+00:00,2026,3,elo,2026,Rutgers,Big Ten,1381
2026-09-08T12:02:48+00:00,2026,3,elo,2026,Sacramento State,Mid-American,1476
2026-09-08T12:02:48+00:00,2026,3,elo,2026,Sam Houston,Conference USA,1164
2026-09-08T12:02:48+00:00,2026,3,elo,2026,San Diego State,Pac-12,1518
2026-09-08T12:02:48+00:00,2026,3,elo,2026,San José State,Mountain West,1413
2026-09-08T12:02:48+00:00,2026,3,elo,2026,SMU,ACC,1734
2026-09-08T12:02:48+00:00,2026,3,elo,2026,South Alabama,Sun Belt,1390
2026-09-08T12:02:48+00:00,2026,3,elo,2026,South Carolina,SEC,1742
2026-09-08T12:02:48+00:00,2026,3,elo,2026,Southern Miss,Sun Belt,1350
2026-09-08T12:02:48+00:00,2026,3,elo,2026,South Florida,American Athletic,1679
2026-09-08T12:02:48+00:00,2026,3,elo,2026,Stanford,ACC,1354
2026-09-08T12:02:48+00:00,2026,3,elo,2026,Syracuse,ACC,1288
2026-09-08T12:02:48+00:00,2026,3,elo,2026,TCU,Big 12,1595
2026-09-08T12:02:48+00:00,2026,3,elo,2026,Temple,American Athletic,1312
2026-09-08T12:02:48+00:00,2026,3,elo,2026,Tennessee,SEC,1691
2026-09-08T12:02:48+00:00,2026,3,elo,2026,Texas,SEC,1913
2026-09-08T12:02:48+00:00,2026,3,elo,2026,Texas A&M,SEC,1849
2026-09-08T12:02:48+00:00,2026,3,elo,2026,Texas State,Pac-12,1441
2026-09-08T12:02:48+00:00,2026,3,elo,2026,Texas Tech,Big 12,1870
2026-09-08T12:02:48+00:00,2026,3,elo,2026,Toledo,Mid-American,1568
2026-09-08T12:02:48+00:00,2026,3,elo,2026,Troy,Sun Belt,1420
2026-09-08T12:02:48+00:00,2026,3,elo,2026,Tulane,American Athletic,1529
2026-09-08T12:02:48+00:00,2026,3,elo,2026,Tulsa,American Athletic,1268
2026-09-08T12:02:48+00:00,2026,3,elo,2026,UAB,American Athletic,1411
2026-09-08T12:02:48+00:00,2026,3,elo,2026,UCF,Big 12,1465
2026-09-08T12:02:48+00:00,2026,3,elo,2026,UCLA,Big Ten,1438
2026-09-08T12:02:48+00:00,2026,3,elo,2026,UConn,FBS Independents,1484
2026-09-08T12:02:48+00:00,2026,3,elo,2026,UL Monroe,Sun Belt,1071
2026-09-08T12:02:48+00:00,2026,3,elo,2026,UNLV,Mountain West,1589
2026-09-08T12:02:48+00:00,2026,3,elo,2026,USC,Big Ten,1835
2026-09-08T12:02:48+00:00,2026,3,elo,2026,Utah,Big 12,1817
2026-09-08T12:02:48+00:00,2026,3,elo,2026,Utah State,Pac-12,1376
2026-09-08T12:02:48+00:00,2026,3,elo,2026,UTEP,Mountain West,1163
2026-09-08T12:02:48+00:00,2026,3,elo,2026,UTSA,American Athletic,1522
2026-09-08T12:02:48+00:00,2026,3,elo,2026,Vanderbilt,SEC,1753
2026-09-08T12:02:48+00:00,2026,3,elo,2026,Virginia,ACC,1655
2026-09-08T12:02:48+00:00,2026,3,elo,2026,Virginia Tech,ACC,1421
2026-09-08T12:02:48+00:00,2026,3,elo,2026,Wake Forest,ACC,1516
2026-09-08T12:02:48+00:00,2026,3,elo,2026,Washington,Big Ten,1762
2026-09-08T12:02:48+00:00,2026,3,elo,2026,Washington State,Pac-12,1601
2026-09-08T12:02:48+00:00,2026,3,elo,2026,Western Kentucky,Conference USA,1327
2026-09-08T12:02:48+00:00,2026,3,elo,2026,Western Michigan,Mid-American,1534
2026-09-08T12:02:48+00:00,2026,3,elo,2026,West Virginia,Big 12,1365
2026-09-08T12:02:48+00:00,2026,3,elo,2026,Wisconsin,Big Ten,1475
2026-09-08T12:02:48+00:00,2026,3,elo,2026,Wyoming,Mountain West,1300
2026-09-15T12:02:16+00:00,2026,4,elo,2026,Air Force,Mountain West,1423
2026-09-15T12:02:16+00:00,2026,4,elo,2026,Akron,Mid-American,905
2026-09-15T12:02:16+00:00,2026,4,elo,2026,Alabama,SEC,1859
2026-09-15T12:02:16+00:00,2026,4,elo,2026,App State,Sun Belt,1325
2026-09-15T12:02:16+00:00,2026,4,elo,2026,Arizona,Big 12,1608
2026-09-15T12:02:16+00:00,2026,4,elo,2026,Arizona State,Big 12,1531
2026-09-15T12:02:16+00:00,2026,4,elo,2026,Arkansas,SEC,1490
2026-09-15T12:02:16+00:00,2026,4,elo,2026,Arkansas State,Sun Belt,1349
2026-09-15T12:02:16+00:00,2026,4,elo,2026,Army,American Athletic,1530
2026-09-15T12:02:16+00:00,2026,4,elo,2026,Auburn,SEC,1678
2026-09-15T12:02:16+00:00,2026,4,elo,2026,Ball State,Mid-American,1076
2026-09-15T12:02:16+00:00,2026,4,elo,2026,Baylor,Big 12,1509
2026-09-15T12:02:16+00:00,2026,4,elo,2026,Boise State,Pac-12,1609
2026-09-15T12:02:16+00:00,2026,4,elo,2026,Boston College,ACC,1380
2026-09-15T12:02:16+00:00,2026,4,elo,2026,Bowling Green,Mid-American,1227
2026-09-15T12:02:16+00:00,2026,4,elo,2026,Buffalo,Mid-American,1341
2026-09-15T12:02:16+00:00,2026,4,elo,2026,BYU,Big 12,1683
2026-09-15T12:02:16+00:00,2026,4,elo,2026,California,ACC,1350
2026-09-15T12:02:16+00:00,2026,4,elo,2026,Central Michigan,Mid-American,1253
2026-09-15T12:02:16+00:00,2026,4,elo,2026,Charlotte,American Athletic,1168
2026-09-15T12:02:16+00:00,2026,4,elo,2026,Cincinnati,Big 12,1516
2026-09-15T12:02:16+00:00,2026,4,elo,2026,Clemson,ACC,1558
2026-09-15T12:02:16+00:00,2026,4,elo,2026,Coastal Carolina,Sun Belt,1270
2026-09-15T12:02:16+00:00,2026,4,elo,2026,Colorado,Big 12,1404
2026-09-15T12:02:16+00:00,2026,4,elo,2026,Colorado State,Pac-12,1327
2026-09-15T12:02:16+00:00,2026,4,elo,2026,Delaware,Conference USA,1411
2026-09-15T12:02:16+00:00,2026,4,elo,2026,Duke,ACC,1613
2026-09-15T12:02:16+00:00,2026,4,elo,2026,East Carolina,American Athletic,1462
2026-09-15T12:02:16+00:00,2026,4,elo,2026,Eastern Michigan,Mid-American,1293
2026-09-15T12:02:16+00:00,2026,4,elo,2026,Florida,SEC,1669
2026-09-15T12:02:16+00:00,2026,4,elo,2026,Florida Atlantic,American Athletic,1226
2026-09-15T12:02:16+00:00,2026,4,elo,2026,Florida International,Conference USA,1409
2026-09-15T12:02:16+00:00,2026,4,elo,2026,Florida State,ACC,1557
2026-09-15T12:02:16+00:00,2026,4,elo,2026,Fresno State,Pac-12,1591
2026-09-15T12:02:16+00:00,2026,4,elo,2026,Georgia,SEC,1948
2026-09-15T12:02:16+00:00,2026,4,elo,2026,Georgia Southern,Sun Belt,1359
2026-09-15T12:02:16+00:00,2026,4,elo,2026,Georgia State,Sun Belt,1287
2026-09-15T12:02:16+00:00,2026,4,elo,2026,Georgia Tech,ACC,1515
2026-09-15T12:02:16+00:00,2026,4,elo,2026,Hawai'i,Mountain West,1432
2026-09-15T12:02:16+00:00,2026,4,elo,2026,Houston,Big 12,1521
2026-09-15T12:02:16+00:00,2026,4,elo,2026,Illinois,Big Ten,1589
2026-09-15T12:02:16+00:00,2026,4,elo,2026,Indiana,Big Ten,2132
2026-09-15T12:02:16+00:00,2026,4,elo,2026,Iowa,Big Ten,1845
2026-09-15T12:02:16+00:00,2026,4,elo,2026,Iowa State,Big 12,1588
2026-09-15T12:02:16+00:00,2026,4,elo,2026,Jacksonville State,Conference USA,1426
2026-09-15T12:02:16+00:00,2026,4,elo,2026,James Madison,Sun Belt,1776
2026-09-15T12:02:16+00:00,2026,4,elo,2026,Kansas,Big 12,1485
2026-09-15T12:02:16+00:00,2026,4,elo,2026,Kansas State,Big 12,1684
2026-09-15T12:02:16+00:00,2026,4,elo,2026,Kennesaw State,Conference USA,1327
2026-09-15T12:02:16+00:00,2026,4,elo,2026,Kent State,Mid-American,1035
2026-09-15T12:02:16+00:00,2026,4,elo,2026,Kentucky,SEC,1440
2026-09-15T12:02:16+00:00,2026,4,elo,2026,Liberty,Conference USA,1697
2026-09-15T12:02:16+00:00,2026,4,elo,2026,Louisiana,Sun Belt,1387
2026-09-15T12:02:16+00:00,2026,4,elo,2026,Louisiana Tech,Sun Belt,1405
2026-09-15T12:02:16+00:00,2026,4,elo,2026,Louisville,ACC,1668
2026-09-15T12:02:16+00:00,2026,4,elo,2026,LSU,SEC,1794
2026-09-15T12:02:16+00:00,2026,4,elo,2026,Marshall,Sun Belt,1388
2026-09-15T12:02:16+00:00,2026,4,elo,2026,Maryland,Big Ten,1495
2026-09-15T12:02:16+00:00,2026,4,elo,2026,Massachusetts,Mid-American,1049
2026-09-15T12:02:16+00:00,2026,4,elo,2026,Memphis,American Athletic,1526
2026-09-15T12:02:16+00:00,2026,4,elo,2026,Miami,ACC,1930
2026-09-15T12:02:16+00:00,2026,4,elo,2026,Miami (OH),Mid-American,1252
2026-09-15T12:02:16+00:00,2026,4,elo,2026,Michigan,Big Ten,1702
2026-09-15T12:02:16+00:00,2026,4,elo,2026,Michigan State,Big Ten,1528
2026-09-15T12:02:16+00:00,2026,4,elo,2026,Middle Tennessee,Conference USA,1277
2026-09-15T12:02:16+00:00,2026,4,elo,2026,Minnesota,Big Ten,1452
2026-09-15T12:02:16+00:00,2026,4,elo,2026,Mississippi State,SEC,1642
2026-09-15T12:02:16+00:00,2026,4,elo,2026,Missouri,SEC,1691
2026-09-15T12:02:16+00:00,2026,4,elo,2026,Missouri State,Conference USA,1268
2026-09-15T12:02:16+00:00,2026,4,elo,2026,Navy,American Athletic,1513
2026-09-15T12:02:16+00:00,2026,4,elo,2026,NC State,ACC,1509
2026-09-15T12:02:16+00:00,2026,4,elo,2026,Nebraska,Big Ten,1705
2026-09-15T12:02:16+00:00,2026,4,elo,2026,Nevada,Mountain West,1451
2026-09-15T12:02:16+00:00,2026,4,elo,2026,New Mexico,Mountain West,1564
2026-09-15T12:02:16+00:00,2026,4,elo,2026,New Mexico State,Conference USA,1261
2026-09-15T12:02:16+00:00,2026,4,elo,2026,North Carolina,ACC,1395
2026-09-15T12:02:16+00:00,2026,4,elo,2026,North Dakota State,Mountain West,1567
2026-09-15T12:02:16+00:00,2026,4,elo,2026,Northern Illinois,Mountain West,1245
2026-09-15T12:02:16+00:00,2026,4,elo,2026,North Texas,American Athletic,1699
2026-09-15T12:02:16+00:00,2026,4,elo,2026,Northwestern,Big Ten,1549
2026-09-15T12:02:16+00:00,2026,4,elo,2026,Notre Dame,FBS Independents,2070
2026-09-15T12:02:16+00:00,2026,4,elo,2026,Ohio,Mid-American,1320
2026-09-15T12:02:16+00:00,2026,4,elo,2026,Ohio State,Big Ten,1983
2026-09-15T12:02:16+00:00,2026,4,elo,2026,Oklahoma,SEC,1783
2026-09-15T12:02:16+00:00,2026,4,elo,2026,Oklahoma State,Big 12,1274
2026-09-15T12:02:16+00:00,2026,4,elo,2026,Old Dominion,Sun Belt,1289
2026-09-15T12:02:16+00:00,2026,4,elo,2026,Ole Miss,SEC,1851
2026-09-15T12:02:16+00:00,2026,4,elo,2026,Oregon,Big Ten,1811
2026-09-15T12:02:16+00:00,2026,4,elo,2026,Oregon State,Pac-12,1285
2026-09-15T12:02:16+00:00,2026,4,elo,2026,Penn State,Big Ten,1880
2026-09-15T12:02:16+00:00,2026,4,elo,2026,Pittsburgh,ACC,1678
2026-09-15T12:02:16+00:00,2026,4,elo,2026,Purdue,Big Ten,1326
2026-09-15T12:02:16+00:00,2026,4,elo,2026,Rice,American Athletic,1147
2026-09-15T12:02:16+00:00,2026,4,elo,2026,Rutgers,Big Ten,1371
2026-09-15T12:02:16+00:00,2026,4,elo,2026,Sacramento State,Mid-American,1324
2026-09-15T12:02:16+00:00,2026,4,elo,2026,Sam Houston,Conference USA,1161
2026-09-15T12:02:16+00:00,2026,4,elo,2026,San Diego State,Pac-12,1469
2026-09-15T12:02:16+00:00,2026,4,elo,2026,San José State,Mountain West,1407
2026-09-15T12:02:16+00:00,2026,4,elo,2026,SMU,ACC,1734
2026-09-15T12:02:16+00:00,2026,4,elo,2026,South Alabama,Sun Belt,1391
2026-09-15T12:02:16+00:00,2026,4,elo,2026,South Carolina,SEC,1763
2026-09-15T12:02:16+00:00,2026,4,elo,2026,Southern Miss,Sun Belt,1285
2026-09-15T12:02:16+00:00,2026,4,elo,2026,South Florida,American Athletic,1676
2026-09-15T12:02:16+00:00,2026,4,elo,2026,Stanford,ACC,1354
2026-09-15T12:02:16+00:00,2026,4,elo,2026,Syracuse,ACC,1287
2026-09-15T12:02:16+00:00,2026,4,elo,2026,TCU,Big 12,1598
2026-09-15T12:02:16+00:00,2026,4,elo,2026,Temple,American Athletic,1323
2026-09-15T12:02:16+00:00,2026,4,elo,2026,Tennessee,SEC,1729
2026-09-15T12:02:16+00:00,2026,4,elo,2026,Texas,SEC,1916
2026-09-15T12:02:16+00:00,2026,4,elo,2026,Texas A&M,SEC,1890
2026-09-15T12:02:16+00:00,2026,4,elo,2026,Texas State,Pac-12,1438
2026-09-15T12:02:16+00:00,2026,4,elo,2026,Texas Tech,Big 12,1845
2026-09-15T12:02:16+00:00,2026,4,elo,2026,Toledo,Mid-American,1576
2026-09-15T12:02:16+00:00,2026,4,elo,2026,Troy,Sun Belt,1416
2026-09-15T12:02:16+00:00,2026,4,elo,2026,Tulane,American Athletic,1528
2026-09-15T12:02:16+00:00,2026,4,elo,2026,Tulsa,American Athletic,1271
2026-09-15T12:02:16+00:00,2026,4,elo,2026,UAB,American Athletic,1403
2026-09-15T12:02:16+00:00,2026,4,elo,2026,UCF,Big 12,1468
2026-09-15T12:02:16+00:00,2026,4,elo,2026,UCLA,Big Ten,1487
2026-09-15T12:02:16+00:00,2026,4,elo,2026,UConn,FBS Independents,1413
2026-09-15T12:02:16+00:00,2026,4,elo,2026,UL Monroe,Sun Belt,1079
2026-09-15T12:02:16+00:00,2026,4,elo,2026,UNLV,Mountain West,1480
2026-09-15T12:02:16+00:00,2026,4,elo,2026,USC,Big Ten,1837
2026-09-15T12:02:16+00:00,2026,4,elo,2026,Utah,Big 12,1874
2026-09-15T12:02:16+00:00,2026,4,elo,2026,Utah State,Pac-12,1381
2026-09-15T12:02:16+00:00,2026,4,elo,2026,UTEP,Mountain West,1143
2026-09-15T12:02:16+00:00,2026,4,elo,2026,UTSA,American Athletic,1525
2026-09-15T12:02:16+00:00,2026,4,elo,2026,Vanderbilt,SEC,1746
2026-09-15T12:02:16+00:00,2026,4,elo,2026,Virginia,ACC,1652
2026-09-15T12:02:16+00:00,2026,4,elo,2026,Virginia Tech,ACC,1468
2026-09-15T12:02:16+00:00,2026,4,elo,2026,Wake Forest,ACC,1508
2026-09-15T12:02:16+00:00,2026,4,elo,2026,Washington,Big Ten,1757
2026-09-15T12:02:16+00:00,2026,4,elo,2026,Washington State,Pac-12,1533
2026-09-15T12:02:16+00:00,2026,4,elo,2026,Western Kentucky,Conference USA,1250
2026-09-15T12:02:16+00:00,2026,4,elo,2026,Western Michigan,Mid-American,1534
2026-09-15T12:02:16+00:00,2026,4,elo,2026,West Virginia,Big 12,1365
2026-09-15T12:02:16+00:00,2026,4,elo,2026,Wisconsin,Big Ten,1455
2026-09-15T12:02:16+00:00,2026,4,elo,2026,Wyoming,Mountain West,1309
2026-09-22T12:02:08+00:00,2026,5,elo,2026,Air Force,Mountain West,1423
2026-09-22T12:02:08+00:00,2026,5,elo,2026,Akron,Mid-American,897
2026-09-22T12:02:08+00:00,2026,5,elo,2026,Alabama,SEC,1863
2026-09-22T12:02:08+00:00,2026,5,elo,2026,App State,Sun Belt,1324
2026-09-22T12:02:08+00:00,2026,5,elo,2026,Arizona,Big 12,1634
2026-09-22T12:02:08+00:00,2026,5,elo,2026,Arizona State,Big 12,1535
2026-09-22T12:02:08+00:00,2026,5,elo,2026,Arkansas,SEC,1466
2026-09-22T12:02:08+00:00,2026,5,elo,2026,Arkansas State,Sun Belt,1319
2026-09-22T12:02:08+00:00,2026,5,elo,2026,Army,American Athletic,1530
2026-09-22T12:02:08+00:00,2026,5,elo,2026,Auburn,SEC,1668
2026-09-22T12:02:08+00:00,2026,5,elo,2026,Ball State,Mid-American,1081
2026-09-22T12:02:08+00:00,2026,5,elo,2026,Baylor,Big 12,1534
2026-09-22T12:02:08+00:00,2026,5,elo,2026,Boise State,Pac-12,1606
2026-09-22T12:02:08+00:00,2026,5,elo,2026,Boston College,ACC,1379
2026-09-22T12:02:08+00:00,2026,5,elo,2026,Bowling Green,Mid-American,1132
2026-09-22T12:02:08+00:00,2026,5,elo,2026,Buffalo,Mid-American,1288
2026-09-22T12:02:08+00:00,2026,5,elo,2026,BYU,Big 12,1692
2026-09-22T12:02:08+00:00,2026,5,elo,2026,California,ACC,1353
2026-09-22T12:02:08+00:00,2026,5,elo,2026,Central Michigan,Mid-American,1291
2026-09-22T12:02:08+00:00,2026,5,elo,2026,Charlotte,American Athletic,1169
2026-09-22T12:02:08+00:00,2026,5,elo,2026,Cincinnati,Big 12,1512
2026-09-22T12:02:08+00:00,2026,5,elo,2026,Clemson,ACC,1560
2026-09-22T12:02:08+00:00,2026,5,elo,2026,Coastal Carolina,Sun Belt,1267
2026-09-22T12:02:08+00:00,2026,5,elo,2026,Colorado,Big 12,1330
2026-09-22T12:02:08+00:00,2026,5,elo,2026,Colorado State,Pac-12,1327
2026-09-22T12:02:08+00:00,2026,5,elo,2026,Delaware,Conference USA,1414
2026-09-22T12:02:08+00:00,2026,5,elo,2026,Duke,ACC,1656
2026-09-22T12:02:08+00:00,2026,5,elo,2026,East Carolina,American Athletic,1456
2026-09-22T12:02:08+00:00,2026,5,elo,2026,Eastern Michigan,Mid-American,1188
2026-09-22T12:02:08+00:00,2026,5,elo,2026,Florida,SEC,1668
2026-09-22T12:02:08+00:00,2026,5,elo,2026,Florida Atlantic,American Athletic,1243
2026-09-22T12:02:08+00:00,2026,5,elo,2026,Florida International,Conference USA,1392
2026-09-22T12:02:08+00:00,2026,5,elo,2026,Florida State,ACC,1553
2026-09-22T12:02:08+00:00,2026,5,elo,2026,Fresno State,Pac-12,1611
2026-09-22T12:02:08+00:00,2026,5,elo,2026,Georgia,SEC,1972
2026-09-22T12:02:08+00:00,2026,5,elo,2026,Georgia Southern,Sun Belt,1358
2026-09-22T12:02:08+00:00,2026,5,elo,2026,Georgia State,Sun Belt,1274
2026-09-22T12:02:08+00:00,2026,5,elo,2026,Georgia Tech,ACC,1503
2026-09-22T12:02:08+00:00,2026,5,elo,2026,Hawai'i,Mountain West,1432
2026-09-22T12:02:08+00:00,2026,5,elo,2026,Houston,Big 12,1518
2026-09-22T12:02:08+00:00,2026,5,elo,2026,Illinois,Big Ten,1587
2026-09-22T12:02:08+00:00,2026,5,elo,2026,Indiana,Big Ten,2121
2026-09-22T12:02:08+00:00,2026,5,elo,2026,Iowa,Big Ten,1841
2026-09-22T12:02:08+00:00,2026,5,elo,2026,Iowa State,Big 12,1683
2026-09-22T12:02:08+00:00,2026,5,elo,2026,Jacksonville State,Conference USA,1427
2026-09-22T12:02:08+00:00,2026,5,elo,2026,James Madison,Sun Belt,1777
2026-09-22T12:02:08+00:00,2026,5,elo,2026,Kansas,Big 12,1481
2026-09-22T12:02:08+00:00,2026,5,elo,2026,Kansas State,Big 12,1692
2026-09-22T12:02:08+00:00,2026,5,elo,2026,Kennesaw State,Conference USA,1285
2026-09-22T12:02:08+00:00,2026,5,elo,2026,Kent State,Mid-American,1007
2026-09-22T12:02:08+00:00,2026,5,elo,2026,Kentucky,SEC,1506
2026-09-22T12:02:08+00:00,2026,5,elo,2026,Liberty,Conference USA,1728
2026-09-22T12:02:08+00:00,2026,5,elo,2026,Louisiana,Sun Belt,1397
2026-09-22T12:02:08+00:00,2026,5,elo,2026,Louisiana Tech,Sun Belt,1377
2026-09-22T12:02:08+00:00,2026,5,elo,2026,Louisville,ACC,1690
2026-09-22T12:02:08+00:00,2026,5,elo,2026,LSU,SEC,1786
2026-09-22T12:02:08+00:00,2026,5,elo,2026,Marshall,Sun Belt,1391
2026-09-22T12:02:08+00:00,2026,5,elo,2026,Maryland,Big Ten,1474
2026-09-22T12:02:08+00:00,2026,5,elo,2026,Massachusetts,Mid-American,1049
2026-09-22T12:02:08+00:00,2026,5,elo,2026,Memphis,American Athletic,1529
2026-09-22T12:02:08+00:00,2026,5,elo,2026,Miami,ACC,1895
2026-09-22T12:02:08+00:00,2026,5,elo,2026,Miami (OH),Mid-American,1263
2026-09-22T12:02:08+00:00,2026,5,elo,2026,Michigan,Big Ten,1735
2026-09-22T12:02:08+00:00,2026,5,elo,2026,Michigan State,Big Ten,1537
2026-09-22T12:02:08+00:00,2026,5,elo,2026,Middle Tennessee,Conference USA,1298
2026-09-22T12:02:08+00:00,2026,5,elo,2026,Minnesota,Big Ten,1484
2026-09-22T12:02:08+00:00,2026,5,elo,2026,Mississippi State,SEC,1663
2026-09-22T12:02:08+00:00,2026,5,elo,2026,Missouri,SEC,1690
2026-09-22T12:02:08+00:00,2026,5,elo,2026,Missouri State,Conference USA,1281
2026-09-22T12:02:08+00:00,2026,5,elo,2026,Navy,American Athletic,1513
2026-09-22T12:02:08+00:00,2026,5,elo,2026,NC State,ACC,1510
2026-09-22T12:02:08+00:00,2026,5,elo,2026,Nebraska,Big Ten,1715
2026-09-22T12:02:08+00:00,2026,5,elo,2026,Nevada,Mountain West,1441
2026-09-22T12:02:08+00:00,2026,5,elo,2026,New Mexico,Mountain West,1559
2026-09-22T12:02:08+00:00,2026,5,elo,2026,New Mexico State,Conference USA,1261
2026-09-22T12:02:08+00:00,2026,5,elo,2026,North Carolina,ACC,1396
2026-09-22T12:02:08+00:00,2026,5,elo,2026,North Dakota State,Mountain West,1594
2026-09-22T12:02:08+00:00,2026,5,elo,2026,Northern Illinois,Mountain West,1240
2026-09-22T12:02:08+00:00,2026,5,elo,2026,North Texas,American Athletic,1646
2026-09-22T12:02:08+00:00,2026,5,elo,2026,Northwestern,Big Ten,1625
2026-09-22T12:02:08+00:00,2026,5,elo,2026,Notre Dame,FBS Independents,2061
2026-09-22T12:02:08+00:00,2026,5,elo,2026,Ohio,Mid-American,1318
2026-09-22T12:02:08+00:00,2026,5,elo,2026,Ohio State,Big Ten,2032
2026-09-22T12:02:08+00:00,2026,5,elo,2026,Oklahoma,SEC,1782
2026-09-22T12:02:08+00:00,2026,5,elo,2026,Oklahoma State,Big 12,1247
2026-09-22T12:02:08+00:00,2026,5,elo,2026,Old Dominion,Sun Belt,1295
2026-09-22T12:02:08+00:00,2026,5,elo,2026,Ole Miss,SEC,1859
2026-09-22T12:02:08+00:00,2026,5,elo,2026,Oregon,Big Ten,1838
2026-09-22T12:02:08+00:00,2026,5,elo,2026,Oregon State,Pac-12,1259
2026-09-22T12:02:08+00:00,2026,5,elo,2026,Penn State,Big Ten,1933
2026-09-22T12:02:08+00:00,2026,5,elo,2026,Pittsburgh,ACC,1675
2026-09-22T12:02:08+00:00,2026,5,elo,2026,Purdue,Big Ten,1311
2026-09-22T12:02:08+00:00,2026,5,elo,2026,Rice,American Athletic,1162
2026-09-22T12:02:08+00:00,2026,5,elo,2026,Rutgers,Big Ten,1391
2026-09-22T12:02:08+00:00,2026,5,elo,2026,Sacramento State,Mid-American,1297
2026-09-22T12:02:08+00:00,2026,5,elo,2026,Sam Houston,Conference USA,1155
2026-09-22T12:02:08+00:00,2026,5,elo,2026,San Diego State,Pac-12,1468
2026-09-22T12:02:08+00:00,2026,5,elo,2026,San José State,Mountain West,1393
2026-09-22T12:02:08+00:00,2026,5,elo,2026,SMU,ACC,1706
2026-09-22T12:02:08+00:00,2026,5,elo,2026,South Alabama,Sun Belt,1393
2026-09-22T12:02:08+00:00,2026,5,elo,2026,South Carolina,SEC,1721
2026-09-22T12:02:08+00:00,2026,5,elo,2026,Southern Miss,Sun Belt,1224
2026-09-22T12:02:08+00:00,2026,5,elo,2026,South Florida,American Athletic,1682
2026-09-22T12:02:08+00:00,2026,5,elo,2026,Stanford,ACC,1311
2026-09-22T12:02:08+00:00,2026,5,elo,2026,Syracuse,ACC,1290
2026-09-22T12:02:08+00:00,2026,5,elo,2026,TCU,Big 12,1629
2026-09-22T12:02:08+00:00,2026,5,elo,2026,Temple,American Athletic,1330
2026-09-22T12:02:08+00:00,2026,5,elo,2026,Tennessee,SEC,1771
2026-09-22T12:02:08+00:00,2026,5,elo,2026,Texas,SEC,1935
2026-09-22T12:02:08+00:00,2026,5,elo,2026,Texas A&M,SEC,1824
2026-09-22T12:02:08+00:00,2026,5,elo,2026,Texas State,Pac-12,1491
2026-09-22T12:02:08+00:00,2026,5,elo,2026,Texas Tech,Big 12,1841
2026-09-22T12:02:08+00:00,2026,5,elo,2026,Toledo,Mid-American,1561
2026-09-22T12:02:08+00:00,2026,5,elo,2026,Troy,Sun Belt,1421
2026-09-22T12:02:08+00:00,2026,5,elo,2026,Tulane,American Athletic,1520
2026-09-22T12:02:08+00:00,2026,5,elo,2026,Tulsa,American Athletic,1277
2026-09-22T12:02:08+00:00,2026,5,elo,2026,UAB,American Athletic,1393
2026-09-22T12:02:08+00:00,2026,5,elo,2026,UCF,Big 12,1481
2026-09-22T12:02:08+00:00,2026,5,elo,2026,UCLA,Big Ten,1502
2026-09-22T12:02:08+00:00,2026,5,elo,2026,UConn,FBS Independents,1474
2026-09-22T12:02:08+00:00,2026,5,elo,2026,UL Monroe,Sun Belt,1076
2026-09-22T12:02:08+00:00,2026,5,elo,2026,UNLV,Mountain West,1480
2026-09-22T12:02:08+00:00,2026,5,elo,2026,USC,Big Ten,1817
2026-09-22T12:02:08+00:00,2026,5,elo,2026,Utah,Big 12,1907
2026-09-22T12:02:08+00:00,2026,5,elo,2026,Utah State,Pac-12,1348
2026-09-22T12:02:08+00:00,2026,5,elo,2026,UTEP,Mountain West,1130
2026-09-22T12:02:08+00:00,2026,5,elo,2026,UTSA,American Athletic,1506
2026-09-22T12:02:08+00:00,2026,5,elo,2026,Vanderbilt,SEC,1742
2026-09-22T12:02:08+00:00,2026,5,elo,2026,Virginia,ACC,1612
2026-09-22T12:02:08+00:00,2026,5,elo,2026,Virginia Tech,ACC,1489
2026-09-22T12:02:08+00:00,2026,5,elo,2026,Wake Forest,ACC,1514
2026-09-22T12:02:08+00:00,2026,5,elo,2026,Washington,Big Ten,1752
2026-09-22T12:02:08+00:00,2026,5,elo,2026,Washington State,Pac-12,1536
2026-09-22T12:02:08+00:00,2026,5,elo,2026,Western Kentucky,Conference USA,1242
2026-09-22T12:02:08+00:00,2026,5,elo,2026,Western Michigan,Mid-American,1519
2026-09-22T12:02:08+00:00,2026,5,elo,2026,West Virginia,Big 12,1408
2026-09-22T12:02:08+00:00,2026,5,elo,2026,Wisconsin,Big Ten,1580
2026-09-22T12:02:08+00:00,2026,5,elo,2026,Wyoming,Mountain West,1268
2026-09-24T13:53:40+00:00,2026,4,elo,2026,Air Force,Mountain West,1423
2026-09-24T13:53:40+00:00,2026,4,elo,2026,Akron,Mid-American,897
2026-09-24T13:53:40+00:00,2026,4,elo,2026,Alabama,SEC,1863
2026-09-24T13:53:40+00:00,2026,4,elo,2026,App State,Sun Belt,1324
2026-09-24T13:53:40+00:00,2026,4,elo,2026,Arizona,Big 12,1634
2026-09-24T13:53:40+00:00,2026,4,elo,2026,Arizona State,Big 12,1535
2026-09-24T13:53:40+00:00,2026,4,elo,2026,Arkansas,SEC,1466
2026-09-24T13:53:40+00:00,2026,4,elo,2026,Arkansas State,Sun Belt,1319
2026-09-24T13:53:40+00:00,2026,4,elo,2026,Army,American Athletic,1530
2026-09-24T13:53:40+00:00,2026,4,elo,2026,Auburn,SEC,1668
2026-09-24T13:53:40+00:00,2026,4,elo,2026,Ball State,Mid-American,1081
2026-09-24T13:53:40+00:00,2026,4,elo,2026,Baylor,Big 12,1534
2026-09-24T13:53:40+00:00,2026,4,elo,2026,Boise State,Pac-12,1606
2026-09-24T13:53:40+00:00,2026,4,elo,2026,Boston College,ACC,1379
2026-09-24T13:53:40+00:00,2026,4,elo,2026,Bowling Green,Mid-American,1132
2026-09-24T13:53:40+00:00,2026,4,elo,2026,Buffalo,Mid-American,1288
2026-09-24T13:53:40+00:00,2026,4,elo,2026,BYU,Big 12,1692
2026-09-24T13:53:40+00:00,2026,4,elo,2026,California,ACC,1353
2026-09-24T13:53:40+00:00,2026,4,elo,2026,Central Michigan,Mid-American,1291
2026-09-24T13:53:40+00:00,2026,4,elo,2026,Charlotte,American Athletic,1169
2026-09-24T13:53:40+00:00,2026,4,elo,2026,Cincinnati,Big 12,1512
2026-09-24T13:53:40+00:00,2026,4,elo,2026,Clemson,ACC,1560
2026-09-24T13:53:40+00:00,2026,4,elo,2026,Coastal Carolina,Sun Belt,1267
2026-09-24T13:53:40+00:00,2026,4,elo,2026,Colorado,Big 12,1330
2026-09-24T13:53:40+00:00,2026,4,elo,2026,Colorado State,Pac-12,1327
2026-09-24T13:53:40+00:00,2026,4,elo,2026,Delaware,Conference USA,1414
2026-09-24T13:53:40+00:00,2026,4,elo,2026,Duke,ACC,1656
2026-09-24T13:53:40+00:00,2026,4,elo,2026,East Carolina,American Athletic,1456
2026-09-24T13:53:40+00:00,2026,4,elo,2026,Eastern Michigan,Mid-American,1188
2026-09-24T13:53:40+00:00,2026,4,elo,2026,Florida,SEC,1668
2026-09-24T13:53:40+00:00,2026,4,elo,2026,Florida Atlantic,American Athletic,1243
2026-09-24T13:53:40+00:00,2026,4,elo,2026,Florida International,Conference USA,1392
2026-09-24T13:53:40+00:00,2026,4,elo,2026,Florida State,ACC,1553
2026-09-24T13:53:40+00:00,2026,4,elo,2026,Fresno State,Pac-12,1611
2026-09-24T13:53:40+00:00,2026,4,elo,2026,Georgia,SEC,1972
2026-09-24T13:53:40+00:00,2026,4,elo,2026,Georgia Southern,Sun Belt,1358
2026-09-24T13:53:40+00:00,2026,4,elo,2026,Georgia State,Sun Belt,1274
2026-09-24T13:53:40+00:00,2026,4,elo,2026,Georgia Tech,ACC,1503
2026-09-24T13:53:40+00:00,2026,4,elo,2026,Hawai'i,Mountain West,1432
2026-09-24T13:53:40+00:00,2026,4,elo,2026,Houston,Big 12,1518
2026-09-24T13:53:40+00:00,2026,4,elo,2026,Illinois,Big Ten,1587
2026-09-24T13:53:40+00:00,2026,4,elo,2026,Indiana,Big Ten,2121
2026-09-24T13:53:40+00:00,2026,4,elo,2026,Iowa,Big Ten,1841
2026-09-24T13:53:40+00:00,2026,4,elo,2026,Iowa State,Big 12,1683
2026-09-24T13:53:40+00:00,2026,4,elo,2026,Jacksonville State,Conference USA,1427
2026-09-24T13:53:40+00:00,2026,4,elo,2026,James Madison,Sun Belt,1777
2026-09-24T13:53:40+00:00,2026,4,elo,2026,Kansas,Big 12,1481
2026-09-24T13:53:40+00:00,2026,4,elo,2026,Kansas State,Big 12,1692
2026-09-24T13:53:40+00:00,2026,4,elo,2026,Kennesaw State,Conference USA,1285
2026-09-24T13:53:40+00:00,2026,4,elo,2026,Kent State,Mid-American,1007
2026-09-24T13:53:40+00:00,2026,4,elo,2026,Kentucky,SEC,1506
2026-09-24T13:53:40+00:00,2026,4,elo,2026,Liberty,Conference USA,1728
2026-09-24T13:53:40+00:00,2026,4,elo,2026,Louisiana,Sun Belt,1397
2026-09-24T13:53:40+00:00,2026,4,elo,2026,Louisiana Tech,Sun Belt,1377
2026-09-24T13:53:40+00:00,2026,4,elo,2026,Louisville,ACC,1690
2026-09-24T13:53:40+00:00,2026,4,elo,2026,LSU,SEC,1786
2026-09-24T13:53:40+00:00,2026,4,elo,2026,Marshall,Sun Belt,1391
2026-09-24T13:53:40+00:00,2026,4,elo,2026,Maryland,Big Ten,1474
2026-09-24T13:53:40+00:00,2026,4,elo,2026,Massachusetts,Mid-American,1049
2026-09-24T13:53:40+00:00,2026,4,elo,2026,Memphis,American Athletic,1529
2026-09-24T13:53:40+00:00,2026,4,elo,2026,Miami,ACC,1895
2026-09-24T13:53:40+00:00,2026,4,elo,2026,Miami (OH),Mid-American,1263
2026-09-24T13:53:40+00:00,2026,4,elo,2026,Michigan,Big Ten,1735
2026-09-24T13:53:40+00:00,2026,4,elo,2026,Michigan State,Big Ten,1537
2026-09-24T13:53:40+00:00,2026,4,elo,2026,Middle Tennessee,Conference USA,1298
2026-09-24T13:53:40+00:00,2026,4,elo,2026,Minnesota,Big Ten,1484
2026-09-24T13:53:40+00:00,2026,4,elo,2026,Mississippi State,SEC,1663
2026-09-24T13:53:40+00:00,2026,4,elo,2026,Missouri,SEC,1690
2026-09-24T13:53:40+00:00,2026,4,elo,2026,Missouri State,Conference USA,1281
2026-09-24T13:53:40+00:00,2026,4,elo,2026,Navy,American Athletic,1513
2026-09-24T13:53:40+00:00,2026,4,elo,2026,NC State,ACC,1510
2026-09-24T13:53:40+00:00,2026,4,elo,2026,Nebraska,Big Ten,1715
2026-09-24T13:53:40+00:00,2026,4,elo,2026,Nevada,Mountain West,1441
2026-09-24T13:53:40+00:00,2026,4,elo,2026,New Mexico,Mountain West,1559
2026-09-24T13:53:40+00:00,2026,4,elo,2026,New Mexico State,Conference USA,1261
2026-09-24T13:53:40+00:00,2026,4,elo,2026,North Carolina,ACC,1396
2026-09-24T13:53:40+00:00,2026,4,elo,2026,North Dakota State,Mountain West,1594
2026-09-24T13:53:40+00:00,2026,4,elo,2026,Northern Illinois,Mountain West,1240
2026-09-24T13:53:40+00:00,2026,4,elo,2026,North Texas,American Athletic,1646
2026-09-24T13:53:40+00:00,2026,4,elo,2026,Northwestern,Big Ten,1625
2026-09-24T13:53:40+00:00,2026,4,elo,2026,Notre Dame,FBS Independents,2061
2026-09-24T13:53:40+00:00,2026,4,elo,2026,Ohio,Mid-American,1318
2026-09-24T13:53:40+00:00,2026,4,elo,2026,Ohio State,Big Ten,2032
2026-09-24T13:53:40+00:00,2026,4,elo,2026,Oklahoma,SEC,1782
2026-09-24T13:53:40+00:00,2026,4,elo,2026,Oklahoma State,Big 12,1247
2026-09-24T13:53:40+00:00,2026,4,elo,2026,Old Dominion,Sun Belt,1295
2026-09-24T13:53:40+00:00,2026,4,elo,2026,Ole Miss,SEC,1859
2026-09-24T13:53:40+00:00,2026,4,elo,2026,Oregon,Big Ten,1838
2026-09-24T13:53:40+00:00,2026,4,elo,2026,Oregon State,Pac-12,1259
2026-09-24T13:53:40+00:00,2026,4,elo,2026,Penn State,Big Ten,1933
2026-09-24T13:53:40+00:00,2026,4,elo,2026,Pittsburgh,ACC,1675
2026-09-24T13:53:40+00:00,2026,4,elo,2026,Purdue,Big Ten,1311
2026-09-24T13:53:40+00:00,2026,4,elo,2026,Rice,American Athletic,1162
2026-09-24T13:53:40+00:00,2026,4,elo,2026,Rutgers,Big Ten,1391
2026-09-24T13:53:40+00:00,2026,4,elo,2026,Sacramento State,Mid-American,1297
2026-09-24T13:53:40+00:00,2026,4,elo,2026,Sam Houston,Conference USA,1155
2026-09-24T13:53:40+00:00,2026,4,elo,2026,San Diego State,Pac-12,1468
2026-09-24T13:53:40+00:00,2026,4,elo,2026,San José State,Mountain West,1393
2026-09-24T13:53:40+00:00,2026,4,elo,2026,SMU,ACC,1706
2026-09-24T13:53:40+00:00,2026,4,elo,2026,South Alabama,Sun Belt,1393
2026-09-24T13:53:40+00:00,2026,4,elo,2026,South Carolina,SEC,1721
2026-09-24T13:53:40+00:00,2026,4,elo,2026,Southern Miss,Sun Belt,1224
2026-09-24T13:53:40+00:00,2026,4,elo,2026,South Florida,American Athletic,1682
2026-09-24T13:53:40+00:00,2026,4,elo,2026,Stanford,ACC,1311
2026-09-24T13:53:40+00:00,2026,4,elo,2026,Syracuse,ACC,1290
2026-09-24T13:53:40+00:00,2026,4,elo,2026,TCU,Big 12,1629
2026-09-24T13:53:40+00:00,2026,4,elo,2026,Temple,American Athletic,1330
2026-09-24T13:53:40+00:00,2026,4,elo,2026,Tennessee,SEC,1771
2026-09-24T13:53:40+00:00,2026,4,elo,2026,Texas,SEC,1935
2026-09-24T13:53:40+00:00,2026,4,elo,2026,Texas A&M,SEC,1824
2026-09-24T13:53:40+00:00,2026,4,elo,2026,Texas State,Pac-12,1491
2026-09-24T13:53:40+00:00,2026,4,elo,2026,Texas Tech,Big 12,1841
2026-09-24T13:53:40+00:00,2026,4,elo,2026,Toledo,Mid-American,1561
2026-09-24T13:53:40+00:00,2026,4,elo,2026,Troy,Sun Belt,1421
2026-09-24T13:53:40+00:00,2026,4,elo,2026,Tulane,American Athletic,1520
2026-09-24T13:53:40+00:00,2026,4,elo,2026,Tulsa,American Athletic,1277
2026-09-24T13:53:40+00:00,2026,4,elo,2026,UAB,American Athletic,1393
2026-09-24T13:53:40+00:00,2026,4,elo,2026,UCF,Big 12,1481
2026-09-24T13:53:40+00:00,2026,4,elo,2026,UCLA,Big Ten,1502
2026-09-24T13:53:40+00:00,2026,4,elo,2026,UConn,FBS Independents,1474
2026-09-24T13:53:40+00:00,2026,4,elo,2026,UL Monroe,Sun Belt,1076
2026-09-24T13:53:40+00:00,2026,4,elo,2026,UNLV,Mountain West,1480
2026-09-24T13:53:40+00:00,2026,4,elo,2026,USC,Big Ten,1817
2026-09-24T13:53:40+00:00,2026,4,elo,2026,Utah,Big 12,1907
2026-09-24T13:53:40+00:00,2026,4,elo,2026,Utah State,Pac-12,1348
2026-09-24T13:53:40+00:00,2026,4,elo,2026,UTEP,Mountain West,1130
2026-09-24T13:53:40+00:00,2026,4,elo,2026,UTSA,American Athletic,1506
2026-09-24T13:53:40+00:00,2026,4,elo,2026,Vanderbilt,SEC,1742
2026-09-24T13:53:40+00:00,2026,4,elo,2026,Virginia,ACC,1612
2026-09-24T13:53:40+00:00,2026,4,elo,2026,Virginia Tech,ACC,1489
2026-09-24T13:53:40+00:00,2026,4,elo,2026,Wake Forest,ACC,1514
2026-09-24T13:53:40+00:00,2026,4,elo,2026,Washington,Big Ten,1752
2026-09-24T13:53:40+00:00,2026,4,elo,2026,Washington State,Pac-12,1536
2026-09-24T13:53:40+00:00,2026,4,elo,2026,Western Kentucky,Conference USA,1242
2026-09-24T13:53:40+00:00,2026,4,elo,2026,Western Michigan,Mid-American,1519
2026-09-24T13:53:40+00:00,2026,4,elo,2026,West Virginia,Big 12,1408
2026-09-24T13:53:40+00:00,2026,4,elo,2026,Wisconsin,Big Ten,1580
2026-09-24T13:53:40+00:00,2026,4,elo,2026,Wyoming,Mountain West,1268
2026-09-28T13:46:49+00:00,2026,5,elo,2026,Air Force,Mountain West,1429
2026-09-28T13:46:49+00:00,2026,5,elo,2026,Akron,Mid-American,886
2026-09-28T13:46:49+00:00,2026,5,elo,2026,Alabama,SEC,1929
2026-09-28T13:46:49+00:00,2026,5,elo,2026,App State,Sun Belt,1320
2026-09-28T13:46:49+00:00,2026,5,elo,2026,Arizona,Big 12,1646
2026-09-28T13:46:49+00:00,2026,5,elo,2026,Arizona State,Big 12,1535
2026-09-28T13:46:49+00:00,2026,5,elo,2026,Arkansas,SEC,1516
2026-09-28T13:46:49+00:00,2026,5,elo,2026,Arkansas State,Sun Belt,1320
2026-09-28T13:46:49+00:00,2026,5,elo,2026,Army,American Athletic,1524
2026-09-28T13:46:49+00:00,2026,5,elo,2026,Auburn,SEC,1679
2026-09-28T13:46:49+00:00,2026,5,elo,2026,Ball State,Mid-American,1049
2026-09-28T13:46:49+00:00,2026,5,elo,2026,Baylor,Big 12,1537
2026-09-28T13:46:49+00:00,2026,5,elo,2026,Boise State,Pac-12,1665
2026-09-28T13:46:49+00:00,2026,5,elo,2026,Boston College,ACC,1375
2026-09-28T13:46:49+00:00,2026,5,elo,2026,Bowling Green,Mid-American,1156
2026-09-28T13:46:49+00:00,2026,5,elo,2026,Buffalo,Mid-American,1262
2026-09-28T13:46:49+00:00,2026,5,elo,2026,BYU,Big 12,1692
2026-09-28T13:46:49+00:00,2026,5,elo,2026,California,ACC,1338
2026-09-28T13:46:49+00:00,2026,5,elo,2026,Central Michigan,Mid-American,1224
2026-09-28T13:46:49+00:00,2026,5,elo,2026,Charlotte,American Athletic,1123
2026-09-28T13:46:49+00:00,2026,5,elo,2026,Cincinnati,Big 12,1525
2026-09-28T13:46:49+00:00,2026,5,elo,2026,Clemson,ACC,1572
2026-09-28T13:46:49+00:00,2026,5,elo,2026,Coastal Carolina,Sun Belt,1270
2026-09-28T13:46:49+00:00,2026,5,elo,2026,Colorado,Big 12,1327
2026-09-28T13:46:49+00:00,2026,5,elo,2026,Colorado State,Pac-12,1314
2026-09-28T13:46:49+00:00,2026,5,elo,2026,Delaware,Conference USA,1328
2026-09-28T13:46:49+00:00,2026,5,elo,2026,Duke,ACC,1667
2026-09-28T13:46:49+00:00,2026,5,elo,2026,East Carolina,American Athletic,1462
2026-09-28T13:46:49+00:00,2026,5,elo,2026,Eastern Michigan,Mid-American,1182
2026-09-28T13:46:49+00:00,2026,5,elo,2026,Florida,SEC,1751
2026-09-28T13:46:49+00:00,2026,5,elo,2026,Florida Atlantic,American Athletic,1300
2026-09-28T13:46:49+00:00,2026,5,elo,2026,Florida International,Conference USA,1397
2026-09-28T13:46:49+00:00,2026,5,elo,2026,Florida State,ACC,1544
2026-09-28T13:46:49+00:00,2026,5,elo,2026,Fresno State,Pac-12,1604
2026-09-28T13:46:49+00:00,2026,5,elo,2026,Georgia,SEC,2023
2026-09-28T13:46:49+00:00,2026,5,elo,2026,Georgia Southern,Sun Belt,1341
2026-09-28T13:46:49+00:00,2026,5,elo,2026,Georgia State,Sun Belt,1320
2026-09-28T13:46:49+00:00,2026,5,elo,2026,Georgia Tech,ACC,1493
2026-09-28T13:46:49+00:00,2026,5,elo,2026,Hawai'i,Mountain West,1378
2026-09-28T13:46:49+00:00,2026,5,elo,2026,Houston,Big 12,1535
2026-09-28T13:46:49+00:00,2026,5,elo,2026,Illinois,Big Ten,1577
2026-09-28T13:46:49+00:00,2026,5,elo,2026,Indiana,Big Ten,2106
2026-09-28T13:46:49+00:00,2026,5,elo,2026,Iowa,Big Ten,1841
2026-09-28T13:46:49+00:00,2026,5,elo,2026,Iowa State,Big 12,1672
2026-09-28T13:46:49+00:00,2026,5,elo,2026,Jacksonville State,Conference USA,1435
2026-09-28T13:46:49+00:00,2026,5,elo,2026,James Madison,Sun Belt,1793
2026-09-28T13:46:49+00:00,2026,5,elo,2026,Kansas,Big 12,1481
2026-09-28T13:46:49+00:00,2026,5,elo,2026,Kansas State,Big 12,1679
2026-09-28T13:46:49+00:00,2026,5,elo,2026,Kennesaw State,Conference USA,1284
2026-09-28T13:46:49+00:00,2026,5,elo,2026,Kent State,Mid-American,1039
2026-09-28T13:46:49+00:00,2026,5,elo,2026,Kentucky,SEC,1553
2026-09-28T13:46:49+00:00,2026,5,elo,2026,Liberty,Conference USA,1725
2026-09-28T13:46:49+00:00,2026,5,elo,2026,Louisiana,Sun Belt,1443
2026-09-28T13:46:49+00:00,2026,5,elo,2026,Louisiana Tech,Sun Belt,1377
2026-09-28T13:46:49+00:00,2026,5,elo,2026,Louisville,ACC,1674
2026-09-28T13:46:49+00:00,2026,5,elo,2026,LSU,SEC,1868
2026-09-28T13:46:49+00:00,2026,5,elo,2026,Marshall,Sun Belt,1397
2026-09-28T13:46:49+00:00,2026,5,elo,2026,Maryland,Big Ten,1316
2026-09-28T13:46:49+00:00,2026,5,elo,2026,Massachusetts,Mid-American,1188
2026-09-28T13:46:49+00:00,2026,5,elo,2026,Memphis,American Athletic,1529
2026-09-28T13:46:49+00:00,2026,5,elo,2026,Miami,ACC,1962
2026-09-28T13:46:49+00:00,2026,5,elo,2026,Miami (OH),Mid-American,1267
2026-09-28T13:46:49+00:00,2026,5,elo,2026,Michigan,Big Ten,1739
2026-09-28T13:46:49+00:00,2026,5,elo,2026,Michigan State,Big Ten,1510
2026-09-28T13:46:49+00:00,2026,5,elo,2026,Middle Tennessee,Conference USA,1290
2026-09-28T13:46:49+00:00,2026,5,elo,2026,Minnesota,Big Ten,1506
2026-09-28T13:46:49+00:00,2026,5,elo,2026,Mississippi State,SEC,1674
2026-09-28T13:46:49+00:00,2026,5,elo,2026,Missouri,SEC,1679
2026-09-28T13:46:49+00:00,2026,5,elo,2026,Missouri State,Conference USA,1292
2026-09-28T13:46:49+00:00,2026,5,elo,2026,Navy,American Athletic,1506
2026-09-28T13:46:49+00:00,2026,5,elo,2026,NC State,ACC,1514
2026-09-28T13:46:49+00:00,2026,5,elo,2026,Nebraska,Big Ten,1732
2026-09-28T13:46:49+00:00,2026,5,elo,2026,Nevada,Mountain West,1435
2026-09-28T13:46:49+00:00,2026,5,elo,2026,New Mexico,Mountain West,1589
2026-09-28T13:46:49+00:00,2026,5,elo,2026,New Mexico State,Conference USA,1231
2026-09-28T13:46:49+00:00,2026,5,elo,2026,North Carolina,ACC,1396
2026-09-28T13:46:49+00:00,2026,5,elo,2026,North Dakota State,Mountain West,1594
2026-09-28T13:46:49+00:00,2026,5,elo,2026,Northern Illinois,Mountain West,1194
2026-09-28T13:46:49+00:00,2026,5,elo,2026,North Texas,American Athletic,1662
2026-09-28T13:46:49+00:00,2026,5,elo,2026,Northwestern,Big Ten,1640
2026-09-28T13:46:49+00:00,2026,5,elo,2026,Notre Dame,FBS Independents,2084
2026-09-28T13:46:49+00:00,2026,5,elo,2026,Ohio,Mid-American,1318
2026-09-28T13:46:49+00:00,2026,5,elo,2026,Ohio State,Big Ten,2044
2026-09-28T13:46:49+00:00,2026,5,elo,2026,Oklahoma,SEC,1731
2026-09-28T13:46:49+00:00,2026,5,elo,2026,Oklahoma State,Big 12,1330
2026-09-28T13:46:49+00:00,2026,5,elo,2026,Old Dominion,Sun Belt,1279
2026-09-28T13:46:49+00:00,2026,5,elo,2026,Ole Miss,SEC,1776
2026-09-28T13:46:49+00:00,2026,5,elo,2026,Oregon,Big Ten,1844
2026-09-28T13:46:49+00:00,2026,5,elo,2026,Oregon State,Pac-12,1337
2026-09-28T13:46:49+00:00,2026,5,elo,2026,Penn State,Big Ten,1901
2026-09-28T13:46:49+00:00,2026,5,elo,2026,Pittsburgh,ACC,1687
2026-09-28T13:46:49+00:00,2026,5,elo,2026,Purdue,Big Ten,1288
2026-09-28T13:46:49+00:00,2026,5,elo,2026,Rice,American Athletic,1169
2026-09-28T13:46:49+00:00,2026,5,elo,2026,Rutgers,Big Ten,1373
2026-09-28T13:46:49+00:00,2026,5,elo,2026,Sacramento State,Mid-American,1185
2026-09-28T13:46:49+00:00,2026,5,elo,2026,Sam Houston,Conference USA,1142
2026-09-28T13:46:49+00:00,2026,5,elo,2026,San Diego State,Pac-12,1415
2026-09-28T13:46:49+00:00,2026,5,elo,2026,San José State,Mountain West,1393
2026-09-28T13:46:49+00:00,2026,5,elo,2026,SMU,ACC,1695
2026-09-28T13:46:49+00:00,2026,5,elo,2026,South Alabama,Sun Belt,1346
2026-09-28T13:46:49+00:00,2026,5,elo,2026,South Carolina,SEC,1655
2026-09-28T13:46:49+00:00,2026,5,elo,2026,Southern Miss,Sun Belt,1227
2026-09-28T13:46:49+00:00,2026,5,elo,2026,South Florida,American Athletic,1652
2026-09-28T13:46:49+00:00,2026,5,elo,2026,Stanford,ACC,1333
2026-09-28T13:46:49+00:00,2026,5,elo,2026,Syracuse,ACC,1290
2026-09-28T13:46:49+00:00,2026,5,elo,2026,TCU,Big 12,1607
2026-09-28T13:46:49+00:00,2026,5,elo,2026,Temple,American Athletic,1336
2026-09-28T13:46:49+00:00,2026,5,elo,2026,Tennessee,SEC,1776
2026-09-28T13:46:49+00:00,2026,5,elo,2026,Texas,SEC,1930
2026-09-28T13:46:49+00:00,2026,5,elo,2026,Texas A&M,SEC,1742
2026-09-28T13:46:49+00:00,2026,5,elo,2026,Texas State,Pac-12,1475
2026-09-28T13:46:49+00:00,2026,5,elo,2026,Texas Tech,Big 12,1860
2026-09-28T13:46:49+00:00,2026,5,elo,2026,Toledo,Mid-American,1614
2026-09-28T13:46:49+00:00,2026,5,elo,2026,Troy,Sun Belt,1395
2026-09-28T13:46:49+00:00,2026,5,elo,2026,Tulane,American Athletic,1517
2026-09-28T13:46:49+00:00,2026,5,elo,2026,Tulsa,American Athletic,1221
2026-09-28T13:46:49+00:00,2026,5,elo,2026,UAB,American Athletic,1400
2026-09-28T13:46:49+00:00,2026,5,elo,2026,UCF,Big 12,1503
2026-09-28T13:46:49+00:00,2026,5,elo,2026,UCLA,Big Ten,1660
2026-09-28T13:46:49+00:00,2026,5,elo,2026,UConn,FBS Independents,1470
2026-09-28T13:46:49+00:00,2026,5,elo,2026,UL Monroe,Sun Belt,1022
2026-09-28T13:46:49+00:00,2026,5,elo,2026,UNLV,Mountain West,1491
2026-09-28T13:46:49+00:00,2026,5,elo,2026,USC,Big Ten,1784
2026-09-28T13:46:49+00:00,2026,5,elo,2026,Utah,Big 12,1918
2026-09-28T13:46:49+00:00,2026,5,elo,2026,Utah State,Pac-12,1374
2026-09-28T13:46:49+00:00,2026,5,elo,2026,UTEP,Mountain West,1078
2026-09-28T13:46:49+00:00,2026,5,elo,2026,UTSA,American Athletic,1519
2026-09-28T13:46:49+00:00,2026,5,elo,2026,Vanderbilt,SEC,1731
2026-09-28T13:46:49+00:00,2026,5,elo,2026,Virginia,ACC,1698
2026-09-28T13:46:49+00:00,2026,5,elo,2026,Virginia Tech,ACC,1494
2026-09-28T13:46:49+00:00,2026,5,elo,2026,Wake Forest,ACC,1530
2026-09-28T13:46:49+00:00,2026,5,elo,2026,Washington,Big Ten,1735
2026-09-28T13:46:49+00:00,2026,5,elo,2026,Washington State,Pac-12,1521
2026-09-28T13:46:49+00:00,2026,5,elo,2026,Western Kentucky,Conference USA,1202
2026-09-28T13:46:49+00:00,2026,5,elo,2026,Western Michigan,Mid-American,1463
2026-09-28T13:46:49+00:00,2026,5,elo,2026,West Virginia,Big 12,1352
2026-09-28T13:46:49+00:00,2026,5,elo,2026,Wisconsin,Big Ten,1612
2026-09-28T13:46:49+00:00,2026,5,elo,2026,Wyoming,Mountain West,1322
2026-09-29T17:07:29+00:00,2026,6,elo,2026,Air Force,Mountain West,1429
2026-09-29T17:07:29+00:00,2026,6,elo,2026,Akron,Mid-American,886
2026-09-29T17:07:29+00:00,2026,6,elo,2026,Alabama,SEC,1929
2026-09-29T17:07:29+00:00,2026,6,elo,2026,App State,Sun Belt,1320
2026-09-29T17:07:29+00:00,2026,6,elo,2026,Arizona,Big 12,1646
2026-09-29T17:07:29+00:00,2026,6,elo,2026,Arizona State,Big 12,1535
2026-09-29T17:07:29+00:00,2026,6,elo,2026,Arkansas,SEC,1516
2026-09-29T17:07:29+00:00,2026,6,elo,2026,Arkansas State,Sun Belt,1320
2026-09-29T17:07:29+00:00,2026,6,elo,2026,Army,American Athletic,1524
2026-09-29T17:07:29+00:00,2026,6,elo,2026,Auburn,SEC,1679
2026-09-29T17:07:29+00:00,2026,6,elo,2026,Ball State,Mid-American,1049
2026-09-29T17:07:29+00:00,2026,6,elo,2026,Baylor,Big 12,1537
2026-09-29T17:07:29+00:00,2026,6,elo,2026,Boise State,Pac-12,1665
2026-09-29T17:07:29+00:00,2026,6,elo,2026,Boston College,ACC,1375
2026-09-29T17:07:29+00:00,2026,6,elo,2026,Bowling Green,Mid-American,1156
2026-09-29T17:07:29+00:00,2026,6,elo,2026,Buffalo,Mid-American,1262
2026-09-29T17:07:29+00:00,2026,6,elo,2026,BYU,Big 12,1692
2026-09-29T17:07:29+00:00,2026,6,elo,2026,California,ACC,1338
2026-09-29T17:07:29+00:00,2026,6,elo,2026,Central Michigan,Mid-American,1224
2026-09-29T17:07:29+00:00,2026,6,elo,2026,Charlotte,American Athletic,1123
2026-09-29T17:07:29+00:00,2026,6,elo,2026,Cincinnati,Big 12,1525
2026-09-29T17:07:29+00:00,2026,6,elo,2026,Clemson,ACC,1572
2026-09-29T17:07:29+00:00,2026,6,elo,2026,Coastal Carolina,Sun Belt,1270
2026-09-29T17:07:29+00:00,2026,6,elo,2026,Colorado,Big 12,1327
2026-09-29T17:07:29+00:00,2026,6,elo,2026,Colorado State,Pac-12,1314
2026-09-29T17:07:29+00:00,2026,6,elo,2026,Delaware,Conference USA,1328
2026-09-29T17:07:29+00:00,2026,6,elo,2026,Duke,ACC,1667
2026-09-29T17:07:29+00:00,2026,6,elo,2026,East Carolina,American Athletic,1462
2026-09-29T17:07:29+00:00,2026,6,elo,2026,Eastern Michigan,Mid-American,1182
2026-09-29T17:07:29+00:00,2026,6,elo,2026,Florida,SEC,1751
2026-09-29T17:07:29+00:00,2026,6,elo,2026,Florida Atlantic,American Athletic,1300
2026-09-29T17:07:29+00:00,2026,6,elo,2026,Florida International,Conference USA,1397
2026-09-29T17:07:29+00:00,2026,6,elo,2026,Florida State,ACC,1544
2026-09-29T17:07:29+00:00,2026,6,elo,2026,Fresno State,Pac-12,1604
2026-09-29T17:07:29+00:00,2026,6,elo,2026,Georgia,SEC,2023
2026-09-29T17:07:29+00:00,2026,6,elo,2026,Georgia Southern,Sun Belt,1341
2026-09-29T17:07:29+00:00,2026,6,elo,2026,Georgia State,Sun Belt,1320
2026-09-29T17:07:29+00:00,2026,6,elo,2026,Georgia Tech,ACC,1493
2026-09-29T17:07:29+00:00,2026,6,elo,2026,Hawai'i,Mountain West,1378
2026-09-29T17:07:29+00:00,2026,6,elo,2026,Houston,Big 12,1535
2026-09-29T17:07:29+00:00,2026,6,elo,2026,Illinois,Big Ten,1577
2026-09-29T17:07:29+00:00,2026,6,elo,2026,Indiana,Big Ten,2106
2026-09-29T17:07:29+00:00,2026,6,elo,2026,Iowa,Big Ten,1841
2026-09-29T17:07:29+00:00,2026,6,elo,2026,Iowa State,Big 12,1672
2026-09-29T17:07:29+00:00,2026,6,elo,2026,Jacksonville State,Conference USA,1435
2026-09-29T17:07:29+00:00,2026,6,elo,2026,James Madison,Sun Belt,1793
2026-09-29T17:07:29+00:00,2026,6,elo,2026,Kansas,Big 12,1481
2026-09-29T17:07:29+00:00,2026,6,elo,2026,Kansas State,Big 12,1679
2026-09-29T17:07:29+00:00,2026,6,elo,2026,Kennesaw State,Conference USA,1284
2026-09-29T17:07:29+00:00,2026,6,elo,2026,Kent State,Mid-American,1039
2026-09-29T17:07:29+00:00,2026,6,elo,2026,Kentucky,SEC,1553
2026-09-29T17:07:29+00:00,2026,6,elo,2026,Liberty,Conference USA,1725
2026-09-29T17:07:29+00:00,2026,6,elo,2026,Louisiana,Sun Belt,1443
2026-09-29T17:07:29+00:00,2026,6,elo,2026,Louisiana Tech,Sun Belt,1377
2026-09-29T17:07:29+00:00,2026,6,elo,2026,Louisville,ACC,1674
2026-09-29T17:07:29+00:00,2026,6,elo,2026,LSU,SEC,1868
2026-09-29T17:07:29+00:00,2026,6,elo,2026,Marshall,Sun Belt,1397
2026-09-29T17:07:29+00:00,2026,6,elo,2026,Maryland,Big Ten,1316
2026-09-29T17:07:29+00:00,2026,6,elo,2026,Massachusetts,Mid-American,1188
2026-09-29T17:07:29+00:00,2026,6,elo,2026,Memphis,American Athletic,1529
2026-09-29T17:07:29+00:00,2026,6,elo,2026,Miami,ACC,1962
2026-09-29T17:07:29+00:00,2026,6,elo,2026,Miami (OH),Mid-American,1267
2026-09-29T17:07:29+00:00,2026,6,elo,2026,Michigan,Big Ten,1739
2026-09-29T17:07:29+00:00,2026,6,elo,2026,Michigan State,Big Ten,1510
2026-09-29T17:07:29+00:00,2026,6,elo,2026,Middle Tennessee,Conference USA,1290
2026-09-29T17:07:29+00:00,2026,6,elo,2026,Minnesota,Big Ten,1506
2026-09-29T17:07:29+00:00,2026,6,elo,2026,Mississippi State,SEC,1674
2026-09-29T17:07:29+00:00,2026,6,elo,2026,Missouri,SEC,1679
2026-09-29T17:07:29+00:00,2026,6,elo,2026,Missouri State,Conference USA,1292
2026-09-29T17:07:29+00:00,2026,6,elo,2026,Navy,American Athletic,1506
2026-09-29T17:07:29+00:00,2026,6,elo,2026,NC State,ACC,1514
2026-09-29T17:07:29+00:00,2026,6,elo,2026,Nebraska,Big Ten,1732
2026-09-29T17:07:29+00:00,2026,6,elo,2026,Nevada,Mountain West,1435
2026-09-29T17:07:29+00:00,2026,6,elo,2026,New Mexico,Mountain West,1589
2026-09-29T17:07:29+00:00,2026,6,elo,2026,New Mexico State,Conference USA,1231
2026-09-29T17:07:29+00:00,2026,6,elo,2026,North Carolina,ACC,1396
2026-09-29T17:07:29+00:00,2026,6,elo,2026,North Dakota State,Mountain West,1594
2026-09-29T17:07:29+00:00,2026,6,elo,2026,Northern Illinois,Mountain West,1194
2026-09-29T17:07:29+00:00,2026,6,elo,2026,North Texas,American Athletic,1662
2026-09-29T17:07:29+00:00,2026,6,elo,2026,Northwestern,Big Ten,1640
2026-09-29T17:07:29+00:00,2026,6,elo,2026,Notre Dame,FBS Independents,2084
2026-09-29T17:07:29+00:00,2026,6,elo,2026,Ohio,Mid-American,1318
2026-09-29T17:07:29+00:00,2026,6,elo,2026,Ohio State,Big Ten,2044
2026-09-29T17:07:29+00:00,2026,6,elo,2026,Oklahoma,SEC,1731
2026-09-29T17:07:29+00:00,2026,6,elo,2026,Oklahoma State,Big 12,1330
2026-09-29T17:07:29+00:00,2026,6,elo,2026,Old Dominion,Sun Belt,1279
2026-09-29T17:07:29+00:00,2026,6,elo,2026,Ole Miss,SEC,1776
2026-09-29T17:07:29+00:00,2026,6,elo,2026,Oregon,Big Ten,1844
2026-09-29T17:07:29+00:00,2026,6,elo,2026,Oregon State,Pac-12,1337
2026-09-29T17:07:29+00:00,2026,6,elo,2026,Penn State,Big Ten,1901
2026-09-29T17:07:29+00:00,2026,6,elo,2026,Pittsburgh,ACC,1687
2026-09-29T17:07:29+00:00,2026,6,elo,2026,Purdue,Big Ten,1288
2026-09-29T17:07:29+00:00,2026,6,elo,2026,Rice,American Athletic,1169
2026-09-29T17:07:29+00:00,2026,6,elo,2026,Rutgers,Big Ten,1373
2026-09-29T17:07:29+00:00,2026,6,elo,2026,Sacramento State,Mid-American,1185
2026-09-29T17:07:29+00:00,2026,6,elo,2026,Sam Houston,Conference USA,1142
2026-09-29T17:07:29+00:00,2026,6,elo,2026,San Diego State,Pac-12,1415
2026-09-29T17:07:29+00:00,2026,6,elo,2026,San José State,Mountain West,1393
2026-09-29T17:07:29+00:00,2026,6,elo,2026,SMU,ACC,1695
2026-09-29T17:07:29+00:00,2026,6,elo,2026,South Alabama,Sun Belt,1346
2026-09-29T17:07:29+00:00,2026,6,elo,2026,South Carolina,SEC,1655
2026-09-29T17:07:29+00:00,2026,6,elo,2026,Southern Miss,Sun Belt,1227
2026-09-29T17:07:29+00:00,2026,6,elo,2026,South Florida,American Athletic,1652
2026-09-29T17:07:29+00:00,2026,6,elo,2026,Stanford,ACC,1333
2026-09-29T17:07:29+00:00,2026,6,elo,2026,Syracuse,ACC,1290
2026-09-29T17:07:29+00:00,2026,6,elo,2026,TCU,Big 12,1607
2026-09-29T17:07:29+00:00,2026,6,elo,2026,Temple,American Athletic,1336
2026-09-29T17:07:29+00:00,2026,6,elo,2026,Tennessee,SEC,1776
2026-09-29T17:07:29+00:00,2026,6,elo,2026,Texas,SEC,1930
2026-09-29T17:07:29+00:00,2026,6,elo,2026,Texas A&M,SEC,1742
2026-09-29T17:07:29+00:00,2026,6,elo,2026,Texas State,Pac-12,1475
2026-09-29T17:07:29+00:00,2026,6,elo,2026,Texas Tech,Big 12,1860
2026-09-29T17:07:29+00:00,2026,6,elo,2026,Toledo,Mid-American,1614
2026-09-29T17:07:29+00:00,2026,6,elo,2026,Troy,Sun Belt,1395
2026-09-29T17:07:29+00:00,2026,6,elo,2026,Tulane,American Athletic,1517
2026-09-29T17:07:29+00:00,2026,6,elo,2026,Tulsa,American Athletic,1221
2026-09-29T17:07:29+00:00,2026,6,elo,2026,UAB,American Athletic,1400
2026-09-29T17:07:29+00:00,2026,6,elo,2026,UCF,Big 12,1503
2026-09-29T17:07:29+00:00,2026,6,elo,2026,UCLA,Big Ten,1660
2026-09-29T17:07:29+00:00,2026,6,elo,2026,UConn,FBS Independents,1470
2026-09-29T17:07:29+00:00,2026,6,elo,2026,UL Monroe,Sun Belt,1022
2026-09-29T17:07:29+00:00,2026,6,elo,2026,UNLV,Mountain West,1491
2026-09-29T17:07:29+00:00,2026,6,elo,2026,USC,Big Ten,1784
2026-09-29T17:07:29+00:00,2026,6,elo,2026,Utah,Big 12,1918
2026-09-29T17:07:29+00:00,2026,6,elo,2026,Utah State,Pac-12,1374
2026-09-29T17:07:29+00:00,2026,6,elo,2026,UTEP,Mountain West,1078
2026-09-29T17:07:29+00:00,2026,6,elo,2026,UTSA,American Athletic,1519
2026-09-29T17:07:29+00:00,2026,6,elo,2026,Vanderbilt,SEC,1731
2026-09-29T17:07:29+00:00,2026,6,elo,2026,Virginia,ACC,1698
2026-09-29T17:07:29+00:00,2026,6,elo,2026,Virginia Tech,ACC,1494
2026-09-29T17:07:29+00:00,2026,6,elo,2026,Wake Forest,ACC,1530
2026-09-29T17:07:29+00:00,2026,6,elo,2026,Washington,Big Ten,1735
2026-09-29T17:07:29+00:00,2026,6,elo,2026,Washington State,Pac-12,1521
2026-09-29T17:07:29+00:00,2026,6,elo,2026,Western Kentucky,Conference USA,1202
2026-09-29T17:07:29+00:00,2026,6,elo,2026,Western Michigan,Mid-American,1463
2026-09-29T17:07:29+00:00,2026,6,elo,2026,West Virginia,Big 12,1352
2026-09-29T17:07:29+00:00,2026,6,elo,2026,Wisconsin,Big Ten,1612
2026-09-29T17:07:29+00:00,2026,6,elo,2026,Wyoming,Mountain West,1322
2026-10-05T13:49:22+00:00,2026,6,elo,2026,Air Force,Mountain West,1437
2026-10-05T13:49:22+00:00,2026,6,elo,2026,Akron,Mid-American,862
2026-10-05T13:49:22+00:00,2026,6,elo,2026,Alabama,SEC,1991
2026-10-05T13:49:22+00:00,2026,6,elo,2026,App State,Sun Belt,1320
2026-10-05T13:49:22+00:00,2026,6,elo,2026,Arizona,Big 12,1702
2026-10-05T13:49:22+00:00,2026,6,elo,2026,Arizona State,Big 12,1429
2026-10-05T13:49:22+00:00,2026,6,elo,2026,Arkansas,SEC,1472
2026-10-05T13:49:22+00:00,2026,6,elo,2026,Arkansas State,Sun Belt,1321
2026-10-05T13:49:22+00:00,2026,6,elo,2026,Army,American Athletic,1522
2026-10-05T13:49:22+00:00,2026,6,elo,2026,Auburn,SEC,1669
2026-10-05T13:49:22+00:00,2026,6,elo,2026,Ball State,Mid-American,1065
2026-10-05T13:49:22+00:00,2026,6,elo,2026,Baylor,Big 12,1643
2026-10-05T13:49:22+00:00,2026,6,elo,2026,Boise State,Pac-12,1681
2026-10-05T13:49:22+00:00,2026,6,elo,2026,Boston College,ACC,1381
2026-10-05T13:49:22+00:00,2026,6,elo,2026,Bowling Green,Mid-American,1170
2026-10-05T13:49:22+00:00,2026,6,elo,2026,Buffalo,Mid-American,1294
2026-10-05T13:49:22+00:00,2026,6,elo,2026,BYU,Big 12,1699
2026-10-05T13:49:22+00:00,2026,6,elo,2026,California,ACC,1335
2026-10-05T13:49:22+00:00,2026,6,elo,2026,Central Michigan,Mid-American,1248
2026-10-05T13:49:22+00:00,2026,6,elo,2026,Charlotte,American Athletic,1022
2026-10-05T13:49:22+00:00,2026,6,elo,2026,Cincinnati,Big 12,1469
2026-10-05T13:49:22+00:00,2026,6,elo,2026,Clemson,ACC,1541
2026-10-05T13:49:22+00:00,2026,6,elo,2026,Coastal Carolina,Sun Belt,1262
2026-10-05T13:49:22+00:00,2026,6,elo,2026,Colorado,Big 12,1325
2026-10-05T13:49:22+00:00,2026,6,elo,2026,Colorado State,Pac-12,1233
2026-10-05T13:49:22+00:00,2026,6,elo,2026,Delaware,Conference USA,1328
2026-10-05T13:49:22+00:00,2026,6,elo,2026,Duke,ACC,1667
2026-10-05T13:49:22+00:00,2026,6,elo,2026,East Carolina,American Athletic,1462
2026-10-05T13:49:22+00:00,2026,6,elo,2026,Eastern Michigan,Mid-American,1252
2026-10-05T13:49:22+00:00,2026,6,elo,2026,Florida,SEC,1669
2026-10-05T13:49:22+00:00,2026,6,elo,2026,Florida Atlantic,American Athletic,1314
2026-10-05T13:49:22+00:00,2026,6,elo,2026,Florida International,Conference USA,1397
2026-10-05T13:49:22+00:00,2026,6,elo,2026,Florida State,ACC,1656
2026-10-05T13:49:22+00:00,2026,6,elo,2026,Fresno State,Pac-12,1645
2026-10-05T13:49:22+00:00,2026,6,elo,2026,Georgia,SEC,2052
2026-10-05T13:49:22+00:00,2026,6,elo,2026,Georgia Southern,Sun Belt,1349
2026-10-05T13:49:22+00:00,2026,6,elo,2026,Georgia State,Sun Belt,1402
2026-10-05T13:49:22+00:00,2026,6,elo,2026,Georgia Tech,ACC,1493
2026-10-05T13:49:22+00:00,2026,6,elo,2026,Hawai'i,Mountain West,1373
2026-10-05T13:49:22+00:00,2026,6,elo,2026,Houston,Big 12,1550
2026-10-05T13:49:22+00:00,2026,6,elo,2026,Illinois,Big Ten,1539
2026-10-05T13:49:22+00:00,2026,6,elo,2026,Indiana,Big Ten,2114
2026-10-05T13:49:22+00:00,2026,6,elo,2026,Iowa,Big Ten,1821
2026-10-05T13:49:22+00:00,2026,6,elo,2026,Iowa State,Big 12,1669
2026-10-05T13:49:22+00:00,2026,6,elo,2026,Jacksonville State,Conference USA,1435
2026-10-05T13:49:22+00:00,2026,6,elo,2026,James Madison,Sun Belt,1821
2026-10-05T13:49:22+00:00,2026,6,elo,2026,Kansas,Big 12,1625
2026-10-05T13:49:22+00:00,2026,6,elo,2026,Kansas State,Big 12,1679
2026-10-05T13:49:22+00:00,2026,6,elo,2026,Kennesaw State,Conference USA,1284
2026-10-05T13:49:22+00:00,2026,6,elo,2026,Kent State,Mid-American,1050
2026-10-05T13:49:22+00:00,2026,6,elo,2026,Kentucky,SEC,1559
2026-10-05T13:49:22+00:00,2026,6,elo,2026,Liberty,Conference USA,1725
2026-10-05T13:49:22+00:00,2026,6,elo,2026,Louisiana,Sun Belt,1442
2026-10-05T13:49:22+00:00,2026,6,elo,2026,Louisiana Tech,Sun Belt,1379
2026-10-05T13:49:22+00:00,2026,6,elo,2026,Louisville,ACC,1671
2026-10-05T13:49:22+00:00,2026,6,elo,2026,LSU,SEC,1736
2026-10-05T13:49:22+00:00,2026,6,elo,2026,Marshall,Sun Belt,1363
2026-10-05T13:49:22+00:00,2026,6,elo,2026,Maryland,Big Ten,1297
2026-10-05T13:49:22+00:00,2026,6,elo,2026,Massachusetts,Mid-American,1124
2026-10-05T13:49:22+00:00,2026,6,elo,2026,Memphis,American Athletic,1627
2026-10-05T13:49:22+00:00,2026,6,elo,2026,Miami,ACC,1993
2026-10-05T13:49:22+00:00,2026,6,elo,2026,Miami (OH),Mid-American,1253
2026-10-05T13:49:22+00:00,2026,6,elo,2026,Michigan,Big Ten,1719
2026-10-05T13:49:22+00:00,2026,6,elo,2026,Michigan State,Big Ten,1449
2026-10-05T13:49:22+00:00,2026,6,elo,2026,Middle Tennessee,Conference USA,1146
2026-10-05T13:49:22+00:00,2026,6,elo,2026,Minnesota,Big Ten,1526
2026-10-05T13:49:22+00:00,2026,6,elo,2026,Mississippi State,SEC,1612
2026-10-05T13:49:22+00:00,2026,6,elo,2026,Missouri,SEC,1761
2026-10-05T13:49:22+00:00,2026,6,elo,2026,Missouri State,Conference USA,1292
2026-10-05T13:49:22+00:00,2026,6,elo,2026,Navy,American Athletic,1498
2026-10-05T13:49:22+00:00,2026,6,elo,2026,NC State,ACC,1517
2026-10-05T13:49:22+00:00,2026,6,elo,2026,Nebraska,Big Ten,1751
2026-10-05T13:49:22+00:00,2026,6,elo,2026,Nevada,Mountain West,1435
2026-10-05T13:49:22+00:00,2026,6,elo,2026,New Mexico,Mountain West,1683
2026-10-05T13:49:22+00:00,2026,6,elo,2026,New Mexico State,Conference USA,1282
2026-10-05T13:49:22+00:00,2026,6,elo,2026,North Carolina,ACC,1426
2026-10-05T13:49:22+00:00,2026,6,elo,2026,North Dakota State,Mountain West,1636
2026-10-05T13:49:22+00:00,2026,6,elo,2026,Northern Illinois,Mountain West,1194
2026-10-05T13:49:22+00:00,2026,6,elo,2026,North Texas,American Athletic,1629
2026-10-05T13:49:22+00:00,2026,6,elo,2026,Northwestern,Big Ten,1720
2026-10-05T13:49:22+00:00,2026,6,elo,2026,Notre Dame,FBS Independents,2054
2026-10-05T13:49:22+00:00,2026,6,elo,2026,Ohio,Mid-American,1307
2026-10-05T13:49:22+00:00,2026,6,elo,2026,Ohio State,Big Ten,2064
2026-10-05T13:49:22+00:00,2026,6,elo,2026,Oklahoma,SEC,1731
2026-10-05T13:49:22+00:00,2026,6,elo,2026,Oklahoma State,Big 12,1330
2026-10-05T13:49:22+00:00,2026,6,elo,2026,Old Dominion,Sun Belt,1197
2026-10-05T13:49:22+00:00,2026,6,elo,2026,Ole Miss,SEC,1776
2026-10-05T13:49:22+00:00,2026,6,elo,2026,Oregon,Big Ten,1844
2026-10-05T13:49:22+00:00,2026,6,elo,2026,Oregon State,Pac-12,1418
2026-10-05T13:49:22+00:00,2026,6,elo,2026,Penn State,Big Ten,1821
2026-10-05T13:49:22+00:00,2026,6,elo,2026,Pittsburgh,ACC,1668
2026-10-05T13:49:22+00:00,2026,6,elo,2026,Purdue,Big Ten,1326
2026-10-05T13:49:22+00:00,2026,6,elo,2026,Rice,American Athletic,1184
2026-10-05T13:49:22+00:00,2026,6,elo,2026,Rutgers,Big Ten,1383
2026-10-05T13:49:22+00:00,2026,6,elo,2026,Sacramento State,Mid-American,1185
2026-10-05T13:49:22+00:00,2026,6,elo,2026,Sam Houston,Conference USA,1142
2026-10-05T13:49:22+00:00,2026,6,elo,2026,San Diego State,Pac-12,1417
2026-10-05T13:49:22+00:00,2026,6,elo,2026,San José State,Mountain West,1398
2026-10-05T13:49:22+00:00,2026,6,elo,2026,SMU,ACC,1689
2026-10-05T13:49:22+00:00,2026,6,elo,2026,South Alabama,Sun Belt,1354
2026-10-05T13:49:22+00:00,2026,6,elo,2026,South Carolina,SEC,1649
2026-10-05T13:49:22+00:00,2026,6,elo,2026,Southern Miss,Sun Belt,1227
2026-10-05T13:49:22+00:00,2026,6,elo,2026,South Florida,American Athletic,1623
2026-10-05T13:49:22+00:00,2026,6,elo,2026,Stanford,ACC,1194
2026-10-05T13:49:22+00:00,2026,6,elo,2026,Syracuse,ACC,1300
2026-10-05T13:49:22+00:00,2026,6,elo,2026,TCU,Big 12,1600
2026-10-05T13:49:22+00:00,2026,6,elo,2026,Temple,American Athletic,1365
2026-10-05T13:49:22+00:00,2026,6,elo,2026,Tennessee,SEC,1786
2026-10-05T13:49:22+00:00,2026,6,elo,2026,Texas,SEC,1930
2026-10-05T13:49:22+00:00,2026,6,elo,2026,Texas A&M,SEC,1786
2026-10-05T13:49:22+00:00,2026,6,elo,2026,Texas State,Pac-12,1489
2026-10-05T13:49:22+00:00,2026,6,elo,2026,Texas Tech,Big 12,1862
2026-10-05T13:49:22+00:00,2026,6,elo,2026,Toledo,Mid-American,1598
2026-10-05T13:49:22+00:00,2026,6,elo,2026,Troy,Sun Belt,1395
2026-10-05T13:49:22+00:00,2026,6,elo,2026,Tulane,American Athletic,1517
2026-10-05T13:49:22+00:00,2026,6,elo,2026,Tulsa,American Athletic,1238
2026-10-05T13:49:22+00:00,2026,6,elo,2026,UAB,American Athletic,1400
2026-10-05T13:49:22+00:00,2026,6,elo,2026,UCF,Big 12,1488
2026-10-05T13:49:22+00:00,2026,6,elo,2026,UCLA,Big Ten,1660
2026-10-05T13:49:22+00:00,2026,6,elo,2026,UConn,FBS Independents,1460
2026-10-05T13:49:22+00:00,2026,6,elo,2026,UL Monroe,Sun Belt,1014
2026-10-05T13:49:22+00:00,2026,6,elo,2026,UNLV,Mountain West,1494
2026-10-05T13:49:22+00:00,2026,6,elo,2026,USC,Big Ten,1785
2026-10-05T13:49:22+00:00,2026,6,elo,2026,Utah,Big 12,1918
2026-10-05T13:49:22+00:00,2026,6,elo,2026,Utah State,Pac-12,1358
2026-10-05T13:49:22+00:00,2026,6,elo,2026,UTEP,Mountain West,984
2026-10-05T13:49:22+00:00,2026,6,elo,2026,UTSA,American Athletic,1504
2026-10-05T13:49:22+00:00,2026,6,elo,2026,Vanderbilt,SEC,1702
2026-10-05T13:49:22+00:00,2026,6,elo,2026,Virginia,ACC,1595
2026-10-05T13:49:22+00:00,2026,6,elo,2026,Virginia Tech,ACC,1501
2026-10-05T13:49:22+00:00,2026,6,elo,2026,Wake Forest,ACC,1669
2026-10-05T13:49:22+00:00,2026,6,elo,2026,Washington,Big Ten,1734
2026-10-05T13:49:22+00:00,2026,6,elo,2026,Washington State,Pac-12,1480
2026-10-05T13:49:22+00:00,2026,6,elo,2026,Western Kentucky,Conference USA,1191
2026-10-05T13:49:22+00:00,2026,6,elo,2026,Western Michigan,Mid-American,1457
2026-10-05T13:49:22+00:00,2026,6,elo,2026,West Virginia,Big 12,1355
2026-10-05T13:49:22+00:00,2026,6,elo,2026,Wisconsin,Big Ten,1673
2026-10-05T13:49:22+00:00,2026,6,elo,2026,Wyoming,Mountain West,1280
2026-10-06T17:29:27+00:00,2026,7,elo,2026,Air Force,Mountain West,1437
2026-10-06T17:29:27+00:00,2026,7,elo,2026,Akron,Mid-American,862
2026-10-06T17:29:27+00:00,2026,7,elo,2026,Alabama,SEC,1991
2026-10-06T17:29:27+00:00,2026,7,elo,2026,App State,Sun Belt,1320
2026-10-06T17:29:27+00:00,2026,7,elo,2026,Arizona,Big 12,1702
2026-10-06T17:29:27+00:00,2026,7,elo,2026,Arizona State,Big 12,1429
2026-10-06T17:29:27+00:00,2026,7,elo,2026,Arkansas,SEC,1472
2026-10-06T17:29:27+00:00,2026,7,elo,2026,Arkansas State,Sun Belt,1321
2026-10-06T17:29:27+00:00,2026,7,elo,2026,Army,American Athletic,1522
2026-10-06T17:29:27+00:00,2026,7,elo,2026,Auburn,SEC,1669
2026-10-06T17:29:27+00:00,2026,7,elo,2026,Ball State,Mid-American,1065
2026-10-06T17:29:27+00:00,2026,7,elo,2026,Baylor,Big 12,1643
2026-10-06T17:29:27+00:00,2026,7,elo,2026,Boise State,Pac-12,1681
2026-10-06T17:29:27+00:00,2026,7,elo,2026,Boston College,ACC,1381
2026-10-06T17:29:27+00:00,2026,7,elo,2026,Bowling Green,Mid-American,1170
2026-10-06T17:29:27+00:00,2026,7,elo,2026,Buffalo,Mid-American,1294
2026-10-06T17:29:27+00:00,2026,7,elo,2026,BYU,Big 12,1699
2026-10-06T17:29:27+00:00,2026,7,elo,2026,California,ACC,1335
2026-10-06T17:29:27+00:00,2026,7,elo,2026,Central Michigan,Mid-American,1248
2026-10-06T17:29:27+00:00,2026,7,elo,2026,Charlotte,American Athletic,1022
2026-10-06T17:29:27+00:00,2026,7,elo,2026,Cincinnati,Big 12,1469
2026-10-06T17:29:27+00:00,2026,7,elo,2026,Clemson,ACC,1541
2026-10-06T17:29:27+00:00,2026,7,elo,2026,Coastal Carolina,Sun Belt,1262
2026-10-06T17:29:27+00:00,2026,7,elo,2026,Colorado,Big 12,1325
2026-10-06T17:29:27+00:00,2026,7,elo,2026,Colorado State,Pac-12,1233
2026-10-06T17:29:27+00:00,2026,7,elo,2026,Delaware,Conference USA,1328
2026-10-06T17:29:27+00:00,2026,7,elo,2026,Duke,ACC,1667
2026-10-06T17:29:27+00:00,2026,7,elo,2026,East Carolina,American Athletic,1462
2026-10-06T17:29:27+00:00,2026,7,elo,2026,Eastern Michigan,Mid-American,1252
2026-10-06T17:29:27+00:00,2026,7,elo,2026,Florida,SEC,1669
2026-10-06T17:29:27+00:00,2026,7,elo,2026,Florida Atlantic,American Athletic,1314
2026-10-06T17:29:27+00:00,2026,7,elo,2026,Florida International,Conference USA,1397
2026-10-06T17:29:27+00:00,2026,7,elo,2026,Florida State,ACC,1656
2026-10-06T17:29:27+00:00,2026,7,elo,2026,Fresno State,Pac-12,1645
2026-10-06T17:29:27+00:00,2026,7,elo,2026,Georgia,SEC,2052
2026-10-06T17:29:27+00:00,2026,7,elo,2026,Georgia Southern,Sun Belt,1349
2026-10-06T17:29:27+00:00,2026,7,elo,2026,Georgia State,Sun Belt,1402
2026-10-06T17:29:27+00:00,2026,7,elo,2026,Georgia Tech,ACC,1493
2026-10-06T17:29:27+00:00,2026,7,elo,2026,Hawai'i,Mountain West,1373
2026-10-06T17:29:27+00:00,2026,7,elo,2026,Houston,Big 12,1550
2026-10-06T17:29:27+00:00,2026,7,elo,2026,Illinois,Big Ten,1539
2026-10-06T17:29:27+00:00,2026,7,elo,2026,Indiana,Big Ten,2114
2026-10-06T17:29:27+00:00,2026,7,elo,2026,Iowa,Big Ten,1821
2026-10-06T17:29:27+00:00,2026,7,elo,2026,Iowa State,Big 12,1669
2026-10-06T17:29:27+00:00,2026,7,elo,2026,Jacksonville State,Conference USA,1435
2026-10-06T17:29:27+00:00,2026,7,elo,2026,James Madison,Sun Belt,1821
2026-10-06T17:29:27+00:00,2026,7,elo,2026,Kansas,Big 12,1625
2026-10-06T17:29:27+00:00,2026,7,elo,2026,Kansas State,Big 12,1679
2026-10-06T17:29:27+00:00,2026,7,elo,2026,Kennesaw State,Conference USA,1284
2026-10-06T17:29:27+00:00,2026,7,elo,2026,Kent State,Mid-American,1050
2026-10-06T17:29:27+00:00,2026,7,elo,2026,Kentucky,SEC,1559
2026-10-06T17:29:27+00:00,2026,7,elo,2026,Liberty,Conference USA,1725
2026-10-06T17:29:27+00:00,2026,7,elo,2026,Louisiana,Sun Belt,1442
2026-10-06T17:29:27+00:00,2026,7,elo,2026,Louisiana Tech,Sun Belt,1379
2026-10-06T17:29:27+00:00,2026,7,elo,2026,Louisville,ACC,1671
2026-10-06T17:29:27+00:00,2026,7,elo,2026,LSU,SEC,1736
2026-10-06T17:29:27+00:00,2026,7,elo,2026,Marshall,Sun Belt,1363
2026-10-06T17:29:27+00:00,2026,7,elo,2026,Maryland,Big Ten,1297
2026-10-06T17:29:27+00:00,2026,7,elo,2026,Massachusetts,Mid-American,1124
2026-10-06T17:29:27+00:00,2026,7,elo,2026,Memphis,American Athletic,1627
2026-10-06T17:29:27+00:00,2026,7,elo,2026,Miami,ACC,1993
2026-10-06T17:29:27+00:00,2026,7,elo,2026,Miami (OH),Mid-American,1253
2026-10-06T17:29:27+00:00,2026,7,elo,2026,Michigan,Big Ten,1719
2026-10-06T17:29:27+00:00,2026,7,elo,2026,Michigan State,Big Ten,1449
2026-10-06T17:29:27+00:00,2026,7,elo,2026,Middle Tennessee,Conference USA,1146
2026-10-06T17:29:27+00:00,2026,7,elo,2026,Minnesota,Big Ten,1526
2026-10-06T17:29:27+00:00,2026,7,elo,2026,Mississippi State,SEC,1612
2026-10-06T17:29:27+00:00,2026,7,elo,2026,Missouri,SEC,1761
2026-10-06T17:29:27+00:00,2026,7,elo,2026,Missouri State,Conference USA,1292
2026-10-06T17:29:27+00:00,2026,7,elo,2026,Navy,American Athletic,1498
2026-10-06T17:29:27+00:00,2026,7,elo,2026,NC State,ACC,1517
2026-10-06T17:29:27+00:00,2026,7,elo,2026,Nebraska,Big Ten,1751
2026-10-06T17:29:27+00:00,2026,7,elo,2026,Nevada,Mountain West,1435
2026-10-06T17:29:27+00:00,2026,7,elo,2026,New Mexico,Mountain West,1683
2026-10-06T17:29:27+00:00,2026,7,elo,2026,New Mexico State,Conference USA,1282
2026-10-06T17:29:27+00:00,2026,7,elo,2026,North Carolina,ACC,1426
2026-10-06T17:29:27+00:00,2026,7,elo,2026,North Dakota State,Mountain West,1636
2026-10-06T17:29:27+00:00,2026,7,elo,2026,Northern Illinois,Mountain West,1194
2026-10-06T17:29:27+00:00,2026,7,elo,2026,North Texas,American Athletic,1629
2026-10-06T17:29:27+00:00,2026,7,elo,2026,Northwestern,Big Ten,1720
2026-10-06T17:29:27+00:00,2026,7,elo,2026,Notre Dame,FBS Independents,2054
2026-10-06T17:29:27+00:00,2026,7,elo,2026,Ohio,Mid-American,1307
2026-10-06T17:29:27+00:00,2026,7,elo,2026,Ohio State,Big Ten,2064
2026-10-06T17:29:27+00:00,2026,7,elo,2026,Oklahoma,SEC,1731
2026-10-06T17:29:27+00:00,2026,7,elo,2026,Oklahoma State,Big 12,1330
2026-10-06T17:29:27+00:00,2026,7,elo,2026,Old Dominion,Sun Belt,1197
2026-10-06T17:29:27+00:00,2026,7,elo,2026,Ole Miss,SEC,1776
2026-10-06T17:29:27+00:00,2026,7,elo,2026,Oregon,Big Ten,1844
2026-10-06T17:29:27+00:00,2026,7,elo,2026,Oregon State,Pac-12,1418
2026-10-06T17:29:27+00:00,2026,7,elo,2026,Penn State,Big Ten,1821
2026-10-06T17:29:27+00:00,2026,7,elo,2026,Pittsburgh,ACC,1668
2026-10-06T17:29:27+00:00,2026,7,elo,2026,Purdue,Big Ten,1326
2026-10-06T17:29:27+00:00,2026,7,elo,2026,Rice,American Athletic,1184
2026-10-06T17:29:27+00:00,2026,7,elo,2026,Rutgers,Big Ten,1383
2026-10-06T17:29:27+00:00,2026,7,elo,2026,Sacramento State,Mid-American,1185
2026-10-06T17:29:27+00:00,2026,7,elo,2026,Sam Houston,Conference USA,1142
2026-10-06T17:29:27+00:00,2026,7,elo,2026,San Diego State,Pac-12,1417
2026-10-06T17:29:27+00:00,2026,7,elo,2026,San José State,Mountain West,1398
2026-10-06T17:29:27+00:00,2026,7,elo,2026,SMU,ACC,1689
2026-10-06T17:29:27+00:00,2026,7,elo,2026,South Alabama,Sun Belt,1354
2026-10-06T17:29:27+00:00,2026,7,elo,2026,South Carolina,SEC,1649
2026-10-06T17:29:27+00:00,2026,7,elo,2026,Southern Miss,Sun Belt,1227
2026-10-06T17:29:27+00:00,2026,7,elo,2026,South Florida,American Athletic,1623
2026-10-06T17:29:27+00:00,2026,7,elo,2026,Stanford,ACC,1194
2026-10-06T17:29:27+00:00,2026,7,elo,2026,Syracuse,ACC,1300
2026-10-06T17:29:27+00:00,2026,7,elo,2026,TCU,Big 12,1600
2026-10-06T17:29:27+00:00,2026,7,elo,2026,Temple,American Athletic,1365
2026-10-06T17:29:27+00:00,2026,7,elo,2026,Tennessee,SEC,1786
2026-10-06T17:29:27+00:00,2026,7,elo,2026,Texas,SEC,1930
2026-10-06T17:29:27+00:00,2026,7,elo,2026,Texas A&M,SEC,1786
2026-10-06T17:29:27+00:00,2026,7,elo,2026,Texas State,Pac-12,1489
2026-10-06T17:29:27+00:00,2026,7,elo,2026,Texas Tech,Big 12,1862
2026-10-06T17:29:27+00:00,2026,7,elo,2026,Toledo,Mid-American,1598
2026-10-06T17:29:27+00:00,2026,7,elo,2026,Troy,Sun Belt,1395
2026-10-06T17:29:27+00:00,2026,7,elo,2026,Tulane,American Athletic,1517
2026-10-06T17:29:27+00:00,2026,7,elo,2026,Tulsa,American Athletic,1238
2026-10-06T17:29:27+00:00,2026,7,elo,2026,UAB,American Athletic,1400
2026-10-06T17:29:27+00:00,2026,7,elo,2026,UCF,Big 12,1488
2026-10-06T17:29:27+00:00,2026,7,elo,2026,UCLA,Big Ten,1660
2026-10-06T17:29:27+00:00,2026,7,elo,2026,UConn,FBS Independents,1460
2026-10-06T17:29:27+00:00,2026,7,elo,2026,UL Monroe,Sun Belt,1014
2026-10-06T17:29:27+00:00,2026,7,elo,2026,UNLV,Mountain West,1494
2026-10-06T17:29:27+00:00,2026,7,elo,2026,USC,Big Ten,1785
2026-10-06T17:29:27+00:00,2026,7,elo,2026,Utah,Big 12,1918
2026-10-06T17:29:27+00:00,2026,7,elo,2026,Utah State,Pac-12,1358
2026-10-06T17:29:27+00:00,2026,7,elo,2026,UTEP,Mountain West,984
2026-10-06T17:29:27+00:00,2026,7,elo,2026,UTSA,American Athletic,1504
2026-10-06T17:29:27+00:00,2026,7,elo,2026,Vanderbilt,SEC,1702
2026-10-06T17:29:27+00:00,2026,7,elo,2026,Virginia,ACC,1595
2026-10-06T17:29:27+00:00,2026,7,elo,2026,Virginia Tech,ACC,1501
2026-10-06T17:29:27+00:00,2026,7,elo,2026,Wake Forest,ACC,1669
2026-10-06T17:29:27+00:00,2026,7,elo,2026,Washington,Big Ten,1734
2026-10-06T17:29:27+00:00,2026,7,elo,2026,Washington State,Pac-12,1480
2026-10-06T17:29:27+00:00,2026,7,elo,2026,Western Kentucky,Conference USA,1191
2026-10-06T17:29:27+00:00,2026,7,elo,2026,Western Michigan,Mid-American,1457
2026-10-06T17:29:27+00:00,2026,7,elo,2026,West Virginia,Big 12,1355
2026-10-06T17:29:27+00:00,2026,7,elo,2026,Wisconsin,Big Ten,1673
2026-10-06T17:29:27+00:00,2026,7,elo,2026,Wyoming,Mountain West,1280
