captured_at,capture_season,capture_week,source,year,team,conference,fpi,resumeRanks_strengthOfRecord,resumeRanks_fpi,resumeRanks_averageWinProbability,resumeRanks_strengthOfSchedule,resumeRanks_remainingStrengthOfSchedule,resumeRanks_gameControl,efficiencies_overall,efficiencies_offense,efficiencies_defense,efficiencies_specialTeams
2026-08-21T18:47:07+00:00,2026,1,fpi,2026,UAB,American Athletic,-15.451,0,128,0,102,102,0,,,,
2026-08-21T18:47:07+00:00,2026,1,fpi,2026,South Alabama,Sun Belt,-10.531,0,112,0,111,111,0,,,,
2026-08-21T18:47:07+00:00,2026,1,fpi,2026,Arkansas,SEC,4.396,0,47,0,1,1,0,,,,
2026-08-21T18:47:07+00:00,2026,1,fpi,2026,Arizona State,Big 12,4.76,0,44,0,30,30,0,,,,
2026-08-21T18:47:07+00:00,2026,1,fpi,2026,Arizona,Big 12,7.155,0,34,0,53,53,0,,,,
2026-08-21T18:47:07+00:00,2026,1,fpi,2026,San Diego State,Pac-12,1.426,0,59,0,104,104,0,,,,
2026-08-21T18:47:07+00:00,2026,1,fpi,2026,California,ACC,0.884,0,62,0,61,61,0,,,,
2026-08-21T18:47:07+00:00,2026,1,fpi,2026,Colorado,Big 12,4.546,0,45,0,48,48,0,,,,
2026-08-21T18:47:07+00:00,2026,1,fpi,2026,Delaware,Conference USA,-6.555,0,91,0,101,101,0,,,,
2026-08-21T18:47:07+00:00,2026,1,fpi,2026,Jacksonville State,Conference USA,-8.463,0,101,0,137,137,0,,,,
2026-08-21T18:47:07+00:00,2026,1,fpi,2026,South Florida,American Athletic,-0.949,0,73,0,127,127,0,,,,
2026-08-21T18:47:07+00:00,2026,1,fpi,2026,Georgia Tech,ACC,4.186,0,48,0,32,32,0,,,,
2026-08-21T18:47:07+00:00,2026,1,fpi,2026,Georgia,SEC,24.837,0,5,0,20,20,0,,,,
2026-08-21T18:47:07+00:00,2026,1,fpi,2026,Boise State,Pac-12,4.045,0,50,0,75,75,0,,,,
2026-08-21T18:47:07+00:00,2026,1,fpi,2026,Iowa State,Big 12,-0.943,0,72,0,57,57,0,,,,
2026-08-21T18:47:07+00:00,2026,1,fpi,2026,Massachusetts,Mid-American,-18.834,0,137,0,135,135,0,,,,
2026-08-21T18:47:07+00:00,2026,1,fpi,2026,Maryland,Big Ten,1.024,0,61,0,31,31,0,,,,
2026-08-21T18:47:07+00:00,2026,1,fpi,2026,Michigan State,Big Ten,0.281,0,65,0,28,28,0,,,,
2026-08-21T18:47:07+00:00,2026,1,fpi,2026,Ole Miss,SEC,16.029,0,14,0,5,5,0,,,,
2026-08-21T18:47:07+00:00,2026,1,fpi,2026,Duke,ACC,3.547,0,52,0,46,46,0,,,,
2026-08-21T18:47:07+00:00,2026,1,fpi,2026,Wake Forest,ACC,3.379,0,53,0,50,50,0,,,,
2026-08-21T18:47:07+00:00,2026,1,fpi,2026,Rutgers,Big Ten,-0.153,0,67,0,39,39,0,,,,
2026-08-21T18:47:07+00:00,2026,1,fpi,2026,New Mexico,Mountain West,-3.531,0,81,0,92,92,0,,,,
2026-08-21T18:47:07+00:00,2026,1,fpi,2026,Bowling Green,Mid-American,-13.682,0,123,0,105,105,0,,,,
2026-08-21T18:47:07+00:00,2026,1,fpi,2026,Miami (OH),Mid-American,-6.994,0,94,0,114,114,0,,,,
2026-08-21T18:47:07+00:00,2026,1,fpi,2026,Oklahoma State,Big 12,3.345,0,54,0,44,44,0,,,,
2026-08-21T18:47:07+00:00,2026,1,fpi,2026,Oregon State,Pac-12,-8.101,0,98,0,72,72,0,,,,
2026-08-21T18:47:07+00:00,2026,1,fpi,2026,Temple,American Athletic,-8.6,0,102,0,93,93,0,,,,
2026-08-21T18:47:07+00:00,2026,1,fpi,2026,Pittsburgh,ACC,6.616,0,36,0,54,54,0,,,,
2026-08-21T18:47:07+00:00,2026,1,fpi,2026,Vanderbilt,SEC,8.986,0,29,0,18,18,0,,,,
2026-08-21T18:47:07+00:00,2026,1,fpi,2026,Rice,American Athletic,-13.439,0,122,0,74,74,0,,,,
2026-08-21T18:47:07+00:00,2026,1,fpi,2026,Houston,Big 12,7.12,0,35,0,59,59,0,,,,
2026-08-21T18:47:07+00:00,2026,1,fpi,2026,Utah,Big 12,8.451,0,31,0,63,63,0,,,,
2026-08-21T18:47:07+00:00,2026,1,fpi,2026,James Madison,Sun Belt,-2.026,0,75,0,126,126,0,,,,
2026-08-21T18:47:07+00:00,2026,1,fpi,2026,Washington State,Pac-12,-4.054,0,83,0,76,76,0,,,,
2026-08-21T18:47:07+00:00,2026,1,fpi,2026,Wisconsin,Big Ten,4.818,0,43,0,40,40,0,,,,
2026-08-21T18:47:07+00:00,2026,1,fpi,2026,Marshall,Sun Belt,-8.786,0,104,0,106,106,0,,,,
2026-08-21T18:47:07+00:00,2026,1,fpi,2026,West Virginia,Big 12,0.197,0,66,0,52,52,0,,,,
2026-08-21T18:47:07+00:00,2026,1,fpi,2026,Louisiana,Sun Belt,-8.278,0,99,0,100,100,0,,,,
2026-08-21T18:47:07+00:00,2026,1,fpi,2026,Coastal Carolina,Sun Belt,-12.093,0,117,0,125,125,0,,,,
2026-08-21T18:47:07+00:00,2026,1,fpi,2026,Texas State,Pac-12,-4.26,0,84,0,69,69,0,,,,
2026-08-21T18:47:07+00:00,2026,1,fpi,2026,Utah State,Pac-12,-6.707,0,92,0,77,77,0,,,,
2026-08-21T18:47:07+00:00,2026,1,fpi,2026,Alabama,SEC,20.126,0,8,0,15,15,0,,,,
2026-08-21T18:47:07+00:00,2026,1,fpi,2026,Kennesaw State,Conference USA,-9.012,0,106,0,107,107,0,,,,
2026-08-21T18:47:07+00:00,2026,1,fpi,2026,Army,American Athletic,-5.63,0,89,0,116,116,0,,,,
2026-08-21T18:47:07+00:00,2026,1,fpi,2026,Air Force,Mountain West,-6.842,0,93,0,131,131,0,,,,
2026-08-21T18:47:07+00:00,2026,1,fpi,2026,App State,Sun Belt,-9.767,0,109,0,122,122,0,,,,
2026-08-21T18:47:07+00:00,2026,1,fpi,2026,Arkansas State,Sun Belt,-9.153,0,107,0,119,119,0,,,,
2026-08-21T18:47:07+00:00,2026,1,fpi,2026,Ball State,Mid-American,-17.282,0,134,0,81,81,0,,,,
2026-08-21T18:47:07+00:00,2026,1,fpi,2026,Buffalo,Mid-American,-10.782,0,113,0,110,110,0,,,,
2026-08-21T18:47:07+00:00,2026,1,fpi,2026,UCF,Big 12,2.116,0,57,0,64,64,0,,,,
2026-08-21T18:47:07+00:00,2026,1,fpi,2026,Cincinnati,Big 12,4.406,0,46,0,49,49,0,,,,
2026-08-21T18:47:07+00:00,2026,1,fpi,2026,Florida Atlantic,American Athletic,-11.256,0,115,0,94,94,0,,,,
2026-08-21T18:47:07+00:00,2026,1,fpi,2026,Florida International,Conference USA,-12.58,0,119,0,134,134,0,,,,
2026-08-21T18:47:07+00:00,2026,1,fpi,2026,Georgia State,Sun Belt,-15.225,0,127,0,128,128,0,,,,
2026-08-21T18:47:07+00:00,2026,1,fpi,2026,Kent State,Mid-American,-17.891,0,135,0,70,70,0,,,,
2026-08-21T18:47:07+00:00,2026,1,fpi,2026,Liberty,Conference USA,-7.748,0,96,0,138,138,0,,,,
2026-08-21T18:47:07+00:00,2026,1,fpi,2026,Louisiana Tech,Sun Belt,-9.556,0,108,0,82,82,0,,,,
2026-08-21T18:47:07+00:00,2026,1,fpi,2026,Middle Tennessee,Conference USA,-16.066,0,130,0,130,130,0,,,,
2026-08-21T18:47:07+00:00,2026,1,fpi,2026,Charlotte,American Athletic,-14.583,0,126,0,86,86,0,,,,
2026-08-21T18:47:07+00:00,2026,1,fpi,2026,UL Monroe,Sun Belt,-19.255,0,138,0,129,129,0,,,,
2026-08-21T18:47:07+00:00,2026,1,fpi,2026,UNLV,Mountain West,1.791,0,58,0,124,124,0,,,,
2026-08-21T18:47:07+00:00,2026,1,fpi,2026,Nevada,Mountain West,-11.931,0,116,0,117,117,0,,,,
2026-08-21T18:47:07+00:00,2026,1,fpi,2026,Northern Illinois,Mountain West,-14.51,0,125,0,88,88,0,,,,
2026-08-21T18:47:07+00:00,2026,1,fpi,2026,Purdue,Big Ten,-0.929,0,71,0,23,23,0,,,,
2026-08-21T18:47:07+00:00,2026,1,fpi,2026,Sam Houston,Conference USA,-18.422,0,136,0,91,91,0,,,,
2026-08-21T18:47:07+00:00,2026,1,fpi,2026,Southern Miss,Sun Belt,-5.053,0,87,0,97,97,0,,,,
2026-08-21T18:47:07+00:00,2026,1,fpi,2026,South Carolina,SEC,11.692,0,23,0,10,10,0,,,,
2026-08-21T18:47:07+00:00,2026,1,fpi,2026,Missouri State,Conference USA,-10.255,0,110,0,80,80,0,,,,
2026-08-21T18:47:07+00:00,2026,1,fpi,2026,TCU,Big 12,6.366,0,38,0,47,47,0,,,,
2026-08-21T18:47:07+00:00,2026,1,fpi,2026,Tennessee,SEC,15.058,0,16,0,14,14,0,,,,
2026-08-21T18:47:07+00:00,2026,1,fpi,2026,UTSA,American Athletic,-5.31,0,88,0,79,79,0,,,,
2026-08-21T18:47:07+00:00,2026,1,fpi,2026,Toledo,Mid-American,-2.972,0,79,0,133,133,0,,,,
2026-08-21T18:47:07+00:00,2026,1,fpi,2026,Troy,Sun Belt,-7.359,0,95,0,103,103,0,,,,
2026-08-21T18:47:07+00:00,2026,1,fpi,2026,Tulane,American Athletic,2.251,0,56,0,98,98,0,,,,
2026-08-21T18:47:07+00:00,2026,1,fpi,2026,San José State,Mountain West,-14.286,0,124,0,95,95,0,,,,
2026-08-21T18:47:07+00:00,2026,1,fpi,2026,Western Michigan,Mid-American,-4.037,0,82,0,99,99,0,,,,
2026-08-21T18:47:07+00:00,2026,1,fpi,2026,USC,Big Ten,16.982,0,13,0,19,19,0,,,,
2026-08-21T18:47:07+00:00,2026,1,fpi,2026,Colorado State,Pac-12,-12.364,0,118,0,89,89,0,,,,
2026-08-21T18:47:07+00:00,2026,1,fpi,2026,UConn,FBS Independents,-11.163,0,114,0,112,112,0,,,,
2026-08-21T18:47:07+00:00,2026,1,fpi,2026,Hawai'i,Mountain West,-2.371,0,76,0,113,113,0,,,,
2026-08-21T18:47:07+00:00,2026,1,fpi,2026,Northwestern,Big Ten,1.414,0,60,0,17,17,0,,,,
2026-08-21T18:47:07+00:00,2026,1,fpi,2026,Indiana,Big Ten,23.14,0,6,0,33,33,0,,,,
2026-08-21T18:47:07+00:00,2026,1,fpi,2026,Notre Dame,FBS Independents,25.856,0,3,0,56,56,0,,,,
2026-08-21T18:47:07+00:00,2026,1,fpi,2026,Louisville,ACC,9.454,0,27,0,58,58,0,,,,
2026-08-21T18:47:07+00:00,2026,1,fpi,2026,Western Kentucky,Conference USA,-4.859,0,86,0,67,67,0,,,,
2026-08-21T18:47:07+00:00,2026,1,fpi,2026,LSU,SEC,20.034,0,9,0,11,11,0,,,,
2026-08-21T18:47:07+00:00,2026,1,fpi,2026,East Carolina,American Athletic,-0.564,0,68,0,85,85,0,,,,
2026-08-21T18:47:07+00:00,2026,1,fpi,2026,Nebraska,Big Ten,8.842,0,30,0,21,21,0,,,,
2026-08-21T18:47:07+00:00,2026,1,fpi,2026,New Mexico State,Conference USA,-15.705,0,129,0,109,109,0,,,,
2026-08-21T18:47:07+00:00,2026,1,fpi,2026,Syracuse,ACC,-0.808,0,70,0,41,41,0,,,,
2026-08-21T18:47:07+00:00,2026,1,fpi,2026,Ohio State,Big Ten,28.676,0,1,0,8,8,0,,,,
2026-08-21T18:47:07+00:00,2026,1,fpi,2026,Kentucky,SEC,5.366,0,40,0,4,4,0,,,,
2026-08-21T18:47:07+00:00,2026,1,fpi,2026,Ohio,Mid-American,-7.957,0,97,0,120,120,0,,,,
2026-08-21T18:47:07+00:00,2026,1,fpi,2026,Oklahoma,SEC,17.782,0,12,0,2,2,0,,,,
2026-08-21T18:47:07+00:00,2026,1,fpi,2026,Penn State,Big Ten,13.716,0,17,0,62,62,0,,,,
2026-08-21T18:47:07+00:00,2026,1,fpi,2026,Florida State,ACC,9.319,0,28,0,22,22,0,,,,
2026-08-21T18:47:07+00:00,2026,1,fpi,2026,Florida,SEC,13.575,0,18,0,7,7,0,,,,
2026-08-21T18:47:07+00:00,2026,1,fpi,2026,Clemson,ACC,13.421,0,19,0,35,35,0,,,,
2026-08-21T18:47:07+00:00,2026,1,fpi,2026,North Texas,American Athletic,-6.401,0,90,0,78,78,0,,,,
2026-08-21T18:47:07+00:00,2026,1,fpi,2026,Texas,SEC,26.914,0,2,0,3,3,0,,,,
2026-08-21T18:47:07+00:00,2026,1,fpi,2026,BYU,Big 12,13.125,0,20,0,55,55,0,,,,
2026-08-21T18:47:07+00:00,2026,1,fpi,2026,Virginia Tech,ACC,7.384,0,33,0,43,43,0,,,,
2026-08-21T18:47:07+00:00,2026,1,fpi,2026,Fresno State,Pac-12,-2.498,0,77,0,84,84,0,,,,
2026-08-21T18:47:07+00:00,2026,1,fpi,2026,Georgia Southern,Sun Belt,-8.701,0,103,0,96,96,0,,,,
2026-08-21T18:47:07+00:00,2026,1,fpi,2026,Old Dominion,Sun Belt,-4.435,0,85,0,115,115,0,,,,
2026-08-21T18:47:07+00:00,2026,1,fpi,2026,Akron,Mid-American,-16.854,0,133,0,118,118,0,,,,
2026-08-21T18:47:07+00:00,2026,1,fpi,2026,Central Michigan,Mid-American,-12.806,0,120,0,87,87,0,,,,
2026-08-21T18:47:07+00:00,2026,1,fpi,2026,Eastern Michigan,Mid-American,-16.316,0,131,0,123,123,0,,,,
2026-08-21T18:47:07+00:00,2026,1,fpi,2026,Iowa,Big Ten,10.569,0,25,0,38,38,0,,,,
2026-08-21T18:47:07+00:00,2026,1,fpi,2026,Michigan,Big Ten,15.875,0,15,0,16,16,0,,,,
2026-08-21T18:47:07+00:00,2026,1,fpi,2026,Kansas State,Big 12,5.057,0,41,0,68,68,0,,,,
2026-08-21T18:47:07+00:00,2026,1,fpi,2026,Miami,ACC,21.834,0,7,0,45,45,0,,,,
2026-08-21T18:47:07+00:00,2026,1,fpi,2026,Minnesota,Big Ten,0.612,0,63,0,34,34,0,,,,
2026-08-21T18:47:07+00:00,2026,1,fpi,2026,Oregon,Big Ten,25.276,0,4,0,26,26,0,,,,
2026-08-21T18:47:07+00:00,2026,1,fpi,2026,SMU,ACC,11.117,0,24,0,51,51,0,,,,
2026-08-21T18:47:07+00:00,2026,1,fpi,2026,Texas Tech,Big 12,20.016,0,10,0,71,71,0,,,,
2026-08-21T18:47:07+00:00,2026,1,fpi,2026,Missouri,SEC,12.18,0,21,0,12,12,0,,,,
2026-08-21T18:47:07+00:00,2026,1,fpi,2026,NC State,ACC,3.719,0,51,0,66,66,0,,,,
2026-08-21T18:47:07+00:00,2026,1,fpi,2026,North Carolina,ACC,4.91,0,42,0,29,29,0,,,,
2026-08-21T18:47:07+00:00,2026,1,fpi,2026,Tulsa,American Athletic,-8.963,0,105,0,108,108,0,,,,
2026-08-21T18:47:07+00:00,2026,1,fpi,2026,Texas A&M,SEC,20.002,0,11,0,9,9,0,,,,
2026-08-21T18:47:07+00:00,2026,1,fpi,2026,Memphis,American Athletic,-1.917,0,74,0,90,90,0,,,,
2026-08-21T18:47:07+00:00,2026,1,fpi,2026,Virginia,ACC,7.895,0,32,0,65,65,0,,,,
2026-08-21T18:47:07+00:00,2026,1,fpi,2026,Washington,Big Ten,9.893,0,26,0,25,25,0,,,,
2026-08-21T18:47:07+00:00,2026,1,fpi,2026,Mississippi State,SEC,4.082,0,49,0,6,6,0,,,,
2026-08-21T18:47:07+00:00,2026,1,fpi,2026,Illinois,Big Ten,6.315,0,39,0,37,37,0,,,,
2026-08-21T18:47:07+00:00,2026,1,fpi,2026,Kansas,Big 12,2.759,0,55,0,60,60,0,,,,
2026-08-21T18:47:07+00:00,2026,1,fpi,2026,North Dakota State,Mountain West,-8.324,0,100,0,121,121,0,,,,
2026-08-21T18:47:07+00:00,2026,1,fpi,2026,Auburn,SEC,12.007,0,22,0,13,13,0,,,,
2026-08-21T18:47:07+00:00,2026,1,fpi,2026,UTEP,Mountain West,-16.605,0,132,0,73,73,0,,,,
2026-08-21T18:47:07+00:00,2026,1,fpi,2026,Wyoming,Mountain West,-13.069,0,121,0,132,132,0,,,,
2026-08-21T18:47:07+00:00,2026,1,fpi,2026,Stanford,ACC,-3.344,0,80,0,27,27,0,,,,
2026-08-21T18:47:07+00:00,2026,1,fpi,2026,Baylor,Big 12,6.518,0,37,0,42,42,0,,,,
2026-08-21T18:47:07+00:00,2026,1,fpi,2026,Boston College,ACC,-2.668,0,78,0,24,24,0,,,,
2026-08-21T18:47:07+00:00,2026,1,fpi,2026,Navy,American Athletic,-0.712,0,69,0,83,83,0,,,,
2026-08-21T18:47:07+00:00,2026,1,fpi,2026,Sacramento State,Mid-American,-10.422,0,111,0,136,136,0,,,,
2026-08-21T18:47:07+00:00,2026,1,fpi,2026,UCLA,Big Ten,0.472,0,64,0,36,36,0,,,,
2026-08-25T14:27:48+00:00,2026,1,fpi,2026,UAB,American Athletic,-15.451,0,128,0,102,102,0,,,,
2026-08-25T14:27:48+00:00,2026,1,fpi,2026,South Alabama,Sun Belt,-10.531,0,112,0,111,111,0,,,,
2026-08-25T14:27:48+00:00,2026,1,fpi,2026,Arkansas,SEC,4.396,0,47,0,1,1,0,,,,
2026-08-25T14:27:48+00:00,2026,1,fpi,2026,Arizona State,Big 12,4.76,0,44,0,30,30,0,,,,
2026-08-25T14:27:48+00:00,2026,1,fpi,2026,Arizona,Big 12,7.155,0,34,0,53,53,0,,,,
2026-08-25T14:27:48+00:00,2026,1,fpi,2026,San Diego State,Pac-12,1.426,0,59,0,104,104,0,,,,
2026-08-25T14:27:48+00:00,2026,1,fpi,2026,California,ACC,0.884,0,62,0,61,61,0,,,,
2026-08-25T14:27:48+00:00,2026,1,fpi,2026,Colorado,Big 12,4.546,0,45,0,48,48,0,,,,
2026-08-25T14:27:48+00:00,2026,1,fpi,2026,Delaware,Conference USA,-6.555,0,91,0,101,101,0,,,,
2026-08-25T14:27:48+00:00,2026,1,fpi,2026,Jacksonville State,Conference USA,-8.463,0,101,0,137,137,0,,,,
2026-08-25T14:27:48+00:00,2026,1,fpi,2026,South Florida,American Athletic,-0.949,0,73,0,127,127,0,,,,
2026-08-25T14:27:48+00:00,2026,1,fpi,2026,Georgia Tech,ACC,4.186,0,48,0,32,32,0,,,,
2026-08-25T14:27:48+00:00,2026,1,fpi,2026,Georgia,SEC,24.837,0,5,0,20,20,0,,,,
2026-08-25T14:27:48+00:00,2026,1,fpi,2026,Boise State,Pac-12,4.045,0,50,0,75,75,0,,,,
2026-08-25T14:27:48+00:00,2026,1,fpi,2026,Iowa State,Big 12,-0.943,0,72,0,57,57,0,,,,
2026-08-25T14:27:48+00:00,2026,1,fpi,2026,Massachusetts,Mid-American,-18.834,0,137,0,135,135,0,,,,
2026-08-25T14:27:48+00:00,2026,1,fpi,2026,Maryland,Big Ten,1.024,0,61,0,31,31,0,,,,
2026-08-25T14:27:48+00:00,2026,1,fpi,2026,Michigan State,Big Ten,0.281,0,65,0,28,28,0,,,,
2026-08-25T14:27:48+00:00,2026,1,fpi,2026,Ole Miss,SEC,16.029,0,14,0,5,5,0,,,,
2026-08-25T14:27:48+00:00,2026,1,fpi,2026,Duke,ACC,3.547,0,52,0,46,46,0,,,,
2026-08-25T14:27:48+00:00,2026,1,fpi,2026,Wake Forest,ACC,3.379,0,53,0,50,50,0,,,,
2026-08-25T14:27:48+00:00,2026,1,fpi,2026,Rutgers,Big Ten,-0.153,0,67,0,39,39,0,,,,
2026-08-25T14:27:48+00:00,2026,1,fpi,2026,New Mexico,Mountain West,-3.531,0,81,0,92,92,0,,,,
2026-08-25T14:27:48+00:00,2026,1,fpi,2026,Bowling Green,Mid-American,-13.682,0,123,0,105,105,0,,,,
2026-08-25T14:27:48+00:00,2026,1,fpi,2026,Miami (OH),Mid-American,-6.994,0,94,0,114,114,0,,,,
2026-08-25T14:27:48+00:00,2026,1,fpi,2026,Oklahoma State,Big 12,3.345,0,54,0,44,44,0,,,,
2026-08-25T14:27:48+00:00,2026,1,fpi,2026,Oregon State,Pac-12,-8.101,0,98,0,72,72,0,,,,
2026-08-25T14:27:48+00:00,2026,1,fpi,2026,Temple,American Athletic,-8.6,0,102,0,93,93,0,,,,
2026-08-25T14:27:48+00:00,2026,1,fpi,2026,Pittsburgh,ACC,6.616,0,36,0,54,54,0,,,,
2026-08-25T14:27:48+00:00,2026,1,fpi,2026,Vanderbilt,SEC,8.986,0,29,0,18,18,0,,,,
2026-08-25T14:27:48+00:00,2026,1,fpi,2026,Rice,American Athletic,-13.439,0,122,0,74,74,0,,,,
2026-08-25T14:27:48+00:00,2026,1,fpi,2026,Houston,Big 12,7.12,0,35,0,59,59,0,,,,
2026-08-25T14:27:48+00:00,2026,1,fpi,2026,Utah,Big 12,8.451,0,31,0,63,63,0,,,,
2026-08-25T14:27:48+00:00,2026,1,fpi,2026,James Madison,Sun Belt,-2.026,0,75,0,126,126,0,,,,
2026-08-25T14:27:48+00:00,2026,1,fpi,2026,Washington State,Pac-12,-4.054,0,83,0,76,76,0,,,,
2026-08-25T14:27:48+00:00,2026,1,fpi,2026,Wisconsin,Big Ten,4.818,0,43,0,40,40,0,,,,
2026-08-25T14:27:48+00:00,2026,1,fpi,2026,Marshall,Sun Belt,-8.786,0,104,0,106,106,0,,,,
2026-08-25T14:27:48+00:00,2026,1,fpi,2026,West Virginia,Big 12,0.197,0,66,0,52,52,0,,,,
2026-08-25T14:27:48+00:00,2026,1,fpi,2026,Louisiana,Sun Belt,-8.278,0,99,0,100,100,0,,,,
2026-08-25T14:27:48+00:00,2026,1,fpi,2026,Coastal Carolina,Sun Belt,-12.093,0,117,0,125,125,0,,,,
2026-08-25T14:27:48+00:00,2026,1,fpi,2026,Texas State,Pac-12,-4.26,0,84,0,69,69,0,,,,
2026-08-25T14:27:48+00:00,2026,1,fpi,2026,Utah State,Pac-12,-6.707,0,92,0,77,77,0,,,,
2026-08-25T14:27:48+00:00,2026,1,fpi,2026,Alabama,SEC,20.126,0,8,0,15,15,0,,,,
2026-08-25T14:27:48+00:00,2026,1,fpi,2026,Kennesaw State,Conference USA,-9.012,0,106,0,107,107,0,,,,
2026-08-25T14:27:48+00:00,2026,1,fpi,2026,Army,American Athletic,-5.63,0,89,0,116,116,0,,,,
2026-08-25T14:27:48+00:00,2026,1,fpi,2026,Air Force,Mountain West,-6.842,0,93,0,131,131,0,,,,
2026-08-25T14:27:48+00:00,2026,1,fpi,2026,App State,Sun Belt,-9.767,0,109,0,122,122,0,,,,
2026-08-25T14:27:48+00:00,2026,1,fpi,2026,Arkansas State,Sun Belt,-9.153,0,107,0,119,119,0,,,,
2026-08-25T14:27:48+00:00,2026,1,fpi,2026,Ball State,Mid-American,-17.282,0,134,0,81,81,0,,,,
2026-08-25T14:27:48+00:00,2026,1,fpi,2026,Buffalo,Mid-American,-10.782,0,113,0,110,110,0,,,,
2026-08-25T14:27:48+00:00,2026,1,fpi,2026,UCF,Big 12,2.116,0,57,0,64,64,0,,,,
2026-08-25T14:27:48+00:00,2026,1,fpi,2026,Cincinnati,Big 12,4.406,0,46,0,49,49,0,,,,
2026-08-25T14:27:48+00:00,2026,1,fpi,2026,Florida Atlantic,American Athletic,-11.256,0,115,0,94,94,0,,,,
2026-08-25T14:27:48+00:00,2026,1,fpi,2026,Florida International,Conference USA,-12.58,0,119,0,134,134,0,,,,
2026-08-25T14:27:48+00:00,2026,1,fpi,2026,Georgia State,Sun Belt,-15.225,0,127,0,128,128,0,,,,
2026-08-25T14:27:48+00:00,2026,1,fpi,2026,Kent State,Mid-American,-17.891,0,135,0,70,70,0,,,,
2026-08-25T14:27:48+00:00,2026,1,fpi,2026,Liberty,Conference USA,-7.748,0,96,0,138,138,0,,,,
2026-08-25T14:27:48+00:00,2026,1,fpi,2026,Louisiana Tech,Sun Belt,-9.556,0,108,0,82,82,0,,,,
2026-08-25T14:27:48+00:00,2026,1,fpi,2026,Middle Tennessee,Conference USA,-16.066,0,130,0,130,130,0,,,,
2026-08-25T14:27:48+00:00,2026,1,fpi,2026,Charlotte,American Athletic,-14.583,0,126,0,86,86,0,,,,
2026-08-25T14:27:48+00:00,2026,1,fpi,2026,UL Monroe,Sun Belt,-19.255,0,138,0,129,129,0,,,,
2026-08-25T14:27:48+00:00,2026,1,fpi,2026,UNLV,Mountain West,1.791,0,58,0,124,124,0,,,,
2026-08-25T14:27:48+00:00,2026,1,fpi,2026,Nevada,Mountain West,-11.931,0,116,0,117,117,0,,,,
2026-08-25T14:27:48+00:00,2026,1,fpi,2026,Northern Illinois,Mountain West,-14.51,0,125,0,88,88,0,,,,
2026-08-25T14:27:48+00:00,2026,1,fpi,2026,Purdue,Big Ten,-0.929,0,71,0,23,23,0,,,,
2026-08-25T14:27:48+00:00,2026,1,fpi,2026,Sam Houston,Conference USA,-18.422,0,136,0,91,91,0,,,,
2026-08-25T14:27:48+00:00,2026,1,fpi,2026,Southern Miss,Sun Belt,-5.053,0,87,0,97,97,0,,,,
2026-08-25T14:27:48+00:00,2026,1,fpi,2026,South Carolina,SEC,11.692,0,23,0,10,10,0,,,,
2026-08-25T14:27:48+00:00,2026,1,fpi,2026,Missouri State,Conference USA,-10.255,0,110,0,80,80,0,,,,
2026-08-25T14:27:48+00:00,2026,1,fpi,2026,TCU,Big 12,6.366,0,38,0,47,47,0,,,,
2026-08-25T14:27:48+00:00,2026,1,fpi,2026,Tennessee,SEC,15.058,0,16,0,14,14,0,,,,
2026-08-25T14:27:48+00:00,2026,1,fpi,2026,UTSA,American Athletic,-5.31,0,88,0,79,79,0,,,,
2026-08-25T14:27:48+00:00,2026,1,fpi,2026,Toledo,Mid-American,-2.972,0,79,0,133,133,0,,,,
2026-08-25T14:27:48+00:00,2026,1,fpi,2026,Troy,Sun Belt,-7.359,0,95,0,103,103,0,,,,
2026-08-25T14:27:48+00:00,2026,1,fpi,2026,Tulane,American Athletic,2.251,0,56,0,98,98,0,,,,
2026-08-25T14:27:48+00:00,2026,1,fpi,2026,San José State,Mountain West,-14.286,0,124,0,95,95,0,,,,
2026-08-25T14:27:48+00:00,2026,1,fpi,2026,Western Michigan,Mid-American,-4.037,0,82,0,99,99,0,,,,
2026-08-25T14:27:48+00:00,2026,1,fpi,2026,USC,Big Ten,16.982,0,13,0,19,19,0,,,,
2026-08-25T14:27:48+00:00,2026,1,fpi,2026,Colorado State,Pac-12,-12.364,0,118,0,89,89,0,,,,
2026-08-25T14:27:48+00:00,2026,1,fpi,2026,UConn,FBS Independents,-11.163,0,114,0,112,112,0,,,,
2026-08-25T14:27:48+00:00,2026,1,fpi,2026,Hawai'i,Mountain West,-2.371,0,76,0,113,113,0,,,,
2026-08-25T14:27:48+00:00,2026,1,fpi,2026,Northwestern,Big Ten,1.414,0,60,0,17,17,0,,,,
2026-08-25T14:27:48+00:00,2026,1,fpi,2026,Indiana,Big Ten,23.14,0,6,0,33,33,0,,,,
2026-08-25T14:27:48+00:00,2026,1,fpi,2026,Notre Dame,FBS Independents,25.856,0,3,0,56,56,0,,,,
2026-08-25T14:27:48+00:00,2026,1,fpi,2026,Louisville,ACC,9.454,0,27,0,58,58,0,,,,
2026-08-25T14:27:48+00:00,2026,1,fpi,2026,Western Kentucky,Conference USA,-4.859,0,86,0,67,67,0,,,,
2026-08-25T14:27:48+00:00,2026,1,fpi,2026,LSU,SEC,20.034,0,9,0,11,11,0,,,,
2026-08-25T14:27:48+00:00,2026,1,fpi,2026,East Carolina,American Athletic,-0.564,0,68,0,85,85,0,,,,
2026-08-25T14:27:48+00:00,2026,1,fpi,2026,Nebraska,Big Ten,8.842,0,30,0,21,21,0,,,,
2026-08-25T14:27:48+00:00,2026,1,fpi,2026,New Mexico State,Conference USA,-15.705,0,129,0,109,109,0,,,,
2026-08-25T14:27:48+00:00,2026,1,fpi,2026,Syracuse,ACC,-0.808,0,70,0,41,41,0,,,,
2026-08-25T14:27:48+00:00,2026,1,fpi,2026,Ohio State,Big Ten,28.676,0,1,0,8,8,0,,,,
2026-08-25T14:27:48+00:00,2026,1,fpi,2026,Kentucky,SEC,5.366,0,40,0,4,4,0,,,,
2026-08-25T14:27:48+00:00,2026,1,fpi,2026,Ohio,Mid-American,-7.957,0,97,0,120,120,0,,,,
2026-08-25T14:27:48+00:00,2026,1,fpi,2026,Oklahoma,SEC,17.782,0,12,0,2,2,0,,,,
2026-08-25T14:27:48+00:00,2026,1,fpi,2026,Penn State,Big Ten,13.716,0,17,0,62,62,0,,,,
2026-08-25T14:27:48+00:00,2026,1,fpi,2026,Florida State,ACC,9.319,0,28,0,22,22,0,,,,
2026-08-25T14:27:48+00:00,2026,1,fpi,2026,Florida,SEC,13.575,0,18,0,7,7,0,,,,
2026-08-25T14:27:48+00:00,2026,1,fpi,2026,Clemson,ACC,13.421,0,19,0,35,35,0,,,,
2026-08-25T14:27:48+00:00,2026,1,fpi,2026,North Texas,American Athletic,-6.401,0,90,0,78,78,0,,,,
2026-08-25T14:27:48+00:00,2026,1,fpi,2026,Texas,SEC,26.914,0,2,0,3,3,0,,,,
2026-08-25T14:27:48+00:00,2026,1,fpi,2026,BYU,Big 12,13.125,0,20,0,55,55,0,,,,
2026-08-25T14:27:48+00:00,2026,1,fpi,2026,Virginia Tech,ACC,7.384,0,33,0,43,43,0,,,,
2026-08-25T14:27:48+00:00,2026,1,fpi,2026,Fresno State,Pac-12,-2.498,0,77,0,84,84,0,,,,
2026-08-25T14:27:48+00:00,2026,1,fpi,2026,Georgia Southern,Sun Belt,-8.701,0,103,0,96,96,0,,,,
2026-08-25T14:27:48+00:00,2026,1,fpi,2026,Old Dominion,Sun Belt,-4.435,0,85,0,115,115,0,,,,
2026-08-25T14:27:48+00:00,2026,1,fpi,2026,Akron,Mid-American,-16.854,0,133,0,118,118,0,,,,
2026-08-25T14:27:48+00:00,2026,1,fpi,2026,Central Michigan,Mid-American,-12.806,0,120,0,87,87,0,,,,
2026-08-25T14:27:48+00:00,2026,1,fpi,2026,Eastern Michigan,Mid-American,-16.316,0,131,0,123,123,0,,,,
2026-08-25T14:27:48+00:00,2026,1,fpi,2026,Iowa,Big Ten,10.569,0,25,0,38,38,0,,,,
2026-08-25T14:27:48+00:00,2026,1,fpi,2026,Michigan,Big Ten,15.875,0,15,0,16,16,0,,,,
2026-08-25T14:27:48+00:00,2026,1,fpi,2026,Kansas State,Big 12,5.057,0,41,0,68,68,0,,,,
2026-08-25T14:27:48+00:00,2026,1,fpi,2026,Miami,ACC,21.834,0,7,0,45,45,0,,,,
2026-08-25T14:27:48+00:00,2026,1,fpi,2026,Minnesota,Big Ten,0.612,0,63,0,34,34,0,,,,
2026-08-25T14:27:48+00:00,2026,1,fpi,2026,Oregon,Big Ten,25.276,0,4,0,26,26,0,,,,
2026-08-25T14:27:48+00:00,2026,1,fpi,2026,SMU,ACC,11.117,0,24,0,51,51,0,,,,
2026-08-25T14:27:48+00:00,2026,1,fpi,2026,Texas Tech,Big 12,20.016,0,10,0,71,71,0,,,,
2026-08-25T14:27:48+00:00,2026,1,fpi,2026,Missouri,SEC,12.18,0,21,0,12,12,0,,,,
2026-08-25T14:27:48+00:00,2026,1,fpi,2026,NC State,ACC,3.719,0,51,0,66,66,0,,,,
2026-08-25T14:27:48+00:00,2026,1,fpi,2026,North Carolina,ACC,4.91,0,42,0,29,29,0,,,,
2026-08-25T14:27:48+00:00,2026,1,fpi,2026,Tulsa,American Athletic,-8.963,0,105,0,108,108,0,,,,
2026-08-25T14:27:48+00:00,2026,1,fpi,2026,Texas A&M,SEC,20.002,0,11,0,9,9,0,,,,
2026-08-25T14:27:48+00:00,2026,1,fpi,2026,Memphis,American Athletic,-1.917,0,74,0,90,90,0,,,,
2026-08-25T14:27:48+00:00,2026,1,fpi,2026,Virginia,ACC,7.895,0,32,0,65,65,0,,,,
2026-08-25T14:27:48+00:00,2026,1,fpi,2026,Washington,Big Ten,9.893,0,26,0,25,25,0,,,,
2026-08-25T14:27:48+00:00,2026,1,fpi,2026,Mississippi State,SEC,4.082,0,49,0,6,6,0,,,,
2026-08-25T14:27:48+00:00,2026,1,fpi,2026,Illinois,Big Ten,6.315,0,39,0,37,37,0,,,,
2026-08-25T14:27:48+00:00,2026,1,fpi,2026,Kansas,Big 12,2.759,0,55,0,60,60,0,,,,
2026-08-25T14:27:48+00:00,2026,1,fpi,2026,North Dakota State,Mountain West,-8.324,0,100,0,121,121,0,,,,
2026-08-25T14:27:48+00:00,2026,1,fpi,2026,Auburn,SEC,12.007,0,22,0,13,13,0,,,,
2026-08-25T14:27:48+00:00,2026,1,fpi,2026,UTEP,Mountain West,-16.605,0,132,0,73,73,0,,,,
2026-08-25T14:27:48+00:00,2026,1,fpi,2026,Wyoming,Mountain West,-13.069,0,121,0,132,132,0,,,,
2026-08-25T14:27:48+00:00,2026,1,fpi,2026,Stanford,ACC,-3.344,0,80,0,27,27,0,,,,
2026-08-25T14:27:48+00:00,2026,1,fpi,2026,Baylor,Big 12,6.518,0,37,0,42,42,0,,,,
2026-08-25T14:27:48+00:00,2026,1,fpi,2026,Boston College,ACC,-2.668,0,78,0,24,24,0,,,,
2026-08-25T14:27:48+00:00,2026,1,fpi,2026,Navy,American Athletic,-0.712,0,69,0,83,83,0,,,,
2026-08-25T14:27:48+00:00,2026,1,fpi,2026,Sacramento State,Mid-American,-10.422,0,111,0,136,136,0,,,,
2026-08-25T14:27:48+00:00,2026,1,fpi,2026,UCLA,Big Ten,0.472,0,64,0,36,36,0,,,,
2026-09-01T12:03:17+00:00,2026,2,fpi,2026,UAB,American Athletic,-15.451,0,129,0,101,100,0,,,,
2026-09-01T12:03:17+00:00,2026,2,fpi,2026,South Alabama,Sun Belt,-10.531,0,110,0,112,110,0,,,,
2026-09-01T12:03:17+00:00,2026,2,fpi,2026,Arkansas,SEC,4.396,0,47,0,1,1,0,,,,
2026-09-01T12:03:17+00:00,2026,2,fpi,2026,Arizona State,Big 12,4.76,0,44,0,30,30,0,,,,
2026-09-01T12:03:17+00:00,2026,2,fpi,2026,Arizona,Big 12,7.155,0,34,0,54,54,0,,,,
2026-09-01T12:03:17+00:00,2026,2,fpi,2026,San Diego State,Pac-12,1.426,0,57,0,103,102,0,,,,
2026-09-01T12:03:17+00:00,2026,2,fpi,2026,California,ACC,0.884,0,60,0,61,61,0,,,,
2026-09-01T12:03:17+00:00,2026,2,fpi,2026,Colorado,Big 12,4.546,0,45,0,51,51,0,,,,
2026-09-01T12:03:17+00:00,2026,2,fpi,2026,Delaware,Conference USA,-6.555,0,92,0,96,95,0,,,,
2026-09-01T12:03:17+00:00,2026,2,fpi,2026,Jacksonville State,Conference USA,-13.934,9,123,13,133,138,15,,,,
2026-09-01T12:03:17+00:00,2026,2,fpi,2026,South Florida,American Athletic,-0.949,0,73,0,122,120,0,,,,
2026-09-01T12:03:17+00:00,2026,2,fpi,2026,Georgia Tech,ACC,4.186,0,48,0,31,31,0,,,,
2026-09-01T12:03:17+00:00,2026,2,fpi,2026,Georgia,SEC,24.837,0,5,0,20,21,0,,,,
2026-09-01T12:03:17+00:00,2026,2,fpi,2026,Boise State,Pac-12,4.045,0,50,0,73,73,0,,,,
2026-09-01T12:03:17+00:00,2026,2,fpi,2026,Iowa State,Big 12,-0.943,0,72,0,57,57,0,,,,
2026-09-01T12:03:17+00:00,2026,2,fpi,2026,Massachusetts,Mid-American,-18.834,0,136,0,137,136,0,,,,
2026-09-01T12:03:17+00:00,2026,2,fpi,2026,Maryland,Big Ten,1.024,0,59,0,34,34,0,,,,
2026-09-01T12:03:17+00:00,2026,2,fpi,2026,Michigan State,Big Ten,0.281,0,63,0,25,26,0,,,,
2026-09-01T12:03:17+00:00,2026,2,fpi,2026,Ole Miss,SEC,16.029,0,13,0,6,6,0,,,,
2026-09-01T12:03:17+00:00,2026,2,fpi,2026,Duke,ACC,3.547,0,51,0,45,45,0,,,,
2026-09-01T12:03:17+00:00,2026,2,fpi,2026,Wake Forest,ACC,3.379,0,52,0,52,52,0,,,,
2026-09-01T12:03:17+00:00,2026,2,fpi,2026,Rutgers,Big Ten,-0.153,0,66,0,32,32,0,,,,
2026-09-01T12:03:17+00:00,2026,2,fpi,2026,New Mexico,Mountain West,-3.531,0,81,0,91,91,0,,,,
2026-09-01T12:03:17+00:00,2026,2,fpi,2026,Bowling Green,Mid-American,-13.682,0,122,0,105,104,0,,,,
2026-09-01T12:03:17+00:00,2026,2,fpi,2026,Miami (OH),Mid-American,-6.994,0,95,0,115,112,0,,,,
2026-09-01T12:03:17+00:00,2026,2,fpi,2026,Oklahoma State,Big 12,3.345,0,53,0,46,46,0,,,,
2026-09-01T12:03:17+00:00,2026,2,fpi,2026,Oregon State,Pac-12,-8.101,0,99,0,74,74,0,,,,
2026-09-01T12:03:17+00:00,2026,2,fpi,2026,Temple,American Athletic,-8.6,0,101,0,90,90,0,,,,
2026-09-01T12:03:17+00:00,2026,2,fpi,2026,Pittsburgh,ACC,6.616,0,36,0,53,53,0,,,,
2026-09-01T12:03:17+00:00,2026,2,fpi,2026,Vanderbilt,SEC,8.986,0,29,0,18,19,0,,,,
2026-09-01T12:03:17+00:00,2026,2,fpi,2026,Rice,American Athletic,-13.439,0,121,0,75,75,0,,,,
2026-09-01T12:03:17+00:00,2026,2,fpi,2026,Houston,Big 12,7.12,0,35,0,59,59,0,,,,
2026-09-01T12:03:17+00:00,2026,2,fpi,2026,Utah,Big 12,8.451,0,31,0,65,65,0,,,,
2026-09-01T12:03:17+00:00,2026,2,fpi,2026,James Madison,Sun Belt,-2.026,0,77,0,124,122,0,,,,
2026-09-01T12:03:17+00:00,2026,2,fpi,2026,Washington State,Pac-12,-4.054,0,84,0,76,76,0,,,,
2026-09-01T12:03:17+00:00,2026,2,fpi,2026,Wisconsin,Big Ten,4.818,0,42,0,42,42,0,,,,
2026-09-01T12:03:17+00:00,2026,2,fpi,2026,Marshall,Sun Belt,-8.786,0,103,0,104,103,0,,,,
2026-09-01T12:03:17+00:00,2026,2,fpi,2026,West Virginia,Big 12,0.197,0,64,0,47,48,0,,,,
2026-09-01T12:03:17+00:00,2026,2,fpi,2026,Louisiana,Sun Belt,-8.278,0,100,0,108,107,0,,,,
2026-09-01T12:03:17+00:00,2026,2,fpi,2026,Coastal Carolina,Sun Belt,-12.093,0,116,0,123,121,0,,,,
2026-09-01T12:03:17+00:00,2026,2,fpi,2026,Texas State,Pac-12,-4.26,0,85,0,69,69,0,,,,
2026-09-01T12:03:17+00:00,2026,2,fpi,2026,Utah State,Pac-12,-6.707,0,93,0,77,77,0,,,,
2026-09-01T12:03:17+00:00,2026,2,fpi,2026,Alabama,SEC,20.126,0,8,0,15,15,0,,,,
2026-09-01T12:03:17+00:00,2026,2,fpi,2026,Kennesaw State,Conference USA,-9.012,0,105,0,107,106,0,,,,
2026-09-01T12:03:17+00:00,2026,2,fpi,2026,Army,American Athletic,-5.63,0,90,0,117,114,0,,,,
2026-09-01T12:03:17+00:00,2026,2,fpi,2026,Air Force,Mountain West,-6.842,0,94,0,131,130,0,,,,
2026-09-01T12:03:17+00:00,2026,2,fpi,2026,App State,Sun Belt,-9.767,0,108,0,128,127,0,,,,
2026-09-01T12:03:17+00:00,2026,2,fpi,2026,Arkansas State,Sun Belt,-9.153,0,106,0,120,119,0,,,,
2026-09-01T12:03:17+00:00,2026,2,fpi,2026,Ball State,Mid-American,-17.282,0,133,0,81,81,0,,,,
2026-09-01T12:03:17+00:00,2026,2,fpi,2026,Buffalo,Mid-American,-10.782,0,111,0,109,108,0,,,,
2026-09-01T12:03:17+00:00,2026,2,fpi,2026,UCF,Big 12,2.116,0,56,0,64,64,0,,,,
2026-09-01T12:03:17+00:00,2026,2,fpi,2026,Cincinnati,Big 12,4.406,0,46,0,50,50,0,,,,
2026-09-01T12:03:17+00:00,2026,2,fpi,2026,Florida Atlantic,American Athletic,-11.256,0,113,0,93,93,0,,,,
2026-09-01T12:03:17+00:00,2026,2,fpi,2026,Florida International,Conference USA,-12.58,0,118,0,135,133,0,,,,
2026-09-01T12:03:17+00:00,2026,2,fpi,2026,Georgia State,Sun Belt,-15.225,0,128,0,126,124,0,,,,
2026-09-01T12:03:17+00:00,2026,2,fpi,2026,Kent State,Mid-American,-17.891,0,134,0,70,70,0,,,,
2026-09-01T12:03:17+00:00,2026,2,fpi,2026,Liberty,Conference USA,-7.748,0,97,0,138,137,0,,,,
2026-09-01T12:03:17+00:00,2026,2,fpi,2026,Louisiana Tech,Sun Belt,-9.556,0,107,0,82,82,0,,,,
2026-09-01T12:03:17+00:00,2026,2,fpi,2026,Middle Tennessee,Conference USA,-16.066,0,130,0,132,131,0,,,,
2026-09-01T12:03:17+00:00,2026,2,fpi,2026,Charlotte,American Athletic,-14.583,0,126,0,86,86,0,,,,
2026-09-01T12:03:17+00:00,2026,2,fpi,2026,UL Monroe,Sun Belt,-19.255,0,137,0,127,126,0,,,,
2026-09-01T12:03:17+00:00,2026,2,fpi,2026,UNLV,Mountain West,-0.382,9,67,9,118,118,14,,,,
2026-09-01T12:03:17+00:00,2026,2,fpi,2026,Nevada,Mountain West,-11.931,0,115,0,113,111,0,,,,
2026-09-01T12:03:17+00:00,2026,2,fpi,2026,Northern Illinois,Mountain West,-14.51,0,125,0,85,85,0,,,,
2026-09-01T12:03:17+00:00,2026,2,fpi,2026,Purdue,Big Ten,-0.929,0,71,0,23,24,0,,,,
2026-09-01T12:03:17+00:00,2026,2,fpi,2026,Sam Houston,Conference USA,-18.422,0,135,0,92,92,0,,,,
2026-09-01T12:03:17+00:00,2026,2,fpi,2026,Southern Miss,Sun Belt,-5.053,0,88,0,98,98,0,,,,
2026-09-01T12:03:17+00:00,2026,2,fpi,2026,South Carolina,SEC,11.692,0,23,0,9,9,0,,,,
2026-09-01T12:03:17+00:00,2026,2,fpi,2026,Missouri State,Conference USA,-10.255,0,109,0,80,80,0,,,,
2026-09-01T12:03:17+00:00,2026,2,fpi,2026,TCU,Big 12,4.77,9,43,10,48,47,12,,,,
2026-09-01T12:03:17+00:00,2026,2,fpi,2026,Tennessee,SEC,15.058,0,15,0,13,13,0,,,,
2026-09-01T12:03:17+00:00,2026,2,fpi,2026,UTSA,American Athletic,-5.31,0,89,0,78,78,0,,,,
2026-09-01T12:03:17+00:00,2026,2,fpi,2026,Toledo,Mid-American,-2.972,0,80,0,136,134,0,,,,
2026-09-01T12:03:17+00:00,2026,2,fpi,2026,Troy,Sun Belt,-7.359,0,96,0,102,101,0,,,,
2026-09-01T12:03:17+00:00,2026,2,fpi,2026,Tulane,American Athletic,2.251,0,55,0,97,96,0,,,,
2026-09-01T12:03:17+00:00,2026,2,fpi,2026,San José State,Mountain West,-11.845,9,114,16,100,129,9,,,,
2026-09-01T12:03:17+00:00,2026,2,fpi,2026,Western Michigan,Mid-American,-4.037,0,83,0,99,99,0,,,,
2026-09-01T12:03:17+00:00,2026,2,fpi,2026,USC,Big Ten,13.554,5,18,1,19,16,2,,,,
2026-09-01T12:03:17+00:00,2026,2,fpi,2026,Colorado State,Pac-12,-12.364,0,117,0,89,89,0,,,,
2026-09-01T12:03:17+00:00,2026,2,fpi,2026,UConn,FBS Independents,-11.163,0,112,0,110,109,0,,,,
2026-09-01T12:03:17+00:00,2026,2,fpi,2026,Hawai'i,Mountain West,-4.027,9,82,11,111,115,13,,,,
2026-09-01T12:03:17+00:00,2026,2,fpi,2026,Northwestern,Big Ten,1.414,0,58,0,17,18,0,,,,
2026-09-01T12:03:17+00:00,2026,2,fpi,2026,Indiana,Big Ten,23.14,0,6,0,36,36,0,,,,
2026-09-01T12:03:17+00:00,2026,2,fpi,2026,Notre Dame,FBS Independents,25.856,0,3,0,55,55,0,,,,
2026-09-01T12:03:17+00:00,2026,2,fpi,2026,Louisville,ACC,9.454,0,28,0,58,58,0,,,,
2026-09-01T12:03:17+00:00,2026,2,fpi,2026,Western Kentucky,Conference USA,-4.859,0,87,0,67,66,0,,,,
2026-09-01T12:03:17+00:00,2026,2,fpi,2026,LSU,SEC,20.034,0,9,0,10,10,0,,,,
2026-09-01T12:03:17+00:00,2026,2,fpi,2026,East Carolina,American Athletic,-0.564,0,68,0,84,84,0,,,,
2026-09-01T12:03:17+00:00,2026,2,fpi,2026,Nebraska,Big Ten,8.842,0,30,0,21,22,0,,,,
2026-09-01T12:03:17+00:00,2026,2,fpi,2026,New Mexico State,Conference USA,-14.005,9,124,12,114,135,8,,,,
2026-09-01T12:03:17+00:00,2026,2,fpi,2026,Syracuse,ACC,-0.808,0,70,0,41,41,0,,,,
2026-09-01T12:03:17+00:00,2026,2,fpi,2026,Ohio State,Big Ten,28.676,0,1,0,11,11,0,,,,
2026-09-01T12:03:17+00:00,2026,2,fpi,2026,Kentucky,SEC,5.366,0,40,0,4,4,0,,,,
2026-09-01T12:03:17+00:00,2026,2,fpi,2026,Ohio,Mid-American,-7.957,0,98,0,125,123,0,,,,
2026-09-01T12:03:17+00:00,2026,2,fpi,2026,Oklahoma,SEC,17.782,0,12,0,3,3,0,,,,
2026-09-01T12:03:17+00:00,2026,2,fpi,2026,Penn State,Big Ten,13.716,0,16,0,62,62,0,,,,
2026-09-01T12:03:17+00:00,2026,2,fpi,2026,Florida State,ACC,7.969,7,32,5,22,20,7,,,,
2026-09-01T12:03:17+00:00,2026,2,fpi,2026,Florida,SEC,13.575,0,17,0,7,7,0,,,,
2026-09-01T12:03:17+00:00,2026,2,fpi,2026,Clemson,ACC,13.421,0,19,0,35,35,0,,,,
2026-09-01T12:03:17+00:00,2026,2,fpi,2026,North Texas,American Athletic,-6.401,0,91,0,79,79,0,,,,
2026-09-01T12:03:17+00:00,2026,2,fpi,2026,Texas,SEC,26.914,0,2,0,2,2,0,,,,
2026-09-01T12:03:17+00:00,2026,2,fpi,2026,BYU,Big 12,13.125,0,20,0,56,56,0,,,,
2026-09-01T12:03:17+00:00,2026,2,fpi,2026,Virginia Tech,ACC,7.384,0,33,0,43,43,0,,,,
2026-09-01T12:03:17+00:00,2026,2,fpi,2026,Fresno State,Pac-12,-2.498,0,78,0,87,87,0,,,,
2026-09-01T12:03:17+00:00,2026,2,fpi,2026,Georgia Southern,Sun Belt,-8.701,0,102,0,95,94,0,,,,
2026-09-01T12:03:17+00:00,2026,2,fpi,2026,Old Dominion,Sun Belt,-4.435,0,86,0,116,113,0,,,,
2026-09-01T12:03:17+00:00,2026,2,fpi,2026,Akron,Mid-American,-16.854,0,132,0,119,117,0,,,,
2026-09-01T12:03:17+00:00,2026,2,fpi,2026,Central Michigan,Mid-American,-12.806,0,119,0,88,88,0,,,,
2026-09-01T12:03:17+00:00,2026,2,fpi,2026,Eastern Michigan,Mid-American,-15.067,8,127,3,121,116,10,,,,
2026-09-01T12:03:17+00:00,2026,2,fpi,2026,Iowa,Big Ten,10.569,0,25,0,38,38,0,,,,
2026-09-01T12:03:17+00:00,2026,2,fpi,2026,Michigan,Big Ten,15.875,0,14,0,16,17,0,,,,
2026-09-01T12:03:17+00:00,2026,2,fpi,2026,Kansas State,Big 12,5.057,0,41,0,68,68,0,,,,
2026-09-01T12:03:17+00:00,2026,2,fpi,2026,Miami,ACC,21.834,0,7,0,44,44,0,,,,
2026-09-01T12:03:17+00:00,2026,2,fpi,2026,Minnesota,Big Ten,0.612,0,61,0,33,33,0,,,,
2026-09-01T12:03:17+00:00,2026,2,fpi,2026,Oregon,Big Ten,25.276,0,4,0,28,29,0,,,,
2026-09-01T12:03:17+00:00,2026,2,fpi,2026,SMU,ACC,11.117,0,24,0,49,49,0,,,,
2026-09-01T12:03:17+00:00,2026,2,fpi,2026,Texas Tech,Big 12,20.016,0,10,0,71,71,0,,,,
2026-09-01T12:03:17+00:00,2026,2,fpi,2026,Missouri,SEC,12.18,0,21,0,12,12,0,,,,
2026-09-01T12:03:17+00:00,2026,2,fpi,2026,NC State,ACC,-1.435,9,76,15,63,67,11,,,,
2026-09-01T12:03:17+00:00,2026,2,fpi,2026,North Carolina,ACC,5.91,1,39,7,29,28,3,,,,
2026-09-01T12:03:17+00:00,2026,2,fpi,2026,Tulsa,American Athletic,-8.963,0,104,0,106,105,0,,,,
2026-09-01T12:03:17+00:00,2026,2,fpi,2026,Texas A&M,SEC,20.002,0,11,0,8,8,0,,,,
2026-09-01T12:03:17+00:00,2026,2,fpi,2026,Memphis,American Athletic,0.02,2,65,8,94,97,4,,,,
2026-09-01T12:03:17+00:00,2026,2,fpi,2026,Virginia,ACC,10.405,3,26,2,66,63,1,,,,
2026-09-01T12:03:17+00:00,2026,2,fpi,2026,Washington,Big Ten,9.893,0,27,0,27,27,0,,,,
2026-09-01T12:03:17+00:00,2026,2,fpi,2026,Mississippi State,SEC,4.082,0,49,0,5,5,0,,,,
2026-09-01T12:03:17+00:00,2026,2,fpi,2026,Illinois,Big Ten,6.315,0,38,0,37,37,0,,,,
2026-09-01T12:03:17+00:00,2026,2,fpi,2026,Kansas,Big 12,2.759,0,54,0,60,60,0,,,,
2026-09-01T12:03:17+00:00,2026,2,fpi,2026,North Dakota State,Mountain West,-1.237,6,75,4,129,125,6,,,,
2026-09-01T12:03:17+00:00,2026,2,fpi,2026,Auburn,SEC,12.007,0,22,0,14,14,0,,,,
2026-09-01T12:03:17+00:00,2026,2,fpi,2026,UTEP,Mountain West,-16.605,0,131,0,72,72,0,,,,
2026-09-01T12:03:17+00:00,2026,2,fpi,2026,Wyoming,Mountain West,-13.069,0,120,0,130,128,0,,,,
2026-09-01T12:03:17+00:00,2026,2,fpi,2026,Stanford,ACC,-1.192,4,74,6,26,23,5,,,,
2026-09-01T12:03:17+00:00,2026,2,fpi,2026,Baylor,Big 12,6.518,0,37,0,40,40,0,,,,
2026-09-01T12:03:17+00:00,2026,2,fpi,2026,Boston College,ACC,-2.668,0,79,0,24,25,0,,,,
2026-09-01T12:03:17+00:00,2026,2,fpi,2026,Navy,American Athletic,-0.712,0,69,0,83,83,0,,,,
2026-09-01T12:03:17+00:00,2026,2,fpi,2026,Sacramento State,Mid-American,-20.836,9,138,14,134,132,16,,,,
2026-09-01T12:03:17+00:00,2026,2,fpi,2026,UCLA,Big Ten,0.472,0,62,0,39,39,0,,,,
2026-09-08T12:02:47+00:00,2026,3,fpi,2026,UAB,American Athletic,-14.476,27,127,35,102,116,29,36.179,56.132,10.145,61.301
2026-09-08T12:02:47+00:00,2026,3,fpi,2026,South Alabama,Sun Belt,-10.531,0,111,0,111,108,0,,,,
2026-09-08T12:02:47+00:00,2026,3,fpi,2026,Arkansas,SEC,4.396,0,48,0,1,2,0,,,,
2026-09-08T12:02:47+00:00,2026,3,fpi,2026,Arizona State,Big 12,4.76,0,46,0,29,31,0,,,,
2026-09-08T12:02:47+00:00,2026,3,fpi,2026,Arizona,Big 12,7.155,0,34,0,57,58,0,,,,
2026-09-08T12:02:47+00:00,2026,3,fpi,2026,San Diego State,Pac-12,1.426,0,58,0,107,105,0,,,,
2026-09-08T12:02:47+00:00,2026,3,fpi,2026,California,ACC,0.884,0,62,0,62,64,0,,,,
2026-09-08T12:02:47+00:00,2026,3,fpi,2026,Colorado,Big 12,4.957,1,42,28,49,51,18,63.813,62.024,78.907,15.178
2026-09-08T12:02:47+00:00,2026,3,fpi,2026,Delaware,Conference USA,-4.536,22,84,11,94,87,17,58.233,65.073,54.544,36.422
2026-09-08T12:02:47+00:00,2026,3,fpi,2026,Jacksonville State,Conference USA,-14.095,27,126,33,132,134,35,19.75,11.753,45.201,27.145
2026-09-08T12:02:47+00:00,2026,3,fpi,2026,South Florida,American Athletic,-0.949,0,71,0,124,121,0,,,,
2026-09-08T12:02:47+00:00,2026,3,fpi,2026,Georgia Tech,ACC,3.507,27,54,20,34,33,15,66.558,44.44,63.362,85.236
2026-09-08T12:02:47+00:00,2026,3,fpi,2026,Georgia,SEC,24.837,0,5,0,20,22,0,,,,
2026-09-08T12:02:47+00:00,2026,3,fpi,2026,Boise State,Pac-12,4.045,0,50,0,73,72,0,,,,
2026-09-08T12:02:47+00:00,2026,3,fpi,2026,Iowa State,Big 12,-0.943,0,70,0,56,57,0,,,,
2026-09-08T12:02:47+00:00,2026,3,fpi,2026,Massachusetts,Mid-American,-10.987,7,112,14,138,138,2,82.506,68.56,80.595,71.474
2026-09-08T12:02:47+00:00,2026,3,fpi,2026,Maryland,Big Ten,1.024,0,61,0,33,36,0,,,,
2026-09-08T12:02:47+00:00,2026,3,fpi,2026,Michigan State,Big Ten,1.252,8,60,19,30,25,14,62.724,46.918,43.111,95.545
2026-09-08T12:02:47+00:00,2026,3,fpi,2026,Ole Miss,SEC,16.029,0,14,0,6,7,0,,,,
2026-09-08T12:02:47+00:00,2026,3,fpi,2026,Duke,ACC,3.547,0,53,0,44,46,0,,,,
2026-09-08T12:02:47+00:00,2026,3,fpi,2026,Wake Forest,ACC,3.857,14,52,5,53,45,7,67.4,70.04,55.875,56.557
2026-09-08T12:02:47+00:00,2026,3,fpi,2026,Rutgers,Big Ten,-6.901,27,94,36,31,26,40,10.499,14.338,20.59,28.832
2026-09-08T12:02:47+00:00,2026,3,fpi,2026,New Mexico,Mountain West,-3.531,0,77,0,89,89,0,,,,
2026-09-08T12:02:47+00:00,2026,3,fpi,2026,Bowling Green,Mid-American,-13.682,0,124,0,104,103,0,,,,
2026-09-08T12:02:47+00:00,2026,3,fpi,2026,Miami (OH),Mid-American,-6.994,0,95,0,112,111,0,,,,
2026-09-08T12:02:47+00:00,2026,3,fpi,2026,Oklahoma State,Big 12,3.345,0,55,0,45,47,0,,,,
2026-09-08T12:02:47+00:00,2026,3,fpi,2026,Oregon State,Pac-12,-8.101,0,100,0,75,74,0,,,,
2026-09-08T12:02:47+00:00,2026,3,fpi,2026,Temple,American Athletic,-8.6,0,102,0,91,91,0,,,,
2026-09-08T12:02:47+00:00,2026,3,fpi,2026,Pittsburgh,ACC,6.616,0,36,0,52,53,0,,,,
2026-09-08T12:02:47+00:00,2026,3,fpi,2026,Vanderbilt,SEC,8.986,0,30,0,18,20,0,,,,
2026-09-08T12:02:47+00:00,2026,3,fpi,2026,Rice,American Athletic,-13.439,0,123,0,76,75,0,,,,
2026-09-08T12:02:47+00:00,2026,3,fpi,2026,Houston,Big 12,7.12,0,35,0,58,59,0,,,,
2026-09-08T12:02:47+00:00,2026,3,fpi,2026,Utah,Big 12,10.563,16,26,6,65,62,10,87.792,85.791,82.844,51.285
2026-09-08T12:02:47+00:00,2026,3,fpi,2026,James Madison,Sun Belt,-2.026,0,75,0,125,122,0,,,,
2026-09-08T12:02:47+00:00,2026,3,fpi,2026,Washington State,Pac-12,-4.054,0,80,0,77,76,0,,,,
2026-09-08T12:02:47+00:00,2026,3,fpi,2026,Wisconsin,Big Ten,4.818,0,45,0,41,41,0,,,,
2026-09-08T12:02:47+00:00,2026,3,fpi,2026,Marshall,Sun Belt,-8.786,0,104,0,103,101,0,,,,
2026-09-08T12:02:47+00:00,2026,3,fpi,2026,West Virginia,Big 12,0.197,0,64,0,48,49,0,,,,
2026-09-08T12:02:47+00:00,2026,3,fpi,2026,Louisiana,Sun Belt,-8.278,0,101,0,99,96,0,,,,
2026-09-08T12:02:47+00:00,2026,3,fpi,2026,Coastal Carolina,Sun Belt,-12.093,0,116,0,123,120,0,,,,
2026-09-08T12:02:47+00:00,2026,3,fpi,2026,Texas State,Pac-12,-4.26,0,81,0,69,69,0,,,,
2026-09-08T12:02:47+00:00,2026,3,fpi,2026,Utah State,Pac-12,-6.707,0,92,0,74,73,0,,,,
2026-09-08T12:02:47+00:00,2026,3,fpi,2026,Alabama,SEC,20.126,0,8,0,15,16,0,,,,
2026-09-08T12:02:47+00:00,2026,3,fpi,2026,Kennesaw State,Conference USA,-5.408,17,89,4,105,99,8,83.038,41.475,92.003,96.398
2026-09-08T12:02:47+00:00,2026,3,fpi,2026,Army,American Athletic,-5.63,0,90,0,118,115,0,,,,
2026-09-08T12:02:47+00:00,2026,3,fpi,2026,Air Force,Mountain West,-6.842,0,93,0,133,130,0,,,,
2026-09-08T12:02:47+00:00,2026,3,fpi,2026,App State,Sun Belt,-9.767,0,108,0,129,127,0,,,,
2026-09-08T12:02:47+00:00,2026,3,fpi,2026,Arkansas State,Sun Belt,-9.153,0,106,0,119,118,0,,,,
2026-09-08T12:02:47+00:00,2026,3,fpi,2026,Ball State,Mid-American,-17.282,0,133,0,81,80,0,,,,
2026-09-08T12:02:47+00:00,2026,3,fpi,2026,Buffalo,Mid-American,-12.528,18,118,24,110,102,38,19.353,11.471,44.367,43.74
2026-09-08T12:02:47+00:00,2026,3,fpi,2026,UCF,Big 12,4.839,23,44,1,63,61,6,92.175,67.989,86.884,93.892
2026-09-08T12:02:47+00:00,2026,3,fpi,2026,Cincinnati,Big 12,4.406,0,47,0,50,50,0,,,,
2026-09-08T12:02:47+00:00,2026,3,fpi,2026,Florida Atlantic,American Athletic,-11.256,0,114,0,93,93,0,,,,
2026-09-08T12:02:47+00:00,2026,3,fpi,2026,Florida International,Conference USA,-12.58,0,120,0,134,132,0,,,,
2026-09-08T12:02:47+00:00,2026,3,fpi,2026,Georgia State,Sun Belt,-12.575,25,119,10,120,113,24,70.032,66.256,48.145,79.796
2026-09-08T12:02:47+00:00,2026,3,fpi,2026,Kent State,Mid-American,-17.891,0,134,0,71,71,0,,,,
2026-09-08T12:02:47+00:00,2026,3,fpi,2026,Liberty,Conference USA,-7.748,0,98,0,136,133,0,,,,
2026-09-08T12:02:47+00:00,2026,3,fpi,2026,Louisiana Tech,Sun Belt,-9.556,0,107,0,82,81,0,,,,
2026-09-08T12:02:47+00:00,2026,3,fpi,2026,Middle Tennessee,Conference USA,-16.066,0,131,0,128,126,0,,,,
2026-09-08T12:02:47+00:00,2026,3,fpi,2026,Charlotte,American Athletic,-14.583,0,129,0,88,86,0,,,,
2026-09-08T12:02:47+00:00,2026,3,fpi,2026,UL Monroe,Sun Belt,-19.255,0,137,0,127,125,0,,,,
2026-09-08T12:02:47+00:00,2026,3,fpi,2026,UNLV,Mountain West,-0.403,27,66,25,121,119,33,39.196,50.734,38.421,30.92
2026-09-08T12:02:47+00:00,2026,3,fpi,2026,Nevada,Mountain West,-11.931,0,115,0,113,112,0,,,,
2026-09-08T12:02:47+00:00,2026,3,fpi,2026,Northern Illinois,Mountain West,-14.51,0,128,0,87,85,0,,,,
2026-09-08T12:02:47+00:00,2026,3,fpi,2026,Purdue,Big Ten,-1.59,19,74,15,23,21,26,50.105,50.084,50.895,48.843
2026-09-08T12:02:47+00:00,2026,3,fpi,2026,Sam Houston,Conference USA,-18.422,0,135,0,92,92,0,,,,
2026-09-08T12:02:47+00:00,2026,3,fpi,2026,Southern Miss,Sun Belt,-5.053,0,87,0,100,98,0,,,,
2026-09-08T12:02:47+00:00,2026,3,fpi,2026,South Carolina,SEC,11.692,0,22,0,9,10,0,,,,
2026-09-08T12:02:47+00:00,2026,3,fpi,2026,Missouri State,Conference USA,-10.255,0,110,0,80,79,0,,,,
2026-09-08T12:02:47+00:00,2026,3,fpi,2026,TCU,Big 12,4.857,27,43,27,46,48,28,62.36,31.784,76.049,91.252
2026-09-08T12:02:47+00:00,2026,3,fpi,2026,Tennessee,SEC,15.058,0,16,0,13,14,0,,,,
2026-09-08T12:02:47+00:00,2026,3,fpi,2026,UTSA,American Athletic,-5.31,0,88,0,78,77,0,,,,
2026-09-08T12:02:47+00:00,2026,3,fpi,2026,Toledo,Mid-American,-4.038,27,79,31,135,137,32,48.268,64.072,62.861,4.88
2026-09-08T12:02:47+00:00,2026,3,fpi,2026,Troy,Sun Belt,-7.359,0,97,0,108,106,0,,,,
2026-09-08T12:02:47+00:00,2026,3,fpi,2026,Tulane,American Athletic,2.251,0,57,0,98,95,0,,,,
2026-09-08T12:02:47+00:00,2026,3,fpi,2026,San José State,Mountain West,-10.202,10,109,29,96,131,31,53.61,41.686,60.277,58.84
2026-09-08T12:02:47+00:00,2026,3,fpi,2026,Western Michigan,Mid-American,-4.037,0,78,0,101,100,0,,,,
2026-09-08T12:02:47+00:00,2026,3,fpi,2026,USC,Big Ten,17.465,6,13,9,19,13,3,86.424,86.015,70.589,61.474
2026-09-08T12:02:47+00:00,2026,3,fpi,2026,Colorado State,Pac-12,-12.364,0,117,0,90,90,0,,,,
2026-09-08T12:02:47+00:00,2026,3,fpi,2026,UConn,FBS Independents,-11.163,0,113,0,109,107,0,,,,
2026-09-08T12:02:47+00:00,2026,3,fpi,2026,Hawai'i,Mountain West,-4.66,27,85,30,114,117,34,47.341,42.457,49.689,57.363
2026-09-08T12:02:47+00:00,2026,3,fpi,2026,Northwestern,Big Ten,1.414,0,59,0,17,18,0,,,,
2026-09-08T12:02:47+00:00,2026,3,fpi,2026,Indiana,Big Ten,23.14,0,7,0,37,38,0,,,,
2026-09-08T12:02:47+00:00,2026,3,fpi,2026,Notre Dame,FBS Independents,25.856,0,3,0,55,55,0,,,,
2026-09-08T12:02:47+00:00,2026,3,fpi,2026,Louisville,ACC,9.454,0,29,0,59,60,0,,,,
2026-09-08T12:02:47+00:00,2026,3,fpi,2026,Western Kentucky,Conference USA,-4.859,0,86,0,67,66,0,,,,
2026-09-08T12:02:47+00:00,2026,3,fpi,2026,LSU,SEC,20.034,0,9,0,11,12,0,,,,
2026-09-08T12:02:47+00:00,2026,3,fpi,2026,East Carolina,American Athletic,-0.564,0,67,0,85,83,0,,,,
2026-09-08T12:02:47+00:00,2026,3,fpi,2026,Nebraska,Big Ten,8.842,0,31,0,22,23,0,,,,
2026-09-08T12:02:47+00:00,2026,3,fpi,2026,New Mexico State,Conference USA,-13.999,27,125,32,116,135,22,46.201,56.655,48.275,24.484
2026-09-08T12:02:47+00:00,2026,3,fpi,2026,Syracuse,ACC,-0.808,0,69,0,43,44,0,,,,
2026-09-08T12:02:47+00:00,2026,3,fpi,2026,Ohio State,Big Ten,28.676,0,1,0,8,9,0,,,,
2026-09-08T12:02:47+00:00,2026,3,fpi,2026,Kentucky,SEC,5.366,0,40,0,4,5,0,,,,
2026-09-08T12:02:47+00:00,2026,3,fpi,2026,Ohio,Mid-American,-7.957,0,99,0,126,123,0,,,,
2026-09-08T12:02:47+00:00,2026,3,fpi,2026,Oklahoma,SEC,18.84,15,12,3,3,1,5,96.719,70.512,93.95,98.36
2026-09-08T12:02:47+00:00,2026,3,fpi,2026,Penn State,Big Ten,13.716,0,17,0,61,63,0,,,,
2026-09-08T12:02:47+00:00,2026,3,fpi,2026,Florida State,ACC,7.926,13,32,18,21,19,21,61.287,60.324,47.116,75.692
2026-09-08T12:02:47+00:00,2026,3,fpi,2026,Florida,SEC,13.575,0,18,0,7,8,0,,,,
2026-09-08T12:02:47+00:00,2026,3,fpi,2026,Clemson,ACC,13.421,0,19,0,32,35,0,,,,
2026-09-08T12:02:47+00:00,2026,3,fpi,2026,North Texas,American Athletic,-6.401,0,91,0,79,78,0,,,,
2026-09-08T12:02:47+00:00,2026,3,fpi,2026,Texas,SEC,26.914,0,2,0,2,3,0,,,,
2026-09-08T12:02:47+00:00,2026,3,fpi,2026,BYU,Big 12,13.125,0,20,0,51,52,0,,,,
2026-09-08T12:02:47+00:00,2026,3,fpi,2026,Virginia Tech,ACC,7.384,0,33,0,42,42,0,,,,
2026-09-08T12:02:47+00:00,2026,3,fpi,2026,Fresno State,Pac-12,-7.015,27,96,38,83,110,19,23.078,7.014,52.502,38.765
2026-09-08T12:02:47+00:00,2026,3,fpi,2026,Georgia Southern,Sun Belt,-8.701,0,103,0,97,94,0,,,,
2026-09-08T12:02:47+00:00,2026,3,fpi,2026,Old Dominion,Sun Belt,-4.435,0,83,0,115,114,0,,,,
2026-09-08T12:02:47+00:00,2026,3,fpi,2026,Akron,Mid-American,-16.834,27,132,39,117,128,36,29.404,49.8,21.348,42.86
2026-09-08T12:02:47+00:00,2026,3,fpi,2026,Central Michigan,Mid-American,-12.806,0,121,0,86,84,0,,,,
2026-09-08T12:02:47+00:00,2026,3,fpi,2026,Eastern Michigan,Mid-American,-15.941,26,130,21,122,109,37,32.946,17.731,69.708,19.183
2026-09-08T12:02:47+00:00,2026,3,fpi,2026,Iowa,Big Ten,10.569,0,25,0,39,39,0,,,,
2026-09-08T12:02:47+00:00,2026,3,fpi,2026,Michigan,Big Ten,15.875,0,15,0,16,17,0,,,,
2026-09-08T12:02:47+00:00,2026,3,fpi,2026,Kansas State,Big 12,5.057,0,41,0,68,68,0,,,,
2026-09-08T12:02:47+00:00,2026,3,fpi,2026,Miami,ACC,24.506,4,6,8,47,43,1,95.749,93.513,91.336,52.971
2026-09-08T12:02:47+00:00,2026,3,fpi,2026,Minnesota,Big Ten,2.34,20,56,7,36,30,12,88.107,69.172,71.309,95.946
2026-09-08T12:02:47+00:00,2026,3,fpi,2026,Oregon,Big Ten,25.276,0,4,0,26,29,0,,,,
2026-09-08T12:02:47+00:00,2026,3,fpi,2026,SMU,ACC,11.117,0,23,0,54,54,0,,,,
2026-09-08T12:02:47+00:00,2026,3,fpi,2026,Texas Tech,Big 12,20.016,0,10,0,70,70,0,,,,
2026-09-08T12:02:47+00:00,2026,3,fpi,2026,Missouri,SEC,10.179,24,27,2,12,4,11,54.777,45.599,41.468,84.051
2026-09-08T12:02:47+00:00,2026,3,fpi,2026,NC State,ACC,-1.234,27,72,37,64,67,27,38.33,8.855,49.76,91.29
2026-09-08T12:02:47+00:00,2026,3,fpi,2026,North Carolina,ACC,6.271,2,38,22,28,28,9,72.611,53.163,87.606,9.228
2026-09-08T12:02:47+00:00,2026,3,fpi,2026,Tulsa,American Athletic,-8.963,0,105,0,106,104,0,,,,
2026-09-08T12:02:47+00:00,2026,3,fpi,2026,Texas A&M,SEC,20.002,0,11,0,10,11,0,,,,
2026-09-08T12:02:47+00:00,2026,3,fpi,2026,Memphis,American Athletic,0.02,3,65,23,95,97,13,73.185,68.969,62.612,71.247
2026-09-08T12:02:47+00:00,2026,3,fpi,2026,Virginia,ACC,10.719,5,24,12,66,65,4,85.958,71.625,98.424,9.094
2026-09-08T12:02:47+00:00,2026,3,fpi,2026,Washington,Big Ten,9.893,0,28,0,24,24,0,,,,
2026-09-08T12:02:47+00:00,2026,3,fpi,2026,Mississippi State,SEC,4.082,0,49,0,5,6,0,,,,
2026-09-08T12:02:47+00:00,2026,3,fpi,2026,Illinois,Big Ten,5.705,11,39,16,38,34,16,66.441,89.996,47.209,39.219
2026-09-08T12:02:47+00:00,2026,3,fpi,2026,Kansas,Big 12,3.998,21,51,13,60,56,23,73.76,76.495,70.172,34.592
2026-09-08T12:02:47+00:00,2026,3,fpi,2026,North Dakota State,Mountain West,-1.574,12,73,17,130,124,20,72.926,44.331,85.656,73.054
2026-09-08T12:02:47+00:00,2026,3,fpi,2026,Auburn,SEC,12.007,0,21,0,14,15,0,,,,
2026-09-08T12:02:47+00:00,2026,3,fpi,2026,UTEP,Mountain West,-19.175,27,136,40,72,88,25,8.017,13.453,41.807,1.651
2026-09-08T12:02:47+00:00,2026,3,fpi,2026,Wyoming,Mountain West,-13.069,0,122,0,131,129,0,,,,
2026-09-08T12:02:47+00:00,2026,3,fpi,2026,Stanford,ACC,-4.262,9,82,26,27,32,30,44.614,55.039,38.326,45.249
2026-09-08T12:02:47+00:00,2026,3,fpi,2026,Baylor,Big 12,6.518,0,37,0,40,40,0,,,,
2026-09-08T12:02:47+00:00,2026,3,fpi,2026,Boston College,ACC,-2.668,0,76,0,25,27,0,,,,
2026-09-08T12:02:47+00:00,2026,3,fpi,2026,Navy,American Athletic,-0.712,0,68,0,84,82,0,,,,
2026-09-08T12:02:47+00:00,2026,3,fpi,2026,Sacramento State,Mid-American,-20.729,27,138,34,137,136,39,23.822,3.918,47.613,86.418
2026-09-08T12:02:47+00:00,2026,3,fpi,2026,UCLA,Big Ten,0.472,0,63,0,35,37,0,,,,
2026-09-15T12:02:15+00:00,2026,4,fpi,2026,UAB,American Athletic,-15.385,87,125,127,64,92,124,27.551,33.397,26.174,55.254
2026-09-15T12:02:15+00:00,2026,4,fpi,2026,South Alabama,Sun Belt,-8.086,91,101,50,91,111,59,51.335,47.975,40.029,77.497
2026-09-15T12:02:15+00:00,2026,4,fpi,2026,Arkansas,SEC,-1.736,81,77,98,23,1,67,29.293,21.225,57.795,41.054
2026-09-15T12:02:15+00:00,2026,4,fpi,2026,Arizona State,Big 12,4.942,88,47,67,11,49,28,77.995,72.036,80.749,46.557
2026-09-15T12:02:15+00:00,2026,4,fpi,2026,Arizona,Big 12,6.02,70,43,56,25,58,19,66.183,47.248,79.306,53.58
2026-09-15T12:02:15+00:00,2026,4,fpi,2026,San Diego State,Pac-12,-1.08,98,73,73,57,79,69,56.936,33.146,64.912,76.547
2026-09-15T12:02:15+00:00,2026,4,fpi,2026,California,ACC,-1.516,48,75,117,47,61,104,51.157,48.522,52.158,52.993
2026-09-15T12:02:15+00:00,2026,4,fpi,2026,Colorado,Big 12,4.48,9,50,62,71,44,66,59.039,57.818,63.861,36.939
2026-09-15T12:02:15+00:00,2026,4,fpi,2026,Delaware,Conference USA,-3.81,99,81,82,58,97,76,58.04,57.432,61.592,39.311
2026-09-15T12:02:15+00:00,2026,4,fpi,2026,Jacksonville State,Conference USA,-9.049,122,106,63,83,134,92,45.374,53.235,53.813,18.215
2026-09-15T12:02:15+00:00,2026,4,fpi,2026,South Florida,American Athletic,0.276,19,67,75,88,125,94,62.66,54.211,61.102,62.854
2026-09-15T12:02:15+00:00,2026,4,fpi,2026,Georgia Tech,ACC,1.664,125,59,109,27,42,89,56.882,38.387,60.146,75.295
2026-09-15T12:02:15+00:00,2026,4,fpi,2026,Georgia,SEC,26.554,58,4,1,135,16,4,93.358,92.643,79.901,77.189
2026-09-15T12:02:15+00:00,2026,4,fpi,2026,Boise State,Pac-12,8.185,44,36,83,17,96,41,74.1,79.121,44.251,75.998
2026-09-15T12:02:15+00:00,2026,4,fpi,2026,Iowa State,Big 12,0.762,90,64,49,48,51,31,62.625,44.373,79.052,31.8
2026-09-15T12:02:15+00:00,2026,4,fpi,2026,Massachusetts,Mid-American,-11.167,34,117,12,115,137,8,73.045,60.823,59.716,87.011
2026-09-15T12:02:15+00:00,2026,4,fpi,2026,Maryland,Big Ten,5.521,38,45,24,122,24,42,77.032,58.294,87.983,57.004
2026-09-15T12:02:15+00:00,2026,4,fpi,2026,Michigan State,Big Ten,3.446,31,53,31,111,30,52,67.079,58.943,46.875,89.665
2026-09-15T12:02:15+00:00,2026,4,fpi,2026,Ole Miss,SEC,15.47,5,17,33,55,3,33,74.641,74.262,64.157,60.228
2026-09-15T12:02:15+00:00,2026,4,fpi,2026,Duke,ACC,6.584,3,40,54,53,57,35,72.598,57.063,80.027,49.283
2026-09-15T12:02:15+00:00,2026,4,fpi,2026,Wake Forest,ACC,4.105,16,52,35,80,43,26,66.944,75.665,47.661,61.571
2026-09-15T12:02:15+00:00,2026,4,fpi,2026,Rutgers,Big Ten,-7.257,125,98,135,95,23,138,24.254,21.823,37.851,42.989
2026-09-15T12:02:15+00:00,2026,4,fpi,2026,New Mexico,Mountain West,2.661,65,55,14,138,77,56,80.462,56.095,89.572,72.209
2026-09-15T12:02:15+00:00,2026,4,fpi,2026,Bowling Green,Mid-American,-19.243,125,135,137,26,109,127,14,7.349,37.676,42.219
2026-09-15T12:02:15+00:00,2026,4,fpi,2026,Miami (OH),Mid-American,-10.664,89,112,90,41,106,74,46.899,69.074,22.142,61.588
2026-09-15T12:02:15+00:00,2026,4,fpi,2026,Oklahoma State,Big 12,2.991,46,54,105,36,62,73,61.907,43.643,80.301,48.925
2026-09-15T12:02:15+00:00,2026,4,fpi,2026,Oregon State,Pac-12,-4.51,125,85,129,14,88,82,60.197,67.604,60.324,25.705
2026-09-15T12:02:15+00:00,2026,4,fpi,2026,Temple,American Athletic,-6.004,73,92,86,42,98,85,51.696,45.054,59.5,45.342
2026-09-15T12:02:15+00:00,2026,4,fpi,2026,Pittsburgh,ACC,11.622,14,29,25,79,52,20,79.033,68.007,82.915,48.519
2026-09-15T12:02:15+00:00,2026,4,fpi,2026,Vanderbilt,SEC,6.821,32,39,39,112,15,61,61.261,40.143,77.8,54.418
2026-09-15T12:02:15+00:00,2026,4,fpi,2026,Rice,American Athletic,-14.706,75,124,111,5,86,77,25.848,14.551,56.722,36.921
2026-09-15T12:02:15+00:00,2026,4,fpi,2026,Houston,Big 12,9.181,41,33,17,124,41,45,72.959,65.61,62.437,75.894
2026-09-15T12:02:15+00:00,2026,4,fpi,2026,Utah,Big 12,15.104,36,19,13,117,59,16,89.365,86.639,79.993,65.496
2026-09-15T12:02:15+00:00,2026,4,fpi,2026,James Madison,Sun Belt,0.13,51,68,15,130,114,46,76.121,64.391,49.391,97.032
2026-09-15T12:02:15+00:00,2026,4,fpi,2026,Washington State,Pac-12,-7.665,125,99,133,16,83,102,37.948,19.248,69.99,20.977
2026-09-15T12:02:15+00:00,2026,4,fpi,2026,Wisconsin,Big Ten,2.57,86,56,70,7,56,22,48.633,40.422,52.277,58.917
2026-09-15T12:02:15+00:00,2026,4,fpi,2026,Marshall,Sun Belt,-13.888,68,121,128,21,126,110,23.373,16.084,46.895,32.331
2026-09-15T12:02:15+00:00,2026,4,fpi,2026,West Virginia,Big 12,1.118,52,61,3,131,36,5,65.76,61.827,62.095,57.289
2026-09-15T12:02:15+00:00,2026,4,fpi,2026,Louisiana,Sun Belt,-6.494,69,93,7,136,82,32,72.508,52.577,71.36,84.44
2026-09-15T12:02:15+00:00,2026,4,fpi,2026,Coastal Carolina,Sun Belt,-9.69,115,111,104,75,112,117,51.031,34.484,60.63,64.216
2026-09-15T12:02:15+00:00,2026,4,fpi,2026,Texas State,Pac-12,-8.245,125,102,124,1,81,101,35.634,45.947,43.691,18.12
2026-09-15T12:02:15+00:00,2026,4,fpi,2026,Utah State,Pac-12,-6.821,125,95,122,59,70,120,35.614,17.864,64.369,51.309
2026-09-15T12:02:15+00:00,2026,4,fpi,2026,Alabama,SEC,23.24,6,7,42,60,13,14,92.613,68.548,97.354,74.587
2026-09-15T12:02:15+00:00,2026,4,fpi,2026,Kennesaw State,Conference USA,-10.681,120,114,85,129,84,133,46.143,28.422,57.186,71.104
2026-09-15T12:02:15+00:00,2026,4,fpi,2026,Army,American Athletic,-2.786,117,78,41,110,103,72,68.298,80.707,35.505,65.638
2026-09-15T12:02:15+00:00,2026,4,fpi,2026,Air Force,Mountain West,-5.782,119,91,88,107,116,125,41.112,48.035,50.469,22.947
2026-09-15T12:02:15+00:00,2026,4,fpi,2026,App State,Sun Belt,-3.876,27,83,28,102,118,23,71.803,71.546,63.221,54.839
2026-09-15T12:02:15+00:00,2026,4,fpi,2026,Arkansas State,Sun Belt,-8.853,107,105,79,94,105,108,52.51,50.079,52.982,52.343
2026-09-15T12:02:15+00:00,2026,4,fpi,2026,Ball State,Mid-American,-17.749,76,131,101,4,127,63,37.574,28.621,39.339,72.759
2026-09-15T12:02:15+00:00,2026,4,fpi,2026,Buffalo,Mid-American,-14.52,109,122,120,118,85,137,23.475,14.952,39.037,58.527
2026-09-15T12:02:15+00:00,2026,4,fpi,2026,UCF,Big 12,4.697,102,48,69,40,65,53,82.679,42.873,87.422,88.929
2026-09-15T12:02:15+00:00,2026,4,fpi,2026,Cincinnati,Big 12,8.641,37,34,27,120,39,49,78.79,72.247,64.979,80.476
2026-09-15T12:02:15+00:00,2026,4,fpi,2026,Florida Atlantic,American Athletic,-10.833,55,115,99,20,104,60,40.012,67.508,18.486,33.36
2026-09-15T12:02:15+00:00,2026,4,fpi,2026,Florida International,Conference USA,-9.343,82,109,74,77,132,86,43.551,31.048,76,18.074
2026-09-15T12:02:15+00:00,2026,4,fpi,2026,Georgia State,Sun Belt,-9.068,40,107,16,123,101,27,67.919,63.452,50.719,78.236
2026-09-15T12:02:15+00:00,2026,4,fpi,2026,Kent State,Mid-American,-21.22,80,136,118,31,72,103,20.131,30.286,39.358,8.157
2026-09-15T12:02:15+00:00,2026,4,fpi,2026,Liberty,Conference USA,-9.164,97,108,121,82,136,130,30.569,14.831,58.774,50.577
2026-09-15T12:02:15+00:00,2026,4,fpi,2026,Louisiana Tech,Sun Belt,-6.611,110,94,80,13,99,47,75.749,36.482,89.202,58.669
2026-09-15T12:02:15+00:00,2026,4,fpi,2026,Middle Tennessee,Conference USA,-15.406,121,126,59,128,124,119,38.706,30.258,48.167,56.616
2026-09-15T12:02:15+00:00,2026,4,fpi,2026,Charlotte,American Athletic,-16.482,125,128,130,28,93,115,16.569,36.545,12.08,33.67
2026-09-15T12:02:15+00:00,2026,4,fpi,2026,UL Monroe,Sun Belt,-22.819,125,137,125,37,131,107,20.234,28.131,20.662,48.783
2026-09-15T12:02:15+00:00,2026,4,fpi,2026,UNLV,Mountain West,-5.061,95,87,108,68,108,114,40.038,27.5,58.695,46.423
2026-09-15T12:02:15+00:00,2026,4,fpi,2026,Nevada,Mountain West,-5.108,93,88,97,105,90,123,54.731,40.255,57.05,75.903
2026-09-15T12:02:15+00:00,2026,4,fpi,2026,Northern Illinois,Mountain West,-17.915,125,132,136,44,91,131,20.787,5.957,53.569,47.59
2026-09-15T12:02:15+00:00,2026,4,fpi,2026,Purdue,Big Ten,-0.444,103,70,72,92,19,111,50.065,62.83,37.921,40.796
2026-09-15T12:02:15+00:00,2026,4,fpi,2026,Sam Houston,Conference USA,-14.615,125,123,110,98,87,121,39.866,38.786,46.477,44.464
2026-09-15T12:02:15+00:00,2026,4,fpi,2026,Southern Miss,Sun Belt,-7.081,94,97,107,35,122,90,46.461,35.156,58.344,53.743
2026-09-15T12:02:15+00:00,2026,4,fpi,2026,South Carolina,SEC,14.691,64,21,18,137,6,62,76.402,65.281,67.389,79.986
2026-09-15T12:02:15+00:00,2026,4,fpi,2026,Missouri State,Conference USA,-11.878,83,118,89,12,89,54,35.883,20.783,58.652,47.548
2026-09-15T12:02:15+00:00,2026,4,fpi,2026,TCU,Big 12,6.346,113,41,57,73,45,95,69.803,46.353,72.405,85.012
2026-09-15T12:02:15+00:00,2026,4,fpi,2026,Tennessee,SEC,17.866,11,11,21,72,14,6,83.989,77.628,84.56,44.202
2026-09-15T12:02:15+00:00,2026,4,fpi,2026,UTSA,American Athletic,-3.705,35,80,52,116,69,88,59.45,53.476,56.753,62.838
2026-09-15T12:02:15+00:00,2026,4,fpi,2026,Toledo,Mid-American,-1.626,114,76,78,69,135,98,65.323,57.039,73.561,37.156
2026-09-15T12:02:15+00:00,2026,4,fpi,2026,Troy,Sun Belt,-8.828,57,104,43,134,80,109,35.683,24.124,55.979,46.016
2026-09-15T12:02:15+00:00,2026,4,fpi,2026,Tulane,American Athletic,-0.757,67,71,123,52,78,116,50.856,35.918,62.818,45.068
2026-09-15T12:02:15+00:00,2026,4,fpi,2026,San José State,Mountain West,-11.035,59,116,113,39,113,118,40.874,32.613,47.83,61.209
2026-09-15T12:02:15+00:00,2026,4,fpi,2026,Western Michigan,Mid-American,0.707,77,65,51,34,128,21,69.892,43.655,72.614,83.908
2026-09-15T12:02:15+00:00,2026,4,fpi,2026,USC,Big Ten,18.452,23,10,9,96,17,7,86.47,84.123,75.42,59.606
2026-09-15T12:02:15+00:00,2026,4,fpi,2026,Colorado State,Pac-12,-5.419,56,90,30,133,73,68,68.663,74.046,59.032,45.462
2026-09-15T12:02:15+00:00,2026,4,fpi,2026,UConn,FBS Independents,-10.679,105,113,66,85,94,105,50.244,43.381,44.247,75.852
2026-09-15T12:02:15+00:00,2026,4,fpi,2026,Hawai'i,Mountain West,-8.288,125,103,132,90,100,135,31.776,26.15,43.902,52.463
2026-09-15T12:02:15+00:00,2026,4,fpi,2026,Northwestern,Big Ten,2.493,42,57,46,109,26,57,63.213,70.267,59.209,38.633
2026-09-15T12:02:15+00:00,2026,4,fpi,2026,Indiana,Big Ten,25.313,30,6,6,106,33,11,93.824,92.585,80.8,78.651
2026-09-15T12:02:15+00:00,2026,4,fpi,2026,Notre Dame,FBS Independents,27.901,21,3,20,93,50,18,95.98,83.249,96.126,75.707
2026-09-15T12:02:15+00:00,2026,4,fpi,2026,Louisville,ACC,11.936,74,28,65,29,64,39,79.256,87.964,51.522,68.863
2026-09-15T12:02:15+00:00,2026,4,fpi,2026,Western Kentucky,Conference USA,-13.876,125,120,138,2,76,129,12.587,28.182,13.857,21.293
2026-09-15T12:02:15+00:00,2026,4,fpi,2026,LSU,SEC,22.594,12,9,22,74,9,13,89.779,59.033,99.38,56.657
2026-09-15T12:02:15+00:00,2026,4,fpi,2026,East Carolina,American Athletic,-4.231,125,84,134,8,121,122,38.418,28.154,53.109,40.434
2026-09-15T12:02:15+00:00,2026,4,fpi,2026,Nebraska,Big Ten,14.803,49,20,38,127,28,83,81.132,79.893,72.034,55.354
2026-09-15T12:02:15+00:00,2026,4,fpi,2026,New Mexico State,Conference USA,-12.986,108,119,95,50,130,96,43.901,48.92,49.589,31.472
2026-09-15T12:02:15+00:00,2026,4,fpi,2026,Syracuse,ACC,1.197,118,60,45,119,34,87,65.971,41.01,84.471,60.041
2026-09-15T12:02:15+00:00,2026,4,fpi,2026,Ohio State,Big Ten,30.42,66,1,19,3,20,1,92.754,89.652,92.063,28.726
2026-09-15T12:02:15+00:00,2026,4,fpi,2026,Kentucky,SEC,4.202,60,51,53,18,8,34,66.453,49.041,75.654,53.431
2026-09-15T12:02:15+00:00,2026,4,fpi,2026,Ohio,Mid-American,-9.667,62,110,126,24,138,106,45.306,48.273,27.484,85.981
2026-09-15T12:02:15+00:00,2026,4,fpi,2026,Oklahoma,SEC,17.84,72,12,64,30,2,38,87.824,61.518,88.162,87.38
2026-09-15T12:02:15+00:00,2026,4,fpi,2026,Penn State,Big Ten,16.447,29,14,26,103,63,15,87.905,76.11,82.428,78.838
2026-09-15T12:02:15+00:00,2026,4,fpi,2026,Florida State,ACC,7.69,71,37,77,49,18,79,63.951,56.535,50.43,84.674
2026-09-15T12:02:15+00:00,2026,4,fpi,2026,Florida,SEC,16.215,53,15,10,132,5,25,89.334,81.84,74.916,88.478
2026-09-15T12:02:15+00:00,2026,4,fpi,2026,Clemson,ACC,5.336,54,46,103,10,48,58,48.939,12.603,67.168,83.353
2026-09-15T12:02:15+00:00,2026,4,fpi,2026,North Texas,American Athletic,0.796,50,63,91,6,123,44,68.518,75.357,70.641,18.963
2026-09-15T12:02:15+00:00,2026,4,fpi,2026,Texas,SEC,30.109,1,2,81,9,12,48,93.679,85.233,88.432,78.043
2026-09-15T12:02:15+00:00,2026,4,fpi,2026,BYU,Big 12,15.368,15,18,37,81,40,55,86.674,84.45,72.096,73.98
2026-09-15T12:02:15+00:00,2026,4,fpi,2026,Virginia Tech,ACC,10.265,45,31,2,125,37,9,84.738,66.664,82.823,82.552
2026-09-15T12:02:15+00:00,2026,4,fpi,2026,Fresno State,Pac-12,-0.94,78,72,92,22,95,64,57.05,51.782,55.145,61.156
2026-09-15T12:02:15+00:00,2026,4,fpi,2026,Georgia Southern,Sun Belt,-7.838,101,100,76,63,102,80,48.437,29.827,83.505,13.446
2026-09-15T12:02:15+00:00,2026,4,fpi,2026,Old Dominion,Sun Belt,-6.953,104,96,102,46,120,100,34.584,13.316,61.342,42.162
2026-09-15T12:02:15+00:00,2026,4,fpi,2026,Akron,Mid-American,-15.759,111,127,106,65,129,113,38.592,48.129,25.158,65.537
2026-09-15T12:02:15+00:00,2026,4,fpi,2026,Central Michigan,Mid-American,-18.642,92,134,131,67,74,132,10.874,1.457,49.405,41.11
2026-09-15T12:02:15+00:00,2026,4,fpi,2026,Eastern Michigan,Mid-American,-17.928,123,133,100,84,115,126,25.29,15.645,56.57,20.473
2026-09-15T12:02:15+00:00,2026,4,fpi,2026,Iowa,Big Ten,9.898,26,32,48,101,38,75,70.205,32.682,93.74,63.609
2026-09-15T12:02:15+00:00,2026,4,fpi,2026,Michigan,Big Ten,14.449,2,22,68,33,25,51,68.807,51.927,83.123,24.394
2026-09-15T12:02:15+00:00,2026,4,fpi,2026,Kansas State,Big 12,10.89,47,30,11,126,67,24,92.391,71.753,93.719,84.883
2026-09-15T12:02:15+00:00,2026,4,fpi,2026,Miami,ACC,25.741,28,5,4,104,47,3,94.973,94.246,85.604,66.55
2026-09-15T12:02:15+00:00,2026,4,fpi,2026,Minnesota,Big Ten,-1.303,100,74,94,61,35,112,57.451,46.142,47.739,83.756
2026-09-15T12:02:15+00:00,2026,4,fpi,2026,Oregon,Big Ten,17.062,43,13,115,43,29,91,63.716,43.328,68.668,67.303
2026-09-15T12:02:15+00:00,2026,4,fpi,2026,SMU,ACC,13.776,4,24,34,54,55,10,88.225,91.92,81.656,32.358
2026-09-15T12:02:15+00:00,2026,4,fpi,2026,Texas Tech,Big 12,16.068,22,16,40,97,66,43,64.056,50.249,71.789,54.15
2026-09-15T12:02:15+00:00,2026,4,fpi,2026,Missouri,SEC,12.33,13,26,29,78,11,17,69.588,54.21,79.892,50.346
2026-09-15T12:02:15+00:00,2026,4,fpi,2026,NC State,ACC,2.441,85,58,87,38,68,65,82.039,72.701,75.232,72.665
2026-09-15T12:02:15+00:00,2026,4,fpi,2026,North Carolina,ACC,6.312,7,42,44,62,27,29,72.252,57.453,80.74,30.626
2026-09-15T12:02:15+00:00,2026,4,fpi,2026,Tulsa,American Athletic,-3.38,20,79,61,89,107,78,61.605,53.131,70.557,29.332
2026-09-15T12:02:15+00:00,2026,4,fpi,2026,Texas A&M,SEC,23.071,17,8,32,86,7,40,89.024,54.061,97.578,78.09
2026-09-15T12:02:15+00:00,2026,4,fpi,2026,Memphis,American Athletic,-0.187,39,69,84,51,110,70,59.452,78.988,43.963,36.63
2026-09-15T12:02:15+00:00,2026,4,fpi,2026,Virginia,ACC,12.554,24,25,8,99,60,12,85.724,65.547,93.788,47.023
2026-09-15T12:02:15+00:00,2026,4,fpi,2026,Washington,Big Ten,5.879,33,44,47,114,22,81,52.951,32.803,72.259,56.467
2026-09-15T12:02:15+00:00,2026,4,fpi,2026,Mississippi State,SEC,12.159,18,27,5,87,4,2,86.832,90.32,72.631,49.352
2026-09-15T12:02:15+00:00,2026,4,fpi,2026,Illinois,Big Ten,4.51,84,49,58,76,32,84,55.62,79.172,31.695,51.86
2026-09-15T12:02:15+00:00,2026,4,fpi,2026,Kansas,Big 12,0.861,106,62,71,56,53,97,57.396,46.852,61.384,61.393
2026-09-15T12:02:15+00:00,2026,4,fpi,2026,North Dakota State,Mountain West,0.679,25,66,23,113,117,30,71.576,46.782,78.823,77.023
2026-09-15T12:02:15+00:00,2026,4,fpi,2026,Auburn,SEC,14.177,8,23,36,66,10,36,77.773,62.003,81.619,52.919
2026-09-15T12:02:15+00:00,2026,4,fpi,2026,UTEP,Mountain West,-17.203,96,129,112,19,75,93,31.837,38.918,45.246,21.229
2026-09-15T12:02:15+00:00,2026,4,fpi,2026,Wyoming,Mountain West,-17.255,112,130,119,108,119,134,19.278,10.62,35.76,63.079
2026-09-15T12:02:15+00:00,2026,4,fpi,2026,Stanford,ACC,-4.906,61,86,114,15,31,99,40.081,49.549,35.306,47.141
2026-09-15T12:02:15+00:00,2026,4,fpi,2026,Baylor,Big 12,8.201,79,35,60,32,54,37,74.42,46.605,88.813,64.222
2026-09-15T12:02:15+00:00,2026,4,fpi,2026,Boston College,ACC,-3.875,63,82,96,45,21,71,42.588,37.505,63.843,19.406
2026-09-15T12:02:15+00:00,2026,4,fpi,2026,Navy,American Athletic,-5.326,116,89,93,121,71,128,39.212,48.972,23.193,70.009
2026-09-15T12:02:15+00:00,2026,4,fpi,2026,Sacramento State,Mid-American,-24.953,124,138,116,100,133,136,21.115,8.361,30.06,85.715
2026-09-15T12:02:15+00:00,2026,4,fpi,2026,UCLA,Big Ten,7.036,10,38,55,70,46,50,73.826,62.108,74.335,56.739
2026-09-22T12:02:07+00:00,2026,5,fpi,2026,UAB,American Athletic,-14.905,110,125,132,83,85,134,31.833,23.655,45.615,57.46
2026-09-22T12:02:07+00:00,2026,5,fpi,2026,South Alabama,Sun Belt,-7.349,78,99,30,115,87,49,45.268,50.841,34.207,58.53
2026-09-22T12:02:07+00:00,2026,5,fpi,2026,Arkansas,SEC,-1.557,91,74,120,2,14,81,33.447,29.448,48.209,43.609
2026-09-22T12:02:07+00:00,2026,5,fpi,2026,Arizona State,Big 12,3.765,35,58,53,26,53,21,71.802,48.436,84.657,54.878
2026-09-22T12:02:07+00:00,2026,5,fpi,2026,Arizona,Big 12,5.899,67,45,41,52,52,33,66.102,57.027,61.159,71.848
2026-09-22T12:02:07+00:00,2026,5,fpi,2026,San Diego State,Pac-12,-3.285,115,81,107,74,72,113,47.763,25.847,64.633,62.566
2026-09-22T12:02:07+00:00,2026,5,fpi,2026,California,ACC,-1.504,54,73,81,79,61,86,51.356,48.667,52.682,52.459
2026-09-22T12:02:07+00:00,2026,5,fpi,2026,Colorado,Big 12,-0.678,39,70,98,46,43,78,46.513,41.605,57.981,37.423
2026-09-22T12:02:07+00:00,2026,5,fpi,2026,Delaware,Conference USA,-3.965,72,82,86,91,95,96,54.066,51.428,54.847,51.427
2026-09-22T12:02:07+00:00,2026,5,fpi,2026,Jacksonville State,Conference USA,-8.83,102,109,84,109,132,112,44.194,52.065,45.869,33.533
2026-09-22T12:02:07+00:00,2026,5,fpi,2026,South Florida,American Athletic,0.776,27,63,50,121,110,87,60.143,70.199,38.605,71.957
2026-09-22T12:02:07+00:00,2026,5,fpi,2026,Georgia Tech,ACC,2.135,100,60,75,55,34,79,60.688,46.715,58.468,75.449
2026-09-22T12:02:07+00:00,2026,5,fpi,2026,Georgia,SEC,27.069,25,3,1,120,21,3,93.014,93.11,79.974,70.812
2026-09-22T12:02:07+00:00,2026,5,fpi,2026,Boise State,Pac-12,8.137,49,37,78,31,83,52,65.965,68.248,53.012,58.269
2026-09-22T12:02:07+00:00,2026,5,fpi,2026,Iowa State,Big 12,4.397,81,55,27,68,40,24,74.214,51.861,81.352,59.928
2026-09-22T12:02:07+00:00,2026,5,fpi,2026,Massachusetts,Mid-American,-11.409,37,116,12,132,135,28,61.121,29.879,64.491,89.47
2026-09-22T12:02:07+00:00,2026,5,fpi,2026,Maryland,Big Ten,5.489,59,48,67,85,28,82,69.426,65.802,68.62,47.55
2026-09-22T12:02:07+00:00,2026,5,fpi,2026,Michigan State,Big Ten,4.246,47,56,72,14,44,43,65.2,51.969,58.691,83.119
2026-09-22T12:02:07+00:00,2026,5,fpi,2026,Ole Miss,SEC,17.705,2,13,25,19,11,12,79.699,82.528,67.814,51.613
2026-09-22T12:02:07+00:00,2026,5,fpi,2026,Duke,ACC,9.144,9,35,37,75,58,30,74.271,54.359,83.42,55.493
2026-09-22T12:02:07+00:00,2026,5,fpi,2026,Wake Forest,ACC,4.626,38,54,82,29,62,55,65.445,68.673,52.305,62.435
2026-09-22T12:02:07+00:00,2026,5,fpi,2026,Rutgers,Big Ten,-5.565,132,90,135,73,29,136,32.225,35.493,38.117,40.84
2026-09-22T12:02:07+00:00,2026,5,fpi,2026,New Mexico,Mountain West,3.969,73,57,42,47,123,38,78.337,46.405,87.859,82.078
2026-09-22T12:02:07+00:00,2026,5,fpi,2026,Bowling Green,Mid-American,-23.195,132,136,137,28,115,132,9.277,6.394,32.149,24.31
2026-09-22T12:02:07+00:00,2026,5,fpi,2026,Miami (OH),Mid-American,-8.43,103,104,71,34,133,37,53.472,66.66,34.736,62.987
2026-09-22T12:02:07+00:00,2026,5,fpi,2026,Oklahoma State,Big 12,4.973,48,50,64,50,55,53,71.248,55.574,79.977,58.494
2026-09-22T12:02:07+00:00,2026,5,fpi,2026,Oregon State,Pac-12,-2.235,87,78,89,24,77,59,67.56,71.184,66.417,32.087
2026-09-22T12:02:07+00:00,2026,5,fpi,2026,Temple,American Athletic,-4.627,98,85,76,49,94,63,52.582,58.311,45.433,51.781
2026-09-22T12:02:07+00:00,2026,5,fpi,2026,Pittsburgh,ACC,12.341,14,25,16,99,49,19,78.464,65.307,79.209,61.871
2026-09-22T12:02:07+00:00,2026,5,fpi,2026,Vanderbilt,SEC,6.092,22,43,79,116,3,106,55.873,45.061,61.945,56.624
2026-09-22T12:02:07+00:00,2026,5,fpi,2026,Rice,American Athletic,-13.481,104,122,117,12,79,110,28.477,26.902,39.398,44.364
2026-09-22T12:02:07+00:00,2026,5,fpi,2026,Houston,Big 12,10.803,56,31,32,42,56,20,74.703,73.917,61.012,65.691
2026-09-22T12:02:07+00:00,2026,5,fpi,2026,Utah,Big 12,16.483,36,15,4,130,59,13,88.479,79.166,83.523,71.359
2026-09-22T12:02:07+00:00,2026,5,fpi,2026,James Madison,Sun Belt,3.246,21,59,6,113,117,8,76.789,61.953,61.05,92.973
2026-09-22T12:02:07+00:00,2026,5,fpi,2026,Washington State,Pac-12,-6.976,108,97,118,33,71,91,43.214,24.306,66.53,43.051
2026-09-22T12:02:07+00:00,2026,5,fpi,2026,Wisconsin,Big Ten,4.822,70,53,52,20,47,42,60.212,55.924,59.358,54.586
2026-09-22T12:02:07+00:00,2026,5,fpi,2026,Marshall,Sun Belt,-11.922,55,117,103,35,113,90,32.941,32.11,37.397,53.88
2026-09-22T12:02:07+00:00,2026,5,fpi,2026,West Virginia,Big 12,5.304,7,49,15,76,42,7,73.16,75.15,60.655,59.199
2026-09-22T12:02:07+00:00,2026,5,fpi,2026,Louisiana,Sun Belt,-5.55,66,89,56,45,131,46,53.721,43.656,67.794,37.289
2026-09-22T12:02:07+00:00,2026,5,fpi,2026,Coastal Carolina,Sun Belt,-8.279,116,103,99,84,98,98,51.037,37.444,64.096,50.446
2026-09-22T12:02:07+00:00,2026,5,fpi,2026,Texas State,Pac-12,-4.895,83,86,102,8,75,83,46.329,66.586,38.092,25.617
2026-09-22T12:02:07+00:00,2026,5,fpi,2026,Utah State,Pac-12,-8.804,132,108,134,22,73,114,32.772,15.479,64.188,40.709
2026-09-22T12:02:07+00:00,2026,5,fpi,2026,Alabama,SEC,22.458,4,7,45,51,13,25,89.35,82.564,84.469,67.174
2026-09-22T12:02:07+00:00,2026,5,fpi,2026,Kennesaw State,Conference USA,-10.953,118,115,114,37,127,109,42.81,28.921,54.934,60.863
2026-09-22T12:02:07+00:00,2026,5,fpi,2026,Army,American Athletic,-2.68,105,80,28,122,88,62,67.714,77.241,39.795,65.827
2026-09-22T12:02:07+00:00,2026,5,fpi,2026,Air Force,Mountain West,-5.87,111,94,88,123,108,119,39.147,47.074,47.723,22.978
2026-09-22T12:02:07+00:00,2026,5,fpi,2026,App State,Sun Belt,-4.991,33,87,20,127,97,40,58.299,58.106,60.564,39.977
2026-09-22T12:02:07+00:00,2026,5,fpi,2026,Arkansas State,Sun Belt,-10.196,112,111,105,71,125,97,43.753,41.029,48.243,49.456
2026-09-22T12:02:07+00:00,2026,5,fpi,2026,Ball State,Mid-American,-21.598,99,134,119,10,102,102,25.312,28.133,25.411,57.636
2026-09-22T12:02:07+00:00,2026,5,fpi,2026,Buffalo,Mid-American,-16.593,109,128,133,36,129,133,19.85,14.637,32.023,53.878
2026-09-22T12:02:07+00:00,2026,5,fpi,2026,UCF,Big 12,4.868,63,52,59,64,63,56,76.257,45.858,78.789,82.154
2026-09-22T12:02:07+00:00,2026,5,fpi,2026,Cincinnati,Big 12,5.838,40,46,61,134,33,115,64.742,62.23,55.518,65.811
2026-09-22T12:02:07+00:00,2026,5,fpi,2026,Florida Atlantic,American Athletic,-10.355,53,113,80,40,89,60,39.264,47.991,36.675,41.875
2026-09-22T12:02:07+00:00,2026,5,fpi,2026,Florida International,Conference USA,-10.822,114,114,97,105,124,108,37.31,17.351,80.634,21.96
2026-09-22T12:02:07+00:00,2026,5,fpi,2026,Georgia State,Sun Belt,-8.754,71,107,47,95,109,51,58.225,62.574,44.311,57.946
2026-09-22T12:02:07+00:00,2026,5,fpi,2026,Kent State,Mid-American,-23.199,92,137,131,3,118,99,16.34,16.646,41.253,14.157
2026-09-22T12:02:07+00:00,2026,5,fpi,2026,Liberty,Conference USA,-4.399,88,83,91,106,128,118,44.617,31.832,56.895,57.869
2026-09-22T12:02:07+00:00,2026,5,fpi,2026,Louisiana Tech,Sun Belt,-6.988,113,98,110,9,122,75,63.431,39.99,78.148,49.977
2026-09-22T12:02:07+00:00,2026,5,fpi,2026,Middle Tennessee,Conference USA,-13.164,93,119,68,137,111,122,38.671,28.21,54.224,51.382
2026-09-22T12:02:07+00:00,2026,5,fpi,2026,Charlotte,American Athletic,-15.012,132,126,130,32,86,128,25.421,29.066,27.831,51.345
2026-09-22T12:02:07+00:00,2026,5,fpi,2026,UL Monroe,Sun Belt,-22.6,132,135,128,56,119,130,18.154,27.429,20.557,37.817
2026-09-22T12:02:07+00:00,2026,5,fpi,2026,UNLV,Mountain West,-5.87,96,93,104,97,100,105,36.054,22.62,57.574,47.232
2026-09-22T12:02:07+00:00,2026,5,fpi,2026,Nevada,Mountain West,-8.453,127,105,93,129,78,131,41.058,29.439,47.791,70.191
2026-09-22T12:02:07+00:00,2026,5,fpi,2026,Northern Illinois,Mountain West,-17.026,132,129,136,30,116,126,23.038,17.345,45.454,30.86
2026-09-22T12:02:07+00:00,2026,5,fpi,2026,Purdue,Big Ten,-1.585,107,75,96,65,24,94,50.293,71.491,25.531,53.21
2026-09-22T12:02:07+00:00,2026,5,fpi,2026,Sam Houston,Conference USA,-8.897,128,110,74,118,76,101,60.162,57.659,60.577,47.838
2026-09-22T12:02:07+00:00,2026,5,fpi,2026,Southern Miss,Sun Belt,-13.109,126,118,123,60,99,129,27.066,21.262,41.568,49.489
2026-09-22T12:02:07+00:00,2026,5,fpi,2026,South Carolina,SEC,12.125,86,27,34,86,4,61,67.374,57.045,62.555,72.598
2026-09-22T12:02:07+00:00,2026,5,fpi,2026,Missouri State,Conference USA,-13.432,122,121,106,39,80,104,29.398,29.866,40.636,36.039
2026-09-22T12:02:07+00:00,2026,5,fpi,2026,TCU,Big 12,7.237,80,41,40,111,37,85,68.314,46.37,74.164,77.795
2026-09-22T12:02:07+00:00,2026,5,fpi,2026,Tennessee,SEC,18.514,18,10,10,104,12,10,82.654,77.642,80.511,49.257
2026-09-22T12:02:07+00:00,2026,5,fpi,2026,UTSA,American Athletic,-1.663,41,76,92,11,101,70,64.432,40.738,74.798,57.194
2026-09-22T12:02:07+00:00,2026,5,fpi,2026,Toledo,Mid-American,-1.798,68,77,95,96,136,111,57.84,62.91,57.189,37.199
2026-09-22T12:02:07+00:00,2026,5,fpi,2026,Troy,Sun Belt,-6.043,65,95,63,69,103,64,44.211,30.994,67.843,38.419
2026-09-22T12:02:07+00:00,2026,5,fpi,2026,Tulane,American Athletic,-0.215,77,68,125,23,90,93,52.533,45.496,56.025,53.483
2026-09-22T12:02:07+00:00,2026,5,fpi,2026,San José State,Mountain West,-13.171,94,120,115,63,114,127,32.498,20.52,52.53,50.292
2026-09-22T12:02:07+00:00,2026,5,fpi,2026,Western Michigan,Mid-American,-0.013,58,66,46,53,120,29,64.497,50.469,62.507,76.585
2026-09-22T12:02:07+00:00,2026,5,fpi,2026,USC,Big Ten,15.441,15,18,13,108,9,11,77.216,83.912,45.779,71.922
2026-09-22T12:02:07+00:00,2026,5,fpi,2026,Colorado State,Pac-12,-6.12,75,96,77,78,74,95,52.746,65.115,42.378,40.812
2026-09-22T12:02:07+00:00,2026,5,fpi,2026,UConn,FBS Independents,-5.833,74,92,38,110,84,67,60.83,49.886,58.698,69.599
2026-09-22T12:02:07+00:00,2026,5,fpi,2026,Hawai'i,Mountain West,-8.516,124,106,113,124,93,135,33.179,24.336,42.812,65.063
2026-09-22T12:02:07+00:00,2026,5,fpi,2026,Northwestern,Big Ten,9.296,34,33,23,117,22,36,78.149,69.193,78.756,48.333
2026-09-22T12:02:07+00:00,2026,5,fpi,2026,Indiana,Big Ten,24.632,43,5,7,135,31,26,90.158,83.739,86.108,62.547
2026-09-22T12:02:07+00:00,2026,5,fpi,2026,Notre Dame,FBS Independents,26.808,13,4,14,93,54,17,92.861,75.986,95.832,66.325
2026-09-22T12:02:07+00:00,2026,5,fpi,2026,Louisville,ACC,13.874,23,23,66,17,66,35,80.294,87.383,61.429,58.018
2026-09-22T12:02:07+00:00,2026,5,fpi,2026,Western Kentucky,Conference USA,-14.322,132,124,138,1,130,117,16.84,22.075,24.331,35.136
2026-09-22T12:02:07+00:00,2026,5,fpi,2026,LSU,SEC,20.353,32,8,54,27,15,27,85.3,61.856,94.556,59.614
2026-09-22T12:02:07+00:00,2026,5,fpi,2026,East Carolina,American Athletic,-4.565,90,84,127,18,112,116,44.015,21.949,65.273,51.161
2026-09-22T12:02:07+00:00,2026,5,fpi,2026,Nebraska,Big Ten,14.184,50,21,18,138,23,54,78.062,74.649,76.744,44.749
2026-09-22T12:02:07+00:00,2026,5,fpi,2026,New Mexico State,Conference USA,-13.482,123,123,109,70,121,103,38.085,37.809,54.413,24.525
2026-09-22T12:02:07+00:00,2026,5,fpi,2026,Syracuse,ACC,0.557,117,64,85,59,45,80,60.213,46.106,73.146,51.269
2026-09-22T12:02:07+00:00,2026,5,fpi,2026,Ohio State,Big Ten,28.142,69,1,5,15,16,1,91.027,81.206,93.301,38.282
2026-09-22T12:02:07+00:00,2026,5,fpi,2026,Kentucky,SEC,8.415,8,36,48,4,18,9,64.339,41.912,77.931,53.475
2026-09-22T12:02:07+00:00,2026,5,fpi,2026,Ohio,Mid-American,-10.218,95,112,129,43,138,123,42.929,50.013,24.442,83.737
2026-09-22T12:02:07+00:00,2026,5,fpi,2026,Oklahoma,SEC,16.726,46,14,55,38,1,39,81.316,52.794,90.448,60.915
2026-09-22T12:02:07+00:00,2026,5,fpi,2026,Penn State,Big Ten,18.196,28,11,9,125,57,14,87.403,71.892,88.01,70.006
2026-09-22T12:02:07+00:00,2026,5,fpi,2026,Florida State,ACC,7.796,85,39,87,6,35,48,65.196,73.673,39.339,73.909
2026-09-22T12:02:07+00:00,2026,5,fpi,2026,Florida,SEC,16.369,5,16,11,61,7,6,86.783,86.479,64.447,82.186
2026-09-22T12:02:07+00:00,2026,5,fpi,2026,Clemson,ACC,6.106,30,42,111,16,51,88,54.349,23.005,70.133,73.801
2026-09-22T12:02:07+00:00,2026,5,fpi,2026,North Texas,American Athletic,-2.315,89,79,108,13,106,84,54.529,67.904,45.99,30.54
2026-09-22T12:02:07+00:00,2026,5,fpi,2026,Texas,SEC,28.128,1,2,49,21,5,32,89.956,70.893,92.885,71.434
2026-09-22T12:02:07+00:00,2026,5,fpi,2026,BYU,Big 12,15.196,17,19,19,102,38,22,85.71,84.058,71.499,71.944
2026-09-22T12:02:07+00:00,2026,5,fpi,2026,Virginia Tech,ACC,11.616,12,29,2,94,48,4,83.693,78.29,66.926,80.224
2026-09-22T12:02:07+00:00,2026,5,fpi,2026,Fresno State,Pac-12,-0.545,61,69,83,57,82,74,57.138,34.482,68.163,66.519
2026-09-22T12:02:07+00:00,2026,5,fpi,2026,Georgia Southern,Sun Belt,-7.763,120,101,69,87,81,73,45.952,38.093,75.252,14.912
2026-09-22T12:02:07+00:00,2026,5,fpi,2026,Old Dominion,Sun Belt,-7.353,125,100,100,66,107,100,35.714,9.946,72.452,35.407
2026-09-22T12:02:07+00:00,2026,5,fpi,2026,Akron,Mid-American,-17.883,119,130,122,72,134,120,26.228,31.457,35.277,31.823
2026-09-22T12:02:07+00:00,2026,5,fpi,2026,Central Michigan,Mid-American,-16.155,84,127,101,98,70,124,18.58,9.809,43.707,41.793
2026-09-22T12:02:07+00:00,2026,5,fpi,2026,Eastern Michigan,Mid-American,-19.315,130,132,112,82,126,125,21.036,16.114,43.85,27.453
2026-09-22T12:02:07+00:00,2026,5,fpi,2026,Iowa,Big Ten,12.105,24,28,24,119,32,47,81.757,53.701,93.73,60.431
2026-09-22T12:02:07+00:00,2026,5,fpi,2026,Michigan,Big Ten,14.898,6,20,60,62,17,72,71.482,56.617,82.59,37.338
2026-09-22T12:02:07+00:00,2026,5,fpi,2026,Kansas State,Big 12,11.165,31,30,17,126,65,41,85.616,74.565,82.656,70.709
2026-09-22T12:02:07+00:00,2026,5,fpi,2026,Miami,ACC,23.862,11,6,3,92,46,2,90.601,89.733,81.961,57.822
2026-09-22T12:02:07+00:00,2026,5,fpi,2026,Minnesota,Big Ten,0.917,82,62,57,89,27,89,65.004,36.629,64.391,91.075
2026-09-22T12:02:07+00:00,2026,5,fpi,2026,Oregon,Big Ten,19.213,51,9,70,67,25,66,79.591,62.879,77.665,76.18
2026-09-22T12:02:07+00:00,2026,5,fpi,2026,SMU,ACC,12.209,26,26,51,25,64,18,79.801,80.762,72.701,45.753
2026-09-22T12:02:07+00:00,2026,5,fpi,2026,Texas Tech,Big 12,15.837,10,17,44,77,67,44,67.563,57.05,68.709,58.914
2026-09-22T12:02:07+00:00,2026,5,fpi,2026,Missouri,SEC,10.542,20,32,29,112,2,45,65.409,47.677,71.671,63.572
2026-09-22T12:02:07+00:00,2026,5,fpi,2026,NC State,ACC,2.026,101,61,62,44,68,34,73.982,68.493,68.046,62.555
2026-09-22T12:02:07+00:00,2026,5,fpi,2026,North Carolina,ACC,4.936,45,51,35,54,30,16,66.781,54.343,74.098,41.803
2026-09-22T12:02:07+00:00,2026,5,fpi,2026,Tulsa,American Athletic,-1.011,19,72,36,107,91,57,65.272,48.476,73.165,52.697
2026-09-22T12:02:07+00:00,2026,5,fpi,2026,Texas A&M,SEC,18.089,57,12,22,90,6,23,86.509,50.179,96.679,78.806
2026-09-22T12:02:07+00:00,2026,5,fpi,2026,Memphis,American Athletic,-0.804,52,71,58,81,92,71,54.039,75.072,36.126,41
2026-09-22T12:02:07+00:00,2026,5,fpi,2026,Virginia,ACC,9.216,62,34,33,100,60,58,71.971,62.029,78.714,43.73
2026-09-22T12:02:07+00:00,2026,5,fpi,2026,Washington,Big Ten,5.822,44,47,26,136,19,76,54.089,46.21,61.285,48.572
2026-09-22T12:02:07+00:00,2026,5,fpi,2026,Mississippi State,SEC,14.123,3,22,21,41,10,5,86.807,88.888,77.133,46.92
2026-09-22T12:02:07+00:00,2026,5,fpi,2026,Illinois,Big Ten,5.956,79,44,31,103,26,65,62.844,82.05,41.266,47.853
2026-09-22T12:02:07+00:00,2026,5,fpi,2026,Kansas,Big 12,-0.135,121,67,94,80,41,107,52.34,36.464,69.353,49.364
2026-09-22T12:02:07+00:00,2026,5,fpi,2026,North Dakota State,Mountain West,0.364,29,65,8,131,104,15,69.917,43.667,79.767,72.205
2026-09-22T12:02:07+00:00,2026,5,fpi,2026,Auburn,SEC,12.866,42,24,73,48,8,68,71.664,64.136,72.722,46.037
2026-09-22T12:02:07+00:00,2026,5,fpi,2026,UTEP,Mountain West,-18.302,97,131,116,5,96,69,28.076,34.104,40.449,23.789
2026-09-22T12:02:07+00:00,2026,5,fpi,2026,Wyoming,Mountain West,-19.651,129,133,126,128,105,137,15.741,11.656,26.568,62.676
2026-09-22T12:02:07+00:00,2026,5,fpi,2026,Stanford,ACC,-7.894,76,102,121,7,36,92,34.178,39.04,36.803,43.484
2026-09-22T12:02:07+00:00,2026,5,fpi,2026,Baylor,Big 12,8.095,60,38,39,58,50,31,69.971,49.342,78.098,67.284
2026-09-22T12:02:07+00:00,2026,5,fpi,2026,Boston College,ACC,-5.793,64,91,65,88,20,77,31.847,23.549,51.802,39.558
2026-09-22T12:02:07+00:00,2026,5,fpi,2026,Navy,American Athletic,-5.343,106,88,90,133,69,121,35.426,47.845,18.908,69.942
2026-09-22T12:02:07+00:00,2026,5,fpi,2026,Sacramento State,Mid-American,-25.086,131,138,124,114,137,138,16.785,7.644,27.335,79.657
2026-09-22T12:02:07+00:00,2026,5,fpi,2026,UCLA,Big Ten,7.423,16,40,43,101,39,50,69.048,71.62,62.082,44.623
