captured_at,capture_season,capture_week,source,season,conference,team,offense_overall,offense_passing,offense_rushing,offense_firstDown,offense_secondDown,offense_thirdDown,offense_cumulative,defense_overall,defense_passing,defense_rushing,defense_firstDown,defense_secondDown,defense_thirdDown,defense_cumulative
2026-09-24T13:53:40+00:00,2026,4,ppa,2026,Mountain West,Air Force,0.29,0.36,0.3,0.27,-0.08,0.53,"{'total': 35.8, 'passing': 8, 'rushing': 29.7}",-0.05,0,-0.01,-0.17,-0.06,-0.21,"{'total': -5.1, 'passing': 0.4, 'rushing': -0.6}"
2026-09-24T13:53:40+00:00,2026,4,ppa,2026,Mid-American,Akron,0.01,0.06,0,-0.15,0.22,0.21,"{'total': 0.8, 'passing': 5.11, 'rushing': 0.1}",0.17,0.48,-0.17,-0.09,0.03,0.69,"{'total': 24.6, 'passing': 414.9, 'rushing': -9.5}"
2026-09-24T13:53:40+00:00,2026,4,ppa,2026,SEC,Alabama,0.33,0.35,0.34,0.24,0.12,0.7,"{'total': 60.1, 'passing': 28.68, 'rushing': 33.9}",-0.1,0.02,-0.21,-0.19,0.05,0.23,"{'total': -15.2, 'passing': 16.3, 'rushing': -14.4}"
2026-09-24T13:53:40+00:00,2026,4,ppa,2026,Sun Belt,App State,0.21,0.55,-0.06,-0.07,0.5,0.4,"{'total': 40.3, 'passing': 50.93, 'rushing': -5.4}",0.01,0.01,0.07,0.06,0.08,-0.03,"{'total': 2, 'passing': 10, 'rushing': 4.4}"
2026-09-24T13:53:40+00:00,2026,4,ppa,2026,Big 12,Arizona,0.29,0.37,0.2,0,0.39,0.87,"{'total': 47.4, 'passing': 34.77, 'rushing': 12.8}",0.06,0.12,0.12,-0.07,0.14,0.67,"{'total': 9.5, 'passing': 114.1, 'rushing': 7.2}"
2026-09-24T13:53:40+00:00,2026,4,ppa,2026,Big 12,Arizona State,0.04,0.22,-0.04,-0.13,0.28,0.39,"{'total': 6.5, 'passing': 17.74, 'rushing': -3.6}",0.03,0.11,-0.04,0.12,-0.03,0.49,"{'total': 5.4, 'passing': 87, 'rushing': -3.1}"
2026-09-24T13:53:40+00:00,2026,4,ppa,2026,SEC,Arkansas,0.02,0.14,-0.11,-0.15,-0.04,0.63,"{'total': 3.8, 'passing': 12.77, 'rushing': -8.2}",0.27,0.24,0.33,0.03,0.53,0.4,"{'total': 35.3, 'passing': 135.9, 'rushing': 23.7}"
2026-09-24T13:53:40+00:00,2026,4,ppa,2026,Sun Belt,Arkansas State,0.04,0,0.18,0.08,-0.01,0.4,"{'total': 6.1, 'passing': -0.25, 'rushing': 13.9}",0.21,0.61,0.01,0.14,-0.12,0.79,"{'total': 36.7, 'passing': 448.7, 'rushing': 0.5}"
2026-09-24T13:53:40+00:00,2026,4,ppa,2026,American Athletic,Army,0.39,0.4,0.41,0.11,0.41,0.78,"{'total': 41.1, 'passing': 8.03, 'rushing': 34}",0.17,0.21,0.16,0.16,-0.04,0.42,"{'total': 15.2, 'passing': 90.9, 'rushing': 6.8}"
2026-09-24T13:53:40+00:00,2026,4,ppa,2026,SEC,Auburn,0.14,0.17,0.2,-0.1,0.05,0.6,"{'total': 29.9, 'passing': 18.04, 'rushing': 19.9}",0.06,0.25,-0.05,-0.15,0.04,0.27,"{'total': 13.8, 'passing': 268.4, 'rushing': -5.7}"
2026-09-24T13:53:40+00:00,2026,4,ppa,2026,Mid-American,Ball State,0.07,0.09,0.21,-0.12,0.23,0.02,"{'total': 11, 'passing': 6.89, 'rushing': 13.7}",0.33,0.37,0.32,0.22,0.23,0.7,"{'total': 51.8, 'passing': 299.5, 'rushing': 22.6}"
2026-09-24T13:53:40+00:00,2026,4,ppa,2026,Big 12,Baylor,0.13,0.25,0.04,-0.02,0.21,0.36,"{'total': 28.3, 'passing': 26.56, 'rushing': 3.9}",-0.07,0.01,-0.17,-0.19,-0.26,0.64,"{'total': -13.6, 'passing': 7, 'rushing': -14.1}"
2026-09-24T13:53:40+00:00,2026,4,ppa,2026,Pac-12,Boise State,0.28,0.27,0.27,0.34,0.21,0.48,"{'total': 62, 'passing': 24.46, 'rushing': 34.1}",0.08,0.28,-0.02,0.19,0.51,0.02,"{'total': 12.8, 'passing': 269.7, 'rushing': -1.5}"
2026-09-24T13:53:40+00:00,2026,4,ppa,2026,ACC,Boston College,-0.06,0.09,-0.04,-0.14,0.2,0.12,"{'total': -11, 'passing': 7.52, 'rushing': -4.4}",0.03,0.29,0.02,-0.16,0.36,0.11,"{'total': 6.6, 'passing': 227.4, 'rushing': 2.5}"
2026-09-24T13:53:40+00:00,2026,4,ppa,2026,Mid-American,Bowling Green,-0.14,0.2,-0.45,-0.3,0.06,0.13,"{'total': -17.7, 'passing': 11.13, 'rushing': -28.6}",0.32,0.43,0.33,0.52,0.36,0.12,"{'total': 45, 'passing': 255.2, 'rushing': 25.1}"
2026-09-24T13:53:40+00:00,2026,4,ppa,2026,Mid-American,Buffalo,0.01,0.06,-0.09,-0.18,-0.06,0.32,"{'total': 1.2, 'passing': 6.73, 'rushing': -7}",0.14,0.34,-0.04,-0.04,0.34,0.37,"{'total': 27.7, 'passing': 346, 'rushing': -3.3}"
2026-09-24T13:53:40+00:00,2026,4,ppa,2026,Big 12,BYU,0.55,0.6,0.5,0.4,0.58,0.92,"{'total': 78.7, 'passing': 36.57, 'rushing': 39.3}",-0.08,0,-0.01,-0.38,0.17,0.25,"{'total': -9.8, 'passing': -2.9, 'rushing': -0.7}"
2026-09-24T13:53:40+00:00,2026,4,ppa,2026,ACC,California,0.08,0.25,-0.1,0.02,0.11,0.51,"{'total': 16.1, 'passing': 27.01, 'rushing': -8.2}",0.04,-0.04,0.28,-0.02,-0.02,0.1,"{'total': 7.3, 'passing': -44.1, 'rushing': 19.5}"
2026-09-24T13:53:40+00:00,2026,4,ppa,2026,Mid-American,Central Michigan,0.03,-0.44,0.25,-0.23,-0.1,0.14,"{'total': 4.6, 'passing': -19.04, 'rushing': 27.8}",0.1,-0.02,0.13,-0.02,-0.01,0.46,"{'total': 18.6, 'passing': -14.2, 'rushing': 11.7}"
2026-09-24T13:53:40+00:00,2026,4,ppa,2026,American Athletic,Charlotte,0.01,0.03,0.04,0.06,-0.14,0.32,"{'total': 1.1, 'passing': 2.74, 'rushing': 3.3}",0.23,0.45,0.11,-0.14,0.63,0.38,"{'total': 41.5, 'passing': 370.1, 'rushing': 9.8}"
2026-09-24T13:53:40+00:00,2026,4,ppa,2026,Big 12,Cincinnati,0.36,0.44,0.3,0.16,0.41,0.73,"{'total': 68.3, 'passing': 36.91, 'rushing': 30.9}",0.09,0.24,0.09,0,0.11,0.61,"{'total': 15, 'passing': 214.2, 'rushing': 7}"
2026-09-24T13:53:40+00:00,2026,4,ppa,2026,ACC,Clemson,-0.07,0.01,0.02,-0.05,0.05,-0.22,"{'total': -12.6, 'passing': 1.27, 'rushing': 1.6}",0.04,-0.09,0.26,-0.14,0.24,0.49,"{'total': 7.2, 'passing': -95.3, 'rushing': 22.5}"
2026-09-24T13:53:40+00:00,2026,4,ppa,2026,Sun Belt,Coastal Carolina,0.24,0.3,0.12,0.12,0.45,0.4,"{'total': 43.2, 'passing': 29.25, 'rushing': 10.1}",0.07,0.37,-0.02,0,0.15,0.17,"{'total': 13.2, 'passing': 258.6, 'rushing': -2.2}"
2026-09-24T13:53:40+00:00,2026,4,ppa,2026,Big 12,Colorado,0.19,0.29,0.1,0.07,0.21,0.77,"{'total': 33.6, 'passing': 22.05, 'rushing': 9.4}",0.09,0.42,-0.17,-0.13,0.17,0.52,"{'total': 13.7, 'passing': 324.3, 'rushing': -13.4}"
2026-09-24T13:53:40+00:00,2026,4,ppa,2026,Pac-12,Colorado State,0.33,0.41,0.29,-0.12,0.47,0.87,"{'total': 54, 'passing': 36.08, 'rushing': 20.6}",0.12,0.29,0.22,0.05,0.45,-0.08,"{'total': 17.1, 'passing': 143.3, 'rushing': 18.4}"
2026-09-24T13:53:40+00:00,2026,4,ppa,2026,Conference USA,Delaware,0.14,0.32,0.03,0.02,0.31,0.3,"{'total': 25.4, 'passing': 31.8, 'rushing': 2.4}",0,0.2,-0.05,-0.28,0.29,0.43,"{'total': -0.4, 'passing': 168.6, 'rushing': -4}"
2026-09-24T13:53:40+00:00,2026,4,ppa,2026,ACC,Duke,0.21,0.29,0.19,0.07,0.37,0.48,"{'total': 42.7, 'passing': 20.82, 'rushing': 24}",-0.03,0.03,-0.14,0.1,-0.06,0.07,"{'total': -4.8, 'passing': 32.9, 'rushing': -10.3}"
2026-09-24T13:53:40+00:00,2026,4,ppa,2026,American Athletic,East Carolina,-0.01,0.04,-0.05,-0.01,0.09,0,"{'total': -2, 'passing': 2.63, 'rushing': -4.6}",0.09,0.14,0.08,-0.22,0.25,0.57,"{'total': 18.1, 'passing': 109.5, 'rushing': 9.2}"
2026-09-24T13:53:40+00:00,2026,4,ppa,2026,Mid-American,Eastern Michigan,-0.06,0.01,-0.02,-0.03,-0.22,0.2,"{'total': -14, 'passing': 0.7, 'rushing': -1.8}",0.14,0.22,0.11,0.07,-0.04,0.69,"{'total': 35.2, 'passing': 313, 'rushing': 11.7}"
2026-09-24T13:53:40+00:00,2026,4,ppa,2026,SEC,Florida,0.45,0.62,0.36,0.13,0.51,0.65,"{'total': 67.2, 'passing': 36.16, 'rushing': 32}",-0.04,0.04,0.14,-0.13,-0.03,0.56,"{'total': -6.4, 'passing': 42.3, 'rushing': 7.5}"
2026-09-24T13:53:40+00:00,2026,4,ppa,2026,American Athletic,Florida Atlantic,0.11,0.19,0.02,-0.1,0.25,0.63,"{'total': 20.9, 'passing': 20.4, 'rushing': 1.6}",0.15,0.08,0.26,0.03,0.11,0.44,"{'total': 24.5, 'passing': 60.2, 'rushing': 21.3}"
2026-09-24T13:53:40+00:00,2026,4,ppa,2026,Conference USA,Florida International,-0.01,0.14,-0.17,-0.1,0.03,0.43,"{'total': -2.7, 'passing': 18.53, 'rushing': -16.6}",-0.01,0.1,-0.11,-0.06,-0.06,0.28,"{'total': -1.7, 'passing': 105.6, 'rushing': -10.2}"
2026-09-24T13:53:40+00:00,2026,4,ppa,2026,ACC,Florida State,0.19,0.28,0.19,-0.05,0.08,0.77,"{'total': 38.8, 'passing': 23.75, 'rushing': 20.6}",0.31,0.47,0.17,0.27,-0.26,1.24,"{'total': 62, 'passing': 521.3, 'rushing': 14.4}"
2026-09-24T13:53:40+00:00,2026,4,ppa,2026,Pac-12,Fresno State,0.03,0.52,-0.2,-0.04,0.2,0.08,"{'total': 4.8, 'passing': 31.4, 'rushing': -14.1}",-0.06,0.21,-0.3,-0.24,0.19,0.33,"{'total': -7.8, 'passing': 159.4, 'rushing': -17.5}"
2026-09-24T13:53:40+00:00,2026,4,ppa,2026,SEC,Georgia,0.62,0.69,0.55,0.44,0.59,1.53,"{'total': 68, 'passing': 35.29, 'rushing': 30.8}",-0.14,-0.02,-0.37,-0.03,-0.5,0.15,"{'total': -13.8, 'passing': -13.1, 'rushing': -13.4}"
2026-09-24T13:53:40+00:00,2026,4,ppa,2026,Sun Belt,Georgia Southern,0.06,0.09,0.1,-0.06,0.22,0.48,"{'total': 12, 'passing': 11.35, 'rushing': 7.5}",0,0.12,-0.04,-0.04,-0.07,-0.09,"{'total': 0, 'passing': 88.7, 'rushing': -3}"
2026-09-24T13:53:40+00:00,2026,4,ppa,2026,Sun Belt,Georgia State,0.25,0.37,0.23,0.03,0.37,0.63,"{'total': 51.3, 'passing': 34.86, 'rushing': 23.8}",0.07,-0.03,0.28,0.12,-0.02,0.19,"{'total': 10.1, 'passing': -17.5, 'rushing': 19.2}"
2026-09-24T13:53:40+00:00,2026,4,ppa,2026,ACC,Georgia Tech,0.13,0.17,0.1,0.15,-0.04,0.51,"{'total': 22.4, 'passing': 15.68, 'rushing': 7.5}",0.16,0.21,0.17,0.03,0,0.78,"{'total': 31.3, 'passing': 135.4, 'rushing': 21.6}"
2026-09-24T13:53:40+00:00,2026,4,ppa,2026,Mountain West,Hawai'i,0.03,0.15,-0.06,-0.15,-0.01,0.34,"{'total': 7.6, 'passing': 21.38, 'rushing': -4.3}",0.13,0.02,0.22,0.22,-0.17,0.76,"{'total': 26.6, 'passing': 21.5, 'rushing': 24.9}"
2026-09-24T13:53:40+00:00,2026,4,ppa,2026,Big 12,Houston,0.35,0.48,0.22,0.14,0.33,0.95,"{'total': 62.7, 'passing': 41.28, 'rushing': 19.9}",0.03,0.15,-0.02,-0.02,0.21,0.36,"{'total': 4.9, 'passing': 145.4, 'rushing': -1.1}"
2026-09-24T13:53:40+00:00,2026,4,ppa,2026,Big Ten,Illinois,0.28,0.49,0.11,0.2,0.49,0.23,"{'total': 44.6, 'passing': 39.95, 'rushing': 8.1}",0.15,0.21,0.11,-0.07,0.26,0.5,"{'total': 27.1, 'passing': 168.7, 'rushing': 10.5}"
2026-09-24T13:53:40+00:00,2026,4,ppa,2026,Big Ten,Indiana,0.53,1.05,0.19,0.4,0.37,1.19,"{'total': 69.1, 'passing': 52.75, 'rushing': 14.8}",-0.16,-0.07,-0.21,-0.18,0.02,0.11,"{'total': -22.7, 'passing': -48.9, 'rushing': -13.5}"
2026-09-24T13:53:40+00:00,2026,4,ppa,2026,Big Ten,Iowa,0.32,0.34,0.37,0.41,0.22,0.49,"{'total': 47.1, 'passing': 26.85, 'rushing': 25}",-0.15,-0.06,-0.19,-0.32,-0.16,0.12,"{'total': -15.2, 'passing': -29.1, 'rushing': -10.2}"
2026-09-24T13:53:40+00:00,2026,4,ppa,2026,Big 12,Iowa State,0.24,0.34,0.24,0.14,0.33,0.47,"{'total': 33.5, 'passing': 16.98, 'rushing': 20.7}",-0.14,0,-0.2,-0.19,-0.1,0.14,"{'total': -20.4, 'passing': -1.2, 'rushing': -14.1}"
2026-09-24T13:53:40+00:00,2026,4,ppa,2026,Conference USA,Jacksonville State,0.21,0.51,0.02,0.12,-0.15,0.73,"{'total': 43.5, 'passing': 46.8, 'rushing': 1.6}",0.07,0,0.19,-0.14,0.16,0.3,"{'total': 14.9, 'passing': 0.5, 'rushing': 25.6}"
2026-09-24T13:53:40+00:00,2026,4,ppa,2026,Sun Belt,James Madison,0.24,0.33,0.18,-0.07,0.52,0.44,"{'total': 36.7, 'passing': 20.5, 'rushing': 16.8}",-0.15,-0.08,-0.07,-0.23,0.01,0.57,"{'total': -28.3, 'passing': -68.2, 'rushing': -7}"
2026-09-24T13:53:40+00:00,2026,4,ppa,2026,Big 12,Kansas,0.14,0.17,0.05,0.02,0.27,0.65,"{'total': 25, 'passing': 14.25, 'rushing': 4.5}",-0.06,0.25,-0.12,-0.04,-0.05,0.26,"{'total': -10.9, 'passing': 172.8, 'rushing': -11.5}"
2026-09-24T13:53:40+00:00,2026,4,ppa,2026,Big 12,Kansas State,0.29,0.32,0.29,-0.01,0.3,1.04,"{'total': 49.7, 'passing': 23.77, 'rushing': 26.3}",-0.13,-0.19,0.05,-0.22,-0.01,0.19,"{'total': -16.9, 'passing': -126.6, 'rushing': 2.9}"
2026-09-24T13:53:40+00:00,2026,4,ppa,2026,Conference USA,Kennesaw State,0.13,0.12,0.24,0.18,0.08,0.34,"{'total': 18.3, 'passing': 9.2, 'rushing': 15}",0.2,0.32,0.14,0.12,0.35,0.22,"{'total': 30, 'passing': 189.3, 'rushing': 12.1}"
2026-09-24T13:53:40+00:00,2026,4,ppa,2026,Mid-American,Kent State,-0.02,0.03,-0.02,-0.01,-0.16,0.45,"{'total': -2.7, 'passing': 1.96, 'rushing': -1.5}",0.14,0.14,0.28,0.41,0.08,-0.23,"{'total': 18.8, 'passing': 102.4, 'rushing': 15.8}"
2026-09-24T13:53:40+00:00,2026,4,ppa,2026,SEC,Kentucky,0.17,0.34,0.03,0.22,0.46,-0.22,"{'total': 28, 'passing': 24.59, 'rushing': 2.7}",0.06,0.04,0.17,-0.1,0.18,0.45,"{'total': 11, 'passing': 37.6, 'rushing': 15.5}"
2026-09-24T13:53:40+00:00,2026,4,ppa,2026,Conference USA,Liberty,0.07,0.25,-0.01,-0.09,0.27,0.56,"{'total': 13.5, 'passing': 19.84, 'rushing': -1.5}",0.05,0.05,0.12,-0.3,0.29,0.42,"{'total': 7.8, 'passing': 35.6, 'rushing': 9.9}"
2026-09-24T13:53:40+00:00,2026,4,ppa,2026,Sun Belt,Louisiana,0.15,0.22,0.26,0.08,0.35,0.33,"{'total': 24.9, 'passing': 12.86, 'rushing': 26.8}",0,0.27,-0.1,-0.21,0.28,0.48,"{'total': -0.8, 'passing': 222.1, 'rushing': -9.2}"
2026-09-24T13:53:40+00:00,2026,4,ppa,2026,Sun Belt,Louisiana Tech,0.03,0.16,-0.07,0.07,-0.07,0.47,"{'total': 4.8, 'passing': 11.79, 'rushing': -4.6}",0.04,0.12,0.02,-0.1,0.16,0.22,"{'total': 7.2, 'passing': 88.3, 'rushing': 2.1}"
2026-09-24T13:53:40+00:00,2026,4,ppa,2026,ACC,Louisville,0.43,0.67,0.26,0.37,0.5,0.59,"{'total': 75.7, 'passing': 50.76, 'rushing': 25.7}",0.1,0.34,0.01,-0.04,0.31,0.04,"{'total': 20.2, 'passing': 344.8, 'rushing': 1.3}"
2026-09-24T13:53:40+00:00,2026,4,ppa,2026,SEC,LSU,0.17,0.13,0.2,0.04,0.05,0.55,"{'total': 35.2, 'passing': 12.09, 'rushing': 21.9}",-0.13,-0.04,-0.24,-0.15,-0.17,0.05,"{'total': -17.8, 'passing': -37.8, 'rushing': -12}"
2026-09-24T13:53:40+00:00,2026,4,ppa,2026,Sun Belt,Marshall,0.17,0.37,0.02,-0.06,0.12,0.59,"{'total': 28.7, 'passing': 26.49, 'rushing': 1.5}",0.36,0.57,0.07,0.27,0.29,0.72,"{'total': 61.7, 'passing': 550.7, 'rushing': 5.3}"
2026-09-24T13:53:40+00:00,2026,4,ppa,2026,Big Ten,Maryland,0.31,0.4,0.16,0.39,0.11,0.69,"{'total': 55.7, 'passing': 45.16, 'rushing': 9.5}",0.1,0.34,-0.09,-0.22,0.33,0.32,"{'total': 14.4, 'passing': 253.4, 'rushing': -6.2}"
2026-09-24T13:53:40+00:00,2026,4,ppa,2026,Mid-American,Massachusetts,0.29,0.38,0.28,0.1,0.33,0.45,"{'total': 43.7, 'passing': 22.15, 'rushing': 25.4}",-0.25,0.09,-0.46,-0.43,0.05,-0.15,"{'total': -33.4, 'passing': 56, 'rushing': -28.5}"
2026-09-24T13:53:40+00:00,2026,4,ppa,2026,American Athletic,Memphis,0.29,0.61,0.18,0.25,0.4,0.67,"{'total': 72.7, 'passing': 63.2, 'rushing': 26}",0.17,0.09,0.3,0.14,0.13,0.5,"{'total': 44.9, 'passing': 118.9, 'rushing': 37.9}"
2026-09-24T13:53:40+00:00,2026,4,ppa,2026,ACC,Miami,0.54,0.83,0.25,0.49,0.5,0.98,"{'total': 75.6, 'passing': 59.13, 'rushing': 16.2}",0.03,0.07,-0.05,0.05,0.15,0.1,"{'total': 4.1, 'passing': 64, 'rushing': -1.6}"
2026-09-24T13:53:40+00:00,2026,4,ppa,2026,Mid-American,Miami (OH),0.34,0.72,0.07,0.39,-0.16,0.84,"{'total': 43.1, 'passing': 49.63, 'rushing': 3.9}",0.18,0.34,0.1,0.04,0.16,0.8,"{'total': 28.8, 'passing': 321.9, 'rushing': 5.9}"
2026-09-24T13:53:40+00:00,2026,4,ppa,2026,Big Ten,Michigan,0.18,0.29,0.14,-0.14,0.27,0.5,"{'total': 30, 'passing': 20.13, 'rushing': 13.4}",-0.11,-0.17,-0.09,-0.07,-0.2,0.13,"{'total': -17.9, 'passing': -122.6, 'rushing': -8}"
2026-09-24T13:53:40+00:00,2026,4,ppa,2026,Big Ten,Michigan State,0.06,0.16,0.03,-0.05,0.07,0.23,"{'total': 12.3, 'passing': 13.42, 'rushing': 3.1}",0.12,0.15,0.09,0.01,0.35,0.1,"{'total': 19.7, 'passing': 114.3, 'rushing': 7.9}"
2026-09-24T13:53:40+00:00,2026,4,ppa,2026,Conference USA,Middle Tennessee,0.22,0.25,0.22,0.1,0.29,0.38,"{'total': 42.1, 'passing': 26.32, 'rushing': 17.9}",0.05,0.25,-0.08,-0.27,0.15,0.53,"{'total': 8.6, 'passing': 159.8, 'rushing': -7.7}"
2026-09-24T13:53:40+00:00,2026,4,ppa,2026,Big Ten,Minnesota,0.12,0.2,0.02,0.26,-0.54,0.73,"{'total': 18.4, 'passing': 18.67, 'rushing': 0.8}",0.04,0.19,0.14,-0.03,0.21,0.52,"{'total': 5.1, 'passing': 121.6, 'rushing': 8.7}"
2026-09-24T13:53:40+00:00,2026,4,ppa,2026,SEC,Mississippi State,0.47,0.62,0.41,0.19,0.62,0.88,"{'total': 77.9, 'passing': 49.85, 'rushing': 33.7}",-0.03,0,0,-0.09,-0.24,0.19,"{'total': -5.9, 'passing': 2.3, 'rushing': -0.1}"
2026-09-24T13:53:40+00:00,2026,4,ppa,2026,SEC,Missouri,0.24,0.65,-0.01,0.23,0.09,0.65,"{'total': 41.4, 'passing': 46.86, 'rushing': -1.1}",-0.13,-0.07,-0.12,-0.41,-0.01,0.42,"{'total': -22.1, 'passing': -51.3, 'rushing': -10.4}"
2026-09-24T13:53:40+00:00,2026,4,ppa,2026,Conference USA,Missouri State,0.23,0.43,0.11,0.33,0.16,0.55,"{'total': 30.2, 'passing': 25.19, 'rushing': 8}",0.24,0.39,0.14,0.08,0.14,0.44,"{'total': 40.2, 'passing': 266, 'rushing': 13.8}"
2026-09-24T13:53:40+00:00,2026,4,ppa,2026,American Athletic,Navy,0.33,-0.27,0.51,0.08,0.52,0.48,"{'total': 37.4, 'passing': -7.33, 'rushing': 44.7}",0.19,0.61,-0.08,-0.21,0.62,0.76,"{'total': 21.6, 'passing': 322.3, 'rushing': -3.9}"
2026-09-24T13:53:40+00:00,2026,4,ppa,2026,ACC,NC State,0.17,0.41,0.02,0.09,0.07,0.76,"{'total': 25, 'passing': 28.95, 'rushing': 1.7}",0.22,0.35,0.22,0.04,0.34,0.08,"{'total': 32.8, 'passing': 220.5, 'rushing': 17.2}"
2026-09-24T13:53:40+00:00,2026,4,ppa,2026,Big Ten,Nebraska,0.5,0.55,0.49,0.24,0.5,1.05,"{'total': 85.6, 'passing': 41.07, 'rushing': 47}",-0.03,-0.21,-0.02,-0.19,0.18,-0.27,"{'total': -3.5, 'passing': -126.1, 'rushing': -1.3}"
2026-09-24T13:53:40+00:00,2026,4,ppa,2026,Mountain West,Nevada,0.06,0.02,0.14,-0.06,0.1,0.62,"{'total': 10, 'passing': 1.46, 'rushing': 13.5}",0.08,0.25,-0.02,0.07,0.04,0.17,"{'total': 17.1, 'passing': 231.3, 'rushing': -1.7}"
2026-09-24T13:53:40+00:00,2026,4,ppa,2026,Mountain West,New Mexico,0.1,-0.11,0.26,-0.12,0.22,0.57,"{'total': 16.4, 'passing': -6.99, 'rushing': 23.5}",-0.23,-0.04,-0.14,-0.4,-0.14,0.04,"{'total': -27.3, 'passing': -25.4, 'rushing': -7.8}"
2026-09-24T13:53:40+00:00,2026,4,ppa,2026,Conference USA,New Mexico State,0.1,0.17,0.1,0.05,-0.28,1.07,"{'total': 18.3, 'passing': 17.17, 'rushing': 8.5}",0.12,0.22,0.05,-0.07,0.17,0.43,"{'total': 22.6, 'passing': 220.5, 'rushing': 3.9}"
2026-09-24T13:53:40+00:00,2026,4,ppa,2026,ACC,North Carolina,0.12,0.14,0.15,-0.04,0.29,0.53,"{'total': 19.5, 'passing': 11.52, 'rushing': 11.8}",-0.03,0.02,0.06,-0.09,0.14,0.26,"{'total': -5.2, 'passing': 19.1, 'rushing': 5.2}"
2026-09-24T13:53:40+00:00,2026,4,ppa,2026,Mountain West,North Dakota State,0.17,0.36,0.08,0.06,0.21,0.27,"{'total': 38.2, 'passing': 31.3, 'rushing': 10.4}",-0.18,-0.05,-0.25,-0.16,-0.28,-0.07,"{'total': -36.3, 'passing': -39.9, 'rushing': -28}"
2026-09-24T13:53:40+00:00,2026,4,ppa,2026,Mountain West,Northern Illinois,-0.11,-0.01,-0.04,-0.06,-0.25,0.24,"{'total': -16, 'passing': -0.56, 'rushing': -2.3}",0.28,0.4,0.21,-0.12,0.27,1.16,"{'total': 46.4, 'passing': 358.7, 'rushing': 14.4}"
2026-09-24T13:53:40+00:00,2026,4,ppa,2026,American Athletic,North Texas,0.26,0.39,0.13,0.13,0.2,0.98,"{'total': 50.9, 'passing': 40.87, 'rushing': 10.7}",0.29,0.93,-0.04,0.15,0.37,0.64,"{'total': 50.9, 'passing': 603.4, 'rushing': -4.1}"
2026-09-24T13:53:40+00:00,2026,4,ppa,2026,Big Ten,Northwestern,0.37,0.66,0.19,0.41,0.14,0.63,"{'total': 41.3, 'passing': 29.58, 'rushing': 12.2}",0.02,-0.01,0.03,0.05,0.05,0.21,"{'total': 3.4, 'passing': -6.4, 'rushing': 2.2}"
2026-09-24T13:53:40+00:00,2026,4,ppa,2026,FBS Independents,Notre Dame,0.34,0.54,0.17,0.25,0.4,0.43,"{'total': 55.3, 'passing': 38.55, 'rushing': 14.1}",-0.22,-0.14,-0.26,-0.37,-0.22,-0.12,"{'total': -27.5, 'passing': -73.5, 'rushing': -18.6}"
2026-09-24T13:53:40+00:00,2026,4,ppa,2026,Mid-American,Ohio,0.2,0.08,0.26,0.01,0.17,0.62,"{'total': 36.2, 'passing': 7.28, 'rushing': 24.1}",0.39,0.59,0.27,-0.02,0.52,0.96,"{'total': 81.3, 'passing': 471.9, 'rushing': 34.8}"
2026-09-24T13:53:40+00:00,2026,4,ppa,2026,Big Ten,Ohio State,0.34,0.56,0.1,0.34,0.35,0.67,"{'total': 50.7, 'passing': 45.68, 'rushing': 6.6}",-0.14,-0.16,-0.13,-0.42,0.17,0.14,"{'total': -20.6, 'passing': -116.4, 'rushing': -8.5}"
2026-09-24T13:53:40+00:00,2026,4,ppa,2026,SEC,Oklahoma,0.02,0.28,-0.09,-0.03,0.15,0.11,"{'total': 2.8, 'passing': 21.09, 'rushing': -6.8}",-0.18,-0.19,-0.07,-0.38,0.03,-0.02,"{'total': -26.8, 'passing': -112.8, 'rushing': -5.9}"
2026-09-24T13:53:40+00:00,2026,4,ppa,2026,Big 12,Oklahoma State,0.03,0.15,-0.01,0.03,0.26,0.01,"{'total': 6.2, 'passing': 16.66, 'rushing': -1.2}",0.01,0.07,-0.06,-0.13,0.29,0.17,"{'total': 2.1, 'passing': 48.1, 'rushing': -3.8}"
2026-09-24T13:53:40+00:00,2026,4,ppa,2026,Sun Belt,Old Dominion,-0.06,-0.1,-0.02,-0.27,-0.07,0.56,"{'total': -9.5, 'passing': -5.02, 'rushing': -1.5}",-0.09,0.08,-0.2,-0.29,-0.02,0.42,"{'total': -16.7, 'passing': 61.1, 'rushing': -20.9}"
2026-09-24T13:53:40+00:00,2026,4,ppa,2026,SEC,Ole Miss,0.29,0.43,0.2,0.08,0.54,0.41,"{'total': 58.6, 'passing': 47.92, 'rushing': 16.2}",0.19,0.33,0.09,0.22,-0.1,0.53,"{'total': 34.8, 'passing': 261.8, 'rushing': 9.3}"
2026-09-24T13:53:40+00:00,2026,4,ppa,2026,Big Ten,Oregon,0.23,0.23,0.2,0.27,0.47,0.56,"{'total': 37.1, 'passing': 22.03, 'rushing': 13}",-0.03,-0.1,0.05,0.07,0.01,-0.27,"{'total': -5.4, 'passing': -88.6, 'rushing': 4.1}"
2026-09-24T13:53:40+00:00,2026,4,ppa,2026,Pac-12,Oregon State,0.21,0.34,-0.11,0.21,0.28,0.34,"{'total': 39.5, 'passing': 45.19, 'rushing': -5.7}",0.15,0.22,0.1,-0.1,0.22,0.65,"{'total': 29.4, 'passing': 197.5, 'rushing': 9.6}"
2026-09-24T13:53:40+00:00,2026,4,ppa,2026,Big Ten,Penn State,0.43,0.83,0.07,0.22,0.63,0.72,"{'total': 61.7, 'passing': 55.03, 'rushing': 5.3}",-0.08,-0.18,0.05,-0.19,-0.13,0.08,"{'total': -10.4, 'passing': -113.6, 'rushing': 2.6}"
2026-09-24T13:53:40+00:00,2026,4,ppa,2026,ACC,Pittsburgh,0.16,0.24,0.13,0.08,0.04,0.57,"{'total': 29.5, 'passing': 20.92, 'rushing': 12.5}",-0.1,-0.03,-0.11,-0.12,-0.13,0.36,"{'total': -16, 'passing': -26.6, 'rushing': -7.2}"
2026-09-24T13:53:40+00:00,2026,4,ppa,2026,Big Ten,Purdue,0.36,0.64,0.09,0.24,0.33,0.7,"{'total': 66.6, 'passing': 62.35, 'rushing': 7.7}",0.33,0.28,0.37,0.17,0.19,0.99,"{'total': 59.1, 'passing': 215.2, 'rushing': 36.2}"
2026-09-24T13:53:40+00:00,2026,4,ppa,2026,American Athletic,Rice,0.02,-0.1,0.09,0.12,-0.05,0.18,"{'total': 3, 'passing': -3.45, 'rushing': 11.4}",0.12,0.01,0.21,-0.05,0.44,0.48,"{'total': 16.1, 'passing': 6.1, 'rushing': 16.3}"
2026-09-24T13:53:40+00:00,2026,4,ppa,2026,Big Ten,Rutgers,0.02,0.24,-0.1,-0.36,0.24,0.34,"{'total': 3.2, 'passing': 23.21, 'rushing': -8.5}",0.22,0.43,0.14,0,0.33,0.53,"{'total': 43.1, 'passing': 364.2, 'rushing': 14.6}"
2026-09-24T13:53:40+00:00,2026,4,ppa,2026,Mid-American,Sacramento State,-0.1,0.02,-0.23,-0.23,0.01,0.1,"{'total': -20.5, 'passing': 2.77, 'rushing': -15.9}",0.08,0.37,-0.15,0.13,0.06,0.32,"{'total': 16.4, 'passing': 358.3, 'rushing': -14.1}"
2026-09-24T13:53:40+00:00,2026,4,ppa,2026,Conference USA,Sam Houston,0.17,0.38,-0.15,0.13,0.13,0.71,"{'total': 29.8, 'passing': 41.64, 'rushing': -8.7}",-0.01,-0.18,0.17,-0.2,0.1,0.02,"{'total': -1.2, 'passing': -142.3, 'rushing': 16}"
2026-09-24T13:53:40+00:00,2026,4,ppa,2026,Pac-12,San Diego State,-0.03,-0.16,0.1,-0.14,0.02,0.45,"{'total': -5.5, 'passing': -11.08, 'rushing': 10.3}",0.12,0.21,0.08,0.01,0.34,0.09,"{'total': 22.7, 'passing': 183.2, 'rushing': 8.4}"
2026-09-24T13:53:40+00:00,2026,4,ppa,2026,Mountain West,San José State,0.06,0.25,-0.06,-0.04,0.09,0.4,"{'total': 15.8, 'passing': 34.11, 'rushing': -7.3}",0.06,0.17,0.06,-0.07,0.13,0.37,"{'total': 17.6, 'passing': 250.3, 'rushing': 6.8}"
2026-09-24T13:53:40+00:00,2026,4,ppa,2026,ACC,SMU,0.29,0.67,0.07,0.19,0.15,0.79,"{'total': 52.1, 'passing': 59.86, 'rushing': 5.8}",0.1,0.14,0.1,0.2,0.09,0.11,"{'total': 17.1, 'passing': 97.4, 'rushing': 8.7}"
2026-09-24T13:53:40+00:00,2026,4,ppa,2026,Sun Belt,South Alabama,0.23,0.38,0.18,0.01,0.3,0.78,"{'total': 51.4, 'passing': 31.11, 'rushing': 24.6}",0.26,0.34,0.19,0.02,0.54,0.78,"{'total': 37.1, 'passing': 255, 'rushing': 12.2}"
2026-09-24T13:53:40+00:00,2026,4,ppa,2026,SEC,South Carolina,0.23,0.15,0.38,0.08,-0.01,0.73,"{'total': 41.4, 'passing': 12.97, 'rushing': 33.2}",0.09,0.39,-0.12,-0.22,0.18,0.57,"{'total': 12.9, 'passing': 309, 'rushing': -7.7}"
2026-09-24T13:53:40+00:00,2026,4,ppa,2026,Sun Belt,Southern Miss,0,-0.16,0.28,-0.15,0.2,0.04,"{'total': -0.1, 'passing': -13.45, 'rushing': 19.3}",0.16,0.32,0.23,-0.24,0.12,0.82,"{'total': 25.9, 'passing': 213.9, 'rushing': 20.2}"
2026-09-24T13:53:40+00:00,2026,4,ppa,2026,American Athletic,South Florida,0.3,0.37,0.3,0.18,0.29,0.62,"{'total': 49.4, 'passing': 29.04, 'rushing': 24}",0.06,0.31,-0.15,0.04,0.25,0.08,"{'total': 10.9, 'passing': 266.9, 'rushing': -15}"
2026-09-24T13:53:40+00:00,2026,4,ppa,2026,ACC,Stanford,0.18,0.18,0.14,0.17,0.02,0.46,"{'total': 26.8, 'passing': 15.98, 'rushing': 8.4}",0.32,0.47,0.18,-0.01,0.42,0.8,"{'total': 59.3, 'passing': 473.9, 'rushing': 14.6}"
2026-09-24T13:53:40+00:00,2026,4,ppa,2026,ACC,Syracuse,0.04,0.01,0.19,-0.1,0.19,0.22,"{'total': 7.8, 'passing': 1.54, 'rushing': 16.8}",-0.05,-0.22,0.13,-0.08,-0.09,0.22,"{'total': -7, 'passing': -159.9, 'rushing': 9.1}"
2026-09-24T13:53:40+00:00,2026,4,ppa,2026,Big 12,TCU,0.21,0.43,0.02,0.16,0.18,0.49,"{'total': 40.7, 'passing': 38.69, 'rushing': 2.3}",-0.08,0.03,-0.19,-0.24,0.26,0.06,"{'total': -12.4, 'passing': 23.4, 'rushing': -12.6}"
2026-09-24T13:53:40+00:00,2026,4,ppa,2026,American Athletic,Temple,0.21,0.16,0.24,0.02,0.26,0.45,"{'total': 36.2, 'passing': 9.51, 'rushing': 25.5}",0.2,0.29,0.1,0.05,0.27,0.76,"{'total': 38.7, 'passing': 304.3, 'rushing': 8.2}"
2026-09-24T13:53:40+00:00,2026,4,ppa,2026,SEC,Tennessee,0.35,0.37,0.41,0.24,0.5,0.7,"{'total': 60.5, 'passing': 23.23, 'rushing': 44.3}",-0.13,-0.28,0.11,-0.07,-0.32,0.58,"{'total': -18.5, 'passing': -224.1, 'rushing': 6.2}"
2026-09-24T13:53:40+00:00,2026,4,ppa,2026,SEC,Texas,0.15,0.28,0.05,-0.1,0.12,0.78,"{'total': 29.6, 'passing': 28.11, 'rushing': 5.1}",0.02,0.17,-0.12,-0.07,-0.04,0.55,"{'total': 3.5, 'passing': 128.8, 'rushing': -7.5}"
2026-09-24T13:53:40+00:00,2026,4,ppa,2026,SEC,Texas A&M,0.08,0.17,0.06,-0.05,0.15,0.47,"{'total': 16.3, 'passing': 17.5, 'rushing': 5.6}",-0.04,0.15,-0.22,-0.18,0.07,0.29,"{'total': -6, 'passing': 93.2, 'rushing': -15.8}"
2026-09-24T13:53:40+00:00,2026,4,ppa,2026,Pac-12,Texas State,0.27,0.56,0.19,0.11,0.48,0.52,"{'total': 52.6, 'passing': 38.82, 'rushing': 22.6}",0.28,0.46,0.08,0.11,0.11,0.88,"{'total': 59.9, 'passing': 580.2, 'rushing': 6.5}"
2026-09-24T13:53:40+00:00,2026,4,ppa,2026,Big 12,Texas Tech,0.23,0.46,0.19,-0.02,0.19,1.01,"{'total': 45.9, 'passing': 40.75, 'rushing': 19}",0.12,0.18,0.05,-0.03,0.24,0.34,"{'total': 23.6, 'passing': 211.9, 'rushing': 3.8}"
2026-09-24T13:53:40+00:00,2026,4,ppa,2026,Mid-American,Toledo,0.3,0.37,0.21,0.16,0.77,0.52,"{'total': 44.7, 'passing': 33.66, 'rushing': 12.1}",0.03,0.28,0,-0.11,0.1,0.31,"{'total': 6.5, 'passing': 223, 'rushing': -0.4}"
2026-09-24T13:53:40+00:00,2026,4,ppa,2026,Sun Belt,Troy,0.09,0.19,0.06,0,0.2,0.31,"{'total': 19, 'passing': 16.68, 'rushing': 7.4}",0,0.06,-0.11,0.04,-0.2,0.45,"{'total': -0.5, 'passing': 60.6, 'rushing': -9}"
2026-09-24T13:53:40+00:00,2026,4,ppa,2026,American Athletic,Tulane,0.09,0.03,0.13,-0.12,0.14,0.58,"{'total': 14.8, 'passing': 2.84, 'rushing': 10.4}",0.15,0.24,0.14,0.1,-0.01,0.79,"{'total': 33.3, 'passing': 207.6, 'rushing': 17.9}"
2026-09-24T13:53:40+00:00,2026,4,ppa,2026,American Athletic,Tulsa,0.14,-0.02,0.3,-0.04,0.19,0.1,"{'total': 27.3, 'passing': -2.01, 'rushing': 30.3}",-0.11,0.06,-0.2,-0.2,0.24,0.23,"{'total': -21.9, 'passing': 68.3, 'rushing': -17.5}"
2026-09-24T13:53:40+00:00,2026,4,ppa,2026,American Athletic,UAB,0,-0.14,0.16,-0.13,0.13,0.6,"{'total': -0.2, 'passing': -10.63, 'rushing': 18.3}",0.07,0.06,0.09,0.12,0.08,0.28,"{'total': 13, 'passing': 38.7, 'rushing': 10.7}"
2026-09-24T13:53:40+00:00,2026,4,ppa,2026,Big 12,UCF,0.06,-0.15,0.3,0.23,-0.15,0.37,"{'total': 9.1, 'passing': -9.93, 'rushing': 22.1}",-0.05,0.09,-0.11,-0.35,0.11,0.2,"{'total': -10, 'passing': 88.2, 'rushing': -10.8}"
2026-09-24T13:53:40+00:00,2026,4,ppa,2026,Big Ten,UCLA,0.36,0.13,0.52,0.32,0.28,0.7,"{'total': 71.4, 'passing': 10.4, 'rushing': 61.5}",0.02,0.16,-0.07,0.05,-0.21,0.45,"{'total': 4, 'passing': 151.9, 'rushing': -6.5}"
2026-09-24T13:53:40+00:00,2026,4,ppa,2026,FBS Independents,UConn,0.25,0.45,0.16,-0.1,0.36,0.82,"{'total': 38.2, 'passing': 29.79, 'rushing': 13.3}",-0.04,-0.06,0.02,-0.13,-0.06,0.31,"{'total': -6.2, 'passing': -59.2, 'rushing': 1.1}"
2026-09-24T13:53:40+00:00,2026,4,ppa,2026,Sun Belt,UL Monroe,-0.15,-0.33,0.14,-0.14,-0.1,0.29,"{'total': -27, 'passing': -27.74, 'rushing': 12.5}",0.25,0.28,0.29,0.11,0.27,0.72,"{'total': 44.5, 'passing': 209.7, 'rushing': 27.3}"
2026-09-24T13:53:40+00:00,2026,4,ppa,2026,Mountain West,UNLV,-0.03,0.01,0.01,0.1,-0.02,0.28,"{'total': -6.1, 'passing': 0.55, 'rushing': 1.2}",0.16,0.21,0.17,0.12,0.04,0.45,"{'total': 28.9, 'passing': 196.1, 'rushing': 14.8}"
2026-09-24T13:53:40+00:00,2026,4,ppa,2026,Big Ten,USC,0.36,0.7,0.07,0.18,0.4,1.02,"{'total': 84.9, 'passing': 77.76, 'rushing': 8.5}",0.08,0.36,0.02,-0.15,0.35,0.17,"{'total': 14.7, 'passing': 299.7, 'rushing': 1.4}"
2026-09-24T13:53:40+00:00,2026,4,ppa,2026,Big 12,Utah,0.45,0.55,0.37,0.26,0.43,1.25,"{'total': 61.1, 'passing': 38.98, 'rushing': 23.2}",-0.01,-0.14,0.1,-0.29,0.09,0.26,"{'total': -1.6, 'passing': -96.4, 'rushing': 4.1}"
2026-09-24T13:53:40+00:00,2026,4,ppa,2026,Pac-12,Utah State,-0.11,-0.07,-0.14,-0.22,-0.25,0.65,"{'total': -20.8, 'passing': -6.54, 'rushing': -11.5}",0.11,0.18,0.06,0,-0.07,0.82,"{'total': 21.9, 'passing': 194.8, 'rushing': 4.5}"
2026-09-24T13:53:40+00:00,2026,4,ppa,2026,Mountain West,UTEP,-0.1,0.3,-0.23,-0.23,-0.05,0.16,"{'total': -10.1, 'passing': 12.99, 'rushing': -13.5}",0.29,0.73,0.12,0,0.37,0.67,"{'total': 38.5, 'passing': 379.3, 'rushing': 9.2}"
2026-09-24T13:53:40+00:00,2026,4,ppa,2026,American Athletic,UTSA,0.16,0.13,0.18,0.22,0.13,-0.03,"{'total': 25.5, 'passing': 11.82, 'rushing': 12.4}",-0.02,-0.04,0.08,-0.02,0.13,0.29,"{'total': -5, 'passing': -42.8, 'rushing': 9}"
2026-09-24T13:53:40+00:00,2026,4,ppa,2026,SEC,Vanderbilt,0.18,0.32,0.19,0.08,0.19,0.55,"{'total': 33.8, 'passing': 28.79, 'rushing': 18.5}",-0.06,0.01,-0.04,-0.39,0.23,0.37,"{'total': -11, 'passing': 14.6, 'rushing': -3.5}"
2026-09-24T13:53:40+00:00,2026,4,ppa,2026,ACC,Virginia,0.29,0.4,0.31,0.17,0.33,0.07,"{'total': 51, 'passing': 25.32, 'rushing': 31.8}",0,0.1,0.02,-0.05,-0.17,0.45,"{'total': -0.6, 'passing': 66.2, 'rushing': 1.8}"
2026-09-24T13:53:40+00:00,2026,4,ppa,2026,ACC,Virginia Tech,0.43,0.57,0.29,0.1,0.39,0.91,"{'total': 73.9, 'passing': 52.74, 'rushing': 21.8}",0.08,0.33,-0.16,-0.06,0.08,0.6,"{'total': 9, 'passing': 213.8, 'rushing': -7.9}"
2026-09-24T13:53:40+00:00,2026,4,ppa,2026,ACC,Wake Forest,0.3,0.36,0.2,0.15,0.43,0.54,"{'total': 53.6, 'passing': 37.14, 'rushing': 14.5}",0.16,0.32,0.01,-0.05,0.45,0.37,"{'total': 30.6, 'passing': 322.3, 'rushing': 0.9}"
2026-09-24T13:53:40+00:00,2026,4,ppa,2026,Big Ten,Washington,0.16,0.29,0.05,0.36,-0.04,0.55,"{'total': 32.2, 'passing': 31.88, 'rushing': 4.1}",-0.19,-0.12,-0.2,-0.07,-0.35,0.06,"{'total': -34.2, 'passing': -96.9, 'rushing': -18.8}"
2026-09-24T13:53:40+00:00,2026,4,ppa,2026,Pac-12,Washington State,0.01,-0.03,0.11,0.17,-0.03,-0.15,"{'total': 2, 'passing': -1.9, 'rushing': 8.6}",0.08,0.04,0.18,0.06,0.02,0.75,"{'total': 13.3, 'passing': 33.2, 'rushing': 14.8}"
2026-09-24T13:53:40+00:00,2026,4,ppa,2026,Conference USA,Western Kentucky,-0.19,-0.08,-0.33,-0.14,-0.14,-0.03,"{'total': -28.5, 'passing': -5.86, 'rushing': -22.3}",0.6,0.73,0.43,0.56,0.43,1.07,"{'total': 72, 'passing': 402.5, 'rushing': 26.9}"
2026-09-24T13:53:40+00:00,2026,4,ppa,2026,Mid-American,Western Michigan,0.15,0.13,0.14,0.05,0.05,0.62,"{'total': 25.5, 'passing': 8.22, 'rushing': 15.2}",0.01,-0.02,0.02,0.03,-0.08,0.34,"{'total': 1.6, 'passing': -18.3, 'rushing': 1.9}"
2026-09-24T13:53:40+00:00,2026,4,ppa,2026,Big 12,West Virginia,0.31,0.86,0.15,0.12,0.17,0.82,"{'total': 54.2, 'passing': 34.57, 'rushing': 20.1}",0.09,0.23,-0.06,-0.03,0.05,0.34,"{'total': 16.2, 'passing': 218, 'rushing': -5.3}"
2026-09-24T13:53:40+00:00,2026,4,ppa,2026,Big Ten,Wisconsin,0.19,0.29,0.14,0.28,-0.04,0.52,"{'total': 28.3, 'passing': 20.92, 'rushing': 10.5}",0.05,0.16,0.1,0.05,0.01,0.25,"{'total': 9.2, 'passing': 121.6, 'rushing': 8.3}"
2026-09-24T13:53:40+00:00,2026,4,ppa,2026,Mountain West,Wyoming,0.04,0.05,0.08,0,0.13,0.25,"{'total': 7.2, 'passing': 3.36, 'rushing': 7.8}",0.14,0.32,0.13,0.03,0.04,0.48,"{'total': 27.5, 'passing': 211.8, 'rushing': 15.8}"
2026-09-28T13:46:48+00:00,2026,5,ppa,2026,Mountain West,Air Force,0.29,0.37,0.31,0.16,-0.06,0.65,"{'total': 57.8, 'passing': 12.27, 'rushing': 49.2}",0.03,-0.05,0.17,0.07,-0.21,0.15,"{'total': 5.2, 'passing': -34.7, 'rushing': 13.8}"
2026-09-28T13:46:48+00:00,2026,5,ppa,2026,Mid-American,Akron,-0.04,-0.02,0.04,-0.03,0.08,0.01,"{'total': -8.4, 'passing': -2.22, 'rushing': 3.8}",0.24,0.53,-0.06,-0.02,0.17,0.71,"{'total': 49.5, 'passing': 618.5, 'rushing': -5.1}"
2026-09-28T13:46:48+00:00,2026,5,ppa,2026,SEC,Alabama,0.36,0.47,0.3,0.24,0.32,0.61,"{'total': 84.9, 'passing': 51.08, 'rushing': 36.2}",-0.05,0,-0.1,-0.16,0.07,0.18,"{'total': -11.5, 'passing': 4.2, 'rushing': -10.4}"
2026-09-28T13:46:48+00:00,2026,5,ppa,2026,Sun Belt,App State,0.18,0.48,-0.06,-0.02,0.42,0.4,"{'total': 46, 'passing': 62.75, 'rushing': -7.6}",0.1,0.07,0.14,0.06,0.08,0.32,"{'total': 23.3, 'passing': 82.5, 'rushing': 15.9}"
2026-09-28T13:46:48+00:00,2026,5,ppa,2026,Big 12,Arizona,0.25,0.34,0.15,-0.01,0.4,0.66,"{'total': 60.1, 'passing': 45.73, 'rushing': 15}",0.02,0.07,0.04,-0.24,0.26,0.45,"{'total': 3.5, 'passing': 94.4, 'rushing': 3.2}"
2026-09-28T13:46:48+00:00,2026,5,ppa,2026,Big 12,Arizona State,0.04,0.22,-0.04,-0.13,0.28,0.39,"{'total': 6.5, 'passing': 17.74, 'rushing': -3.6}",0.03,0.11,-0.04,0.12,-0.03,0.49,"{'total': 5.4, 'passing': 87, 'rushing': -3.1}"
2026-09-28T13:46:48+00:00,2026,5,ppa,2026,SEC,Arkansas,0.04,0.18,-0.06,-0.13,0.02,0.61,"{'total': 10.8, 'passing': 23.51, 'rushing': -6.2}",0.19,0.18,0.23,-0.02,0.27,0.41,"{'total': 33.9, 'passing': 154.1, 'rushing': 20.7}"
2026-09-28T13:46:48+00:00,2026,5,ppa,2026,Sun Belt,Arkansas State,0.1,0.12,0.14,0.12,-0.02,0.46,"{'total': 20.9, 'passing': 13.13, 'rushing': 15.3}",0.17,0.46,0.04,0.14,-0.04,0.68,"{'total': 41, 'passing': 452.3, 'rushing': 4.9}"
2026-09-28T13:46:48+00:00,2026,5,ppa,2026,American Athletic,Army,0.33,0.35,0.37,0.07,0.44,0.59,"{'total': 57.3, 'passing': 9.16, 'rushing': 51.4}",0.24,0.27,0.22,0.19,0.36,0.39,"{'total': 33.4, 'passing': 178.1, 'rushing': 16.3}"
2026-09-28T13:46:48+00:00,2026,5,ppa,2026,SEC,Auburn,0.12,0.13,0.17,-0.09,0.03,0.52,"{'total': 31.1, 'passing': 18.05, 'rushing': 21}",0.01,0.16,-0.02,-0.13,-0.02,0.19,"{'total': 2.3, 'passing': 236.5, 'rushing': -2.8}"
2026-09-28T13:46:48+00:00,2026,5,ppa,2026,Mid-American,Ball State,0.07,0.14,0.08,-0.16,0.16,0.23,"{'total': 14.2, 'passing': 14.27, 'rushing': 7.3}",0.29,0.42,0.2,0.07,0.22,0.79,"{'total': 65, 'passing': 445.5, 'rushing': 21.9}"
2026-09-28T13:46:48+00:00,2026,5,ppa,2026,Big 12,Baylor,0.08,0.2,0,-0.03,0.14,0.31,"{'total': 22.8, 'passing': 29.24, 'rushing': 0.5}",-0.1,0.01,-0.24,-0.2,-0.12,0.46,"{'total': -26.1, 'passing': 9.3, 'rushing': -28.4}"
2026-09-28T13:46:48+00:00,2026,5,ppa,2026,Pac-12,Boise State,0.3,0.32,0.28,0.27,0.27,0.63,"{'total': 84.4, 'passing': 35.73, 'rushing': 43.3}",0.04,0.16,0.01,0.15,0.5,-0.04,"{'total': 8.1, 'passing': 190.7, 'rushing': 0.7}"
2026-09-28T13:46:48+00:00,2026,5,ppa,2026,ACC,Boston College,-0.05,0.03,-0.01,-0.07,0.08,0.12,"{'total': -11.7, 'passing': 3.7, 'rushing': -0.8}",0,0.16,0.01,-0.1,0.32,-0.03,"{'total': 0.5, 'passing': 180.1, 'rushing': 1.1}"
2026-09-28T13:46:48+00:00,2026,5,ppa,2026,Mid-American,Bowling Green,-0.17,0.09,-0.41,-0.26,-0.06,0.14,"{'total': -30.9, 'passing': 7.37, 'rushing': -38.3}",0.2,0.22,0.25,0.41,0.18,0.11,"{'total': 38.6, 'passing': 164.2, 'rushing': 28.3}"
2026-09-28T13:46:48+00:00,2026,5,ppa,2026,Mid-American,Buffalo,-0.01,0.04,-0.03,-0.17,0.03,0.25,"{'total': -2, 'passing': 4.95, 'rushing': -4.6}",0.11,0.25,0,-0.04,0.22,0.53,"{'total': 27.9, 'passing': 326.5, 'rushing': -0.1}"
2026-09-28T13:46:48+00:00,2026,5,ppa,2026,Big 12,BYU,0.55,0.6,0.5,0.4,0.58,0.92,"{'total': 78.7, 'passing': 36.57, 'rushing': 39.3}",-0.08,0,-0.01,-0.38,0.17,0.25,"{'total': -9.8, 'passing': -2.9, 'rushing': -0.7}"
2026-09-28T13:46:48+00:00,2026,5,ppa,2026,ACC,California,-0.01,0.12,-0.07,-0.06,0.14,0.33,"{'total': -2.6, 'passing': 16.75, 'rushing': -7.6}",0.05,-0.05,0.26,-0.11,0.06,0.18,"{'total': 11, 'passing': -60.8, 'rushing': 29}"
2026-09-28T13:46:48+00:00,2026,5,ppa,2026,Mid-American,Central Michigan,0,-0.36,0.2,-0.27,-0.05,0.09,"{'total': -0.2, 'passing': -19.21, 'rushing': 24.5}",0.2,0.16,0.18,0.09,0.13,0.46,"{'total': 44.4, 'passing': 168.4, 'rushing': 19.3}"
2026-09-28T13:46:48+00:00,2026,5,ppa,2026,American Athletic,Charlotte,-0.13,0,-0.2,-0.13,-0.11,0.15,"{'total': -27.4, 'passing': -0.02, 'rushing': -18.2}",0.15,0.35,0.03,-0.17,0.54,0.14,"{'total': 38.6, 'passing': 396.7, 'rushing': 4.9}"
2026-09-28T13:46:48+00:00,2026,5,ppa,2026,Big 12,Cincinnati,0.36,0.44,0.31,0.19,0.36,0.74,"{'total': 87.2, 'passing': 43.46, 'rushing': 43.4}",0.13,0.22,0.13,-0.04,0.19,0.63,"{'total': 32.1, 'passing': 310.2, 'rushing': 14}"
2026-09-28T13:46:48+00:00,2026,5,ppa,2026,ACC,Clemson,-0.04,0,0.09,-0.13,0.1,-0.05,"{'total': -8.8, 'passing': -0.4, 'rushing': 11.1}",-0.04,-0.14,0.21,-0.18,0.25,0.33,"{'total': -11.5, 'passing': -197.8, 'rushing': 23.1}"
2026-09-28T13:46:48+00:00,2026,5,ppa,2026,Sun Belt,Coastal Carolina,0.16,0.24,0.09,-0.02,0.27,0.62,"{'total': 38.7, 'passing': 31.79, 'rushing': 10.2}",0.12,0.45,0,0.07,0.15,0.19,"{'total': 29.7, 'passing': 403.6, 'rushing': -0.3}"
2026-09-28T13:46:48+00:00,2026,5,ppa,2026,Big 12,Colorado,0.08,0.18,-0.04,-0.02,0.2,0.51,"{'total': 21.1, 'passing': 22.28, 'rushing': -4.9}",0.04,0.3,-0.15,-0.11,0.1,0.4,"{'total': 8.3, 'passing': 351.2, 'rushing': -16.8}"
2026-09-28T13:46:48+00:00,2026,5,ppa,2026,Pac-12,Colorado State,0.32,0.39,0.31,-0.07,0.34,0.78,"{'total': 77.6, 'passing': 53.23, 'rushing': 31.7}",0.22,0.4,0.25,0.1,0.38,0.38,"{'total': 47.1, 'passing': 323, 'rushing': 31.6}"
2026-09-28T13:46:48+00:00,2026,5,ppa,2026,Conference USA,Delaware,0.11,0.26,0.02,0.03,0.18,0.3,"{'total': 23.3, 'passing': 29.83, 'rushing': 2.2}",0.11,0.33,0,-0.18,0.4,0.47,"{'total': 24.3, 'passing': 378.4, 'rushing': -0.3}"
2026-09-28T13:46:48+00:00,2026,5,ppa,2026,ACC,Duke,0.27,0.37,0.22,0.15,0.42,0.6,"{'total': 64.7, 'passing': 35.15, 'rushing': 31.5}",-0.02,0.11,-0.2,0.05,-0.01,0.19,"{'total': -3.5, 'passing': 118.4, 'rushing': -17}"
2026-09-28T13:46:48+00:00,2026,5,ppa,2026,American Athletic,East Carolina,0.14,0.26,0.01,0.12,0.18,0.31,"{'total': 26.8, 'passing': 24.61, 'rushing': 1}",0.02,0.03,0.06,-0.24,0.2,0.28,"{'total': 3.8, 'passing': 25.5, 'rushing': 7.4}"
2026-09-28T13:46:48+00:00,2026,5,ppa,2026,Mid-American,Eastern Michigan,0.02,0.09,0.03,0,-0.18,0.41,"{'total': 6.1, 'passing': 14.58, 'rushing': 4.1}",0.1,0.19,0.05,0.04,-0.07,0.62,"{'total': 29, 'passing': 290.6, 'rushing': 7.3}"
2026-09-28T13:46:48+00:00,2026,5,ppa,2026,SEC,Florida,0.43,0.54,0.38,0.11,0.68,0.6,"{'total': 95.5, 'passing': 43.37, 'rushing': 52.5}",0.01,0.13,0.04,-0.03,0.02,0.53,"{'total': 2.6, 'passing': 176, 'rushing': 3.5}"
2026-09-28T13:46:48+00:00,2026,5,ppa,2026,American Athletic,Florida Atlantic,0.17,0.23,0.12,-0.02,0.26,0.63,"{'total': 46, 'passing': 32.8, 'rushing': 13.6}",0.16,0.17,0.2,0.07,0.07,0.45,"{'total': 34.3, 'passing': 176.3, 'rushing': 20.1}"
2026-09-28T13:46:48+00:00,2026,5,ppa,2026,Conference USA,Florida International,0.01,0.12,-0.08,-0.12,0.01,0.5,"{'total': 2.7, 'passing': 18.81, 'rushing': -10.5}",0,0.05,-0.06,-0.03,-0.14,0.22,"{'total': -0.9, 'passing': 59.3, 'rushing': -6.9}"
2026-09-28T13:46:48+00:00,2026,5,ppa,2026,ACC,Florida State,0.26,0.38,0.24,-0.03,0.34,0.76,"{'total': 63.6, 'passing': 38.8, 'rushing': 32.4}",0.26,0.4,0.15,0.22,-0.13,1.04,"{'total': 66.1, 'passing': 513.9, 'rushing': 17.5}"
2026-09-28T13:46:48+00:00,2026,5,ppa,2026,Pac-12,Fresno State,0.1,0.43,-0.04,-0.03,0.29,0.27,"{'total': 21.5, 'passing': 40.1, 'rushing': -4.4}",0.02,0.11,0,0.03,0.05,0.16,"{'total': 3.6, 'passing': 103.9, 'rushing': 0.2}"
2026-09-28T13:46:48+00:00,2026,5,ppa,2026,SEC,Georgia,0.41,0.5,0.37,0.32,0.38,0.82,"{'total': 61.4, 'passing': 35.69, 'rushing': 27.2}",-0.22,0.06,-0.69,-0.16,-0.13,-0.3,"{'total': -34.3, 'passing': 54.9, 'rushing': -40.7}"
2026-09-28T13:46:48+00:00,2026,5,ppa,2026,Sun Belt,Georgia Southern,0.11,0.21,0.03,-0.05,0.19,0.57,"{'total': 29.9, 'passing': 33.56, 'rushing': 3.3}",0.14,0.33,0.04,0.06,0.05,0.23,"{'total': 30.4, 'passing': 314.4, 'rushing': 5.1}"
2026-09-28T13:46:48+00:00,2026,5,ppa,2026,Sun Belt,Georgia State,0.25,0.41,0.16,-0.04,0.37,0.71,"{'total': 64.9, 'passing': 47.07, 'rushing': 22.7}",0.02,-0.04,0.19,0.04,0.05,0.19,"{'total': 5.4, 'passing': -46.6, 'rushing': 18.1}"
2026-09-28T13:46:48+00:00,2026,5,ppa,2026,ACC,Georgia Tech,0.16,0.2,0.15,0.15,0.12,0.45,"{'total': 38.9, 'passing': 25.07, 'rushing': 16}",0.19,0.41,0.1,0.04,0.06,0.71,"{'total': 51.7, 'passing': 408.2, 'rushing': 15.9}"
2026-09-28T13:46:48+00:00,2026,5,ppa,2026,Mountain West,Hawai'i,0.04,0.12,-0.01,-0.07,-0.01,0.33,"{'total': 12.4, 'passing': 22.62, 'rushing': -0.8}",0.21,0.13,0.25,0.23,-0.06,0.89,"{'total': 57, 'passing': 149.1, 'rushing': 36.2}"
2026-09-28T13:46:48+00:00,2026,5,ppa,2026,Big 12,Houston,0.38,0.59,0.21,0.18,0.33,1.08,"{'total': 93.1, 'passing': 63.86, 'rushing': 27.9}",0.1,0.27,-0.06,-0.02,0.17,0.5,"{'total': 22.9, 'passing': 367.5, 'rushing': -5.2}"
2026-09-28T13:46:48+00:00,2026,5,ppa,2026,Big Ten,Illinois,0.29,0.36,0.23,0.16,0.47,0.41,"{'total': 65.7, 'passing': 42.33, 'rushing': 23.3}",0.26,0.38,0.17,0.12,0.31,0.51,"{'total': 64.5, 'passing': 447.5, 'rushing': 20.6}"
2026-09-28T13:46:48+00:00,2026,5,ppa,2026,Big Ten,Indiana,0.44,0.75,0.22,0.41,0.14,1.06,"{'total': 88.1, 'passing': 60.54, 'rushing': 25.1}",-0.04,0.1,-0.14,-0.07,0.03,0.25,"{'total': -8, 'passing': 100.1, 'rushing': -11.5}"
2026-09-28T13:46:48+00:00,2026,5,ppa,2026,Big Ten,Iowa,0.24,0.31,0.21,0.28,0.1,0.52,"{'total': 49, 'passing': 35.84, 'rushing': 18.6}",-0.04,0.22,-0.2,-0.16,0.11,0.14,"{'total': -7.2, 'passing': 168.3, 'rushing': -18.2}"
2026-09-28T13:46:48+00:00,2026,5,ppa,2026,Big 12,Iowa State,0.12,0.18,0.12,-0.01,0.28,0.37,"{'total': 25.5, 'passing': 16.02, 'rushing': 14.5}",-0.01,0.11,-0.06,0,-0.03,0.18,"{'total': -1.3, 'passing': 102.3, 'rushing': -5.9}"
2026-09-28T13:46:48+00:00,2026,5,ppa,2026,Conference USA,Jacksonville State,0.21,0.39,0.11,0.05,0.03,0.74,"{'total': 55.9, 'passing': 46.3, 'rushing': 15.6}",0.08,0.05,0.16,-0.08,0.09,0.36,"{'total': 21.6, 'passing': 60.4, 'rushing': 24.9}"
2026-09-28T13:46:48+00:00,2026,5,ppa,2026,Sun Belt,James Madison,0.21,0.27,0.17,-0.05,0.37,0.38,"{'total': 49.4, 'passing': 28.47, 'rushing': 21.6}",-0.16,-0.12,-0.13,-0.3,0.1,0.38,"{'total': -40.3, 'passing': -147, 'rushing': -14.3}"
2026-09-28T13:46:48+00:00,2026,5,ppa,2026,Big 12,Kansas,0.14,0.17,0.05,0.02,0.27,0.65,"{'total': 25, 'passing': 14.25, 'rushing': 4.5}",-0.06,0.25,-0.12,-0.04,-0.05,0.26,"{'total': -10.9, 'passing': 172.8, 'rushing': -11.5}"
2026-09-28T13:46:48+00:00,2026,5,ppa,2026,Big 12,Kansas State,0.27,0.27,0.28,-0.04,0.31,0.92,"{'total': 66.9, 'passing': 33.37, 'rushing': 33.3}",0.01,-0.08,0.16,-0.06,0.04,0.35,"{'total': 2.1, 'passing': -61, 'rushing': 15.4}"
2026-09-28T13:46:48+00:00,2026,5,ppa,2026,Conference USA,Kennesaw State,0.11,0.1,0.19,0.16,0.11,0.37,"{'total': 22.6, 'passing': 9.56, 'rushing': 19.4}",0.21,0.36,0.11,0.14,0.25,0.34,"{'total': 44.7, 'passing': 323.1, 'rushing': 13.5}"
2026-09-28T13:46:48+00:00,2026,5,ppa,2026,Mid-American,Kent State,0.05,0.19,-0.02,-0.11,-0.04,0.59,"{'total': 10.5, 'passing': 16.56, 'rushing': -2.2}",0.12,0.18,0.12,0.23,0.05,0.1,"{'total': 22, 'passing': 176.3, 'rushing': 9.4}"
2026-09-28T13:46:48+00:00,2026,5,ppa,2026,SEC,Kentucky,0.22,0.2,0.24,0.27,0.54,-0.17,"{'total': 51.2, 'passing': 20.26, 'rushing': 28.5}",0.05,0.02,0.15,-0.15,0.26,0.35,"{'total': 11.8, 'passing': 21, 'rushing': 17.1}"
2026-09-28T13:46:48+00:00,2026,5,ppa,2026,Conference USA,Liberty,0.12,0.35,0,0.01,0.24,0.51,"{'total': 30.1, 'passing': 34.34, 'rushing': 0.4}",0.01,0.06,0.09,-0.34,0.15,0.64,"{'total': 3.2, 'passing': 60.9, 'rushing': 10.1}"
2026-09-28T13:46:48+00:00,2026,5,ppa,2026,Sun Belt,Louisiana,0.09,0.17,0.15,-0.02,0.35,0.08,"{'total': 22, 'passing': 15.52, 'rushing': 21.9}",-0.13,0.18,-0.3,-0.34,0.23,0.27,"{'total': -29.3, 'passing': 194.5, 'rushing': -30.7}"
2026-09-28T13:46:48+00:00,2026,5,ppa,2026,Sun Belt,Louisiana Tech,0.03,0.16,-0.07,0.07,-0.07,0.47,"{'total': 4.8, 'passing': 11.79, 'rushing': -4.6}",0.04,0.12,0.02,-0.1,0.16,0.22,"{'total': 7.2, 'passing': 88.3, 'rushing': 2.1}"
2026-09-28T13:46:48+00:00,2026,5,ppa,2026,ACC,Louisville,0.33,0.46,0.19,0.25,0.37,0.66,"{'total': 83.5, 'passing': 53.53, 'rushing': 25.6}",0.12,0.38,0.01,0.05,0.29,0.09,"{'total': 33.2, 'passing': 467.7, 'rushing': 1.1}"
2026-09-28T13:46:48+00:00,2026,5,ppa,2026,SEC,LSU,0.23,0.32,0.19,0.07,0.12,0.55,"{'total': 56.6, 'passing': 35.49, 'rushing': 24.6}",-0.12,-0.07,-0.21,-0.15,-0.22,0.18,"{'total': -23.3, 'passing': -77.3, 'rushing': -15.2}"
2026-09-28T13:46:48+00:00,2026,5,ppa,2026,Sun Belt,Marshall,0.17,0.4,0,-0.03,0.22,0.47,"{'total': 41.3, 'passing': 45.49, 'rushing': -0.1}",0.36,0.57,0.08,0.23,0.23,0.97,"{'total': 83.3, 'passing': 752.9, 'rushing': 7.6}"
2026-09-28T13:46:48+00:00,2026,5,ppa,2026,Big Ten,Maryland,0.14,0.18,0.06,0.24,-0.07,0.33,"{'total': 30.8, 'passing': 25.46, 'rushing': 4.7}",0.06,0.22,-0.04,-0.18,0.24,0.23,"{'total': 12.3, 'passing': 205.5, 'rushing': -3.6}"
2026-09-28T13:46:48+00:00,2026,5,ppa,2026,Mid-American,Massachusetts,0.3,0.35,0.31,0.11,0.32,0.55,"{'total': 58.4, 'passing': 26.34, 'rushing': 35.8}",-0.22,0.03,-0.38,-0.39,-0.02,-0.01,"{'total': -40.3, 'passing': 26, 'rushing': -31.5}"
2026-09-28T13:46:48+00:00,2026,5,ppa,2026,American Athletic,Memphis,0.29,0.61,0.18,0.25,0.4,0.67,"{'total': 72.7, 'passing': 63.2, 'rushing': 26}",0.17,0.09,0.3,0.14,0.13,0.5,"{'total': 44.9, 'passing': 118.9, 'rushing': 37.9}"
2026-09-28T13:46:48+00:00,2026,5,ppa,2026,ACC,Miami,0.56,0.82,0.29,0.5,0.56,0.9,"{'total': 101.5, 'passing': 77.39, 'rushing': 23.8}",0,0.06,-0.11,-0.04,0.16,0.04,"{'total': -0.7, 'passing': 62.3, 'rushing': -4.9}"
2026-09-28T13:46:48+00:00,2026,5,ppa,2026,Mid-American,Miami (OH),0.29,0.68,-0.01,0.35,-0.1,0.82,"{'total': 54.5, 'passing': 68.32, 'rushing': -1.2}",0.16,0.31,0.13,-0.01,0.19,0.68,"{'total': 35.4, 'passing': 388.5, 'rushing': 11.5}"
2026-09-28T13:46:48+00:00,2026,5,ppa,2026,Big Ten,Michigan,0.16,0.41,0.04,-0.09,0.34,0.4,"{'total': 38, 'passing': 39.88, 'rushing': 5.4}",-0.07,-0.03,-0.13,-0.09,-0.19,0.26,"{'total': -16, 'passing': -32.7, 'rushing': -14.4}"
2026-09-28T13:46:48+00:00,2026,5,ppa,2026,Big Ten,Michigan State,0.01,0.14,-0.04,-0.07,0,0.2,"{'total': 3.6, 'passing': 16.45, 'rushing': -4.8}",0.16,0.23,0.06,0.05,0.39,0.27,"{'total': 36.2, 'passing': 229.4, 'rushing': 7.3}"
2026-09-28T13:46:48+00:00,2026,5,ppa,2026,Conference USA,Middle Tennessee,0.2,0.24,0.16,0.1,0.18,0.44,"{'total': 48.8, 'passing': 32.31, 'rushing': 17.3}",0.09,0.17,0.05,-0.24,0.26,0.59,"{'total': 21.1, 'passing': 154.8, 'rushing': 6.3}"
2026-09-28T13:46:48+00:00,2026,5,ppa,2026,Big Ten,Minnesota,0.1,0.27,-0.07,0.24,-0.39,0.46,"{'total': 21.5, 'passing': 32.91, 'rushing': -5.7}",0.05,0.17,0.13,-0.18,0.4,0.25,"{'total': 9, 'passing': 169.4, 'rushing': 10.9}"
2026-09-28T13:46:48+00:00,2026,5,ppa,2026,SEC,Mississippi State,0.37,0.51,0.33,0.14,0.5,0.84,"{'total': 91.1, 'passing': 61.4, 'rushing': 38.9}",0.01,0.06,0,-0.04,-0.12,0.33,"{'total': 3.2, 'passing': 82.8, 'rushing': -0.4}"
2026-09-28T13:46:48+00:00,2026,5,ppa,2026,SEC,Missouri,0.2,0.48,-0.01,0.19,0.11,0.66,"{'total': 50.5, 'passing': 54.91, 'rushing': -1.4}",-0.04,0.05,-0.04,-0.27,0.08,0.52,"{'total': -8.9, 'passing': 64.3, 'rushing': -5.2}"
2026-09-28T13:46:48+00:00,2026,5,ppa,2026,Conference USA,Missouri State,0.12,0.2,0.07,0.15,0.13,0.33,"{'total': 22.4, 'passing': 19.99, 'rushing': 6.3}",0.22,0.41,0.08,0.13,0.09,0.57,"{'total': 54.9, 'passing': 430, 'rushing': 10.5}"
2026-09-28T13:46:48+00:00,2026,5,ppa,2026,American Athletic,Navy,0.2,-0.27,0.35,-0.05,0.33,0.54,"{'total': 37.6, 'passing': -12.02, 'rushing': 49.7}",0.19,0.49,-0.01,-0.23,0.59,0.67,"{'total': 31.9, 'passing': 377.4, 'rushing': -1}"
2026-09-28T13:46:48+00:00,2026,5,ppa,2026,ACC,NC State,0.2,0.35,0.11,0.07,0.07,0.81,"{'total': 46.3, 'passing': 36.2, 'rushing': 13.1}",0.18,0.33,0.15,0.08,0.29,0.19,"{'total': 38.5, 'passing': 338.7, 'rushing': 14.9}"
2026-09-28T13:46:48+00:00,2026,5,ppa,2026,Big Ten,Nebraska,0.43,0.53,0.34,0.21,0.5,0.95,"{'total': 102.1, 'passing': 52.57, 'rushing': 46.4}",-0.06,-0.1,-0.1,-0.16,0.04,-0.21,"{'total': -12.3, 'passing': -95.8, 'rushing': -9.2}"
2026-09-28T13:46:48+00:00,2026,5,ppa,2026,Mountain West,Nevada,0.09,-0.02,0.23,0.06,-0.04,0.66,"{'total': 20.3, 'passing': -2.05, 'rushing': 27.8}",0.14,0.26,0.11,0.04,0.02,0.35,"{'total': 39, 'passing': 274, 'rushing': 17.7}"
2026-09-28T13:46:48+00:00,2026,5,ppa,2026,Mountain West,New Mexico,0.19,0.01,0.32,-0.07,0.25,0.68,"{'total': 39.3, 'passing': 0.61, 'rushing': 38.8}",-0.17,0.06,-0.16,-0.33,-0.19,0.18,"{'total': -29.8, 'passing': 53.6, 'rushing': -12.6}"
2026-09-28T13:46:48+00:00,2026,5,ppa,2026,Conference USA,New Mexico State,0.07,0.2,0.04,0,-0.29,0.96,"{'total': 15.8, 'passing': 25.07, 'rushing': 3.6}",0.19,0.26,0.17,-0.04,0.2,0.55,"{'total': 45.5, 'passing': 296.4, 'rushing': 19.3}"
2026-09-28T13:46:48+00:00,2026,5,ppa,2026,ACC,North Carolina,0.12,0.14,0.15,-0.04,0.29,0.53,"{'total': 19.5, 'passing': 11.52, 'rushing': 11.8}",-0.03,0.02,0.06,-0.09,0.14,0.26,"{'total': -5.2, 'passing': 19.1, 'rushing': 5.2}"
2026-09-28T13:46:48+00:00,2026,5,ppa,2026,Mountain West,North Dakota State,0.17,0.36,0.08,0.06,0.21,0.27,"{'total': 38.2, 'passing': 31.3, 'rushing': 10.4}",-0.18,-0.05,-0.25,-0.16,-0.28,-0.07,"{'total': -36.3, 'passing': -39.9, 'rushing': -28}"
2026-09-28T13:46:48+00:00,2026,5,ppa,2026,Mountain West,Northern Illinois,-0.1,-0.03,-0.04,-0.07,-0.1,0.23,"{'total': -20.7, 'passing': -3.47, 'rushing': -3.4}",0.27,0.43,0.13,-0.15,0.29,1.1,"{'total': 60, 'passing': 480.8, 'rushing': 13.4}"
2026-09-28T13:46:48+00:00,2026,5,ppa,2026,American Athletic,North Texas,0.37,0.5,0.25,0.32,0.26,1.02,"{'total': 90.3, 'passing': 65.51, 'rushing': 25.9}",0.18,0.62,-0.08,0.17,0.19,0.43,"{'total': 41.5, 'passing': 564.6, 'rushing': -10.2}"
2026-09-28T13:46:48+00:00,2026,5,ppa,2026,Big Ten,Northwestern,0.33,0.56,0.17,0.31,0.11,0.64,"{'total': 56.1, 'passing': 44.48, 'rushing': 14.2}",0.11,0.07,0.12,0.18,-0.08,0.43,"{'total': 22.4, 'passing': 71.5, 'rushing': 12.5}"
2026-09-28T13:46:48+00:00,2026,5,ppa,2026,FBS Independents,Notre Dame,0.38,0.58,0.2,0.25,0.51,0.4,"{'total': 73.2, 'passing': 50.07, 'rushing': 20.3}",-0.19,-0.14,-0.23,-0.34,-0.21,0.04,"{'total': -31.5, 'passing': -97.6, 'rushing': -19.9}"
2026-09-28T13:46:48+00:00,2026,5,ppa,2026,Mid-American,Ohio,0.24,0.1,0.33,0.12,0.21,0.57,"{'total': 59.9, 'passing': 11.05, 'rushing': 44.1}",0.3,0.49,0.17,-0.08,0.45,0.74,"{'total': 72.7, 'passing': 484.8, 'rushing': 24.7}"
2026-09-28T13:46:48+00:00,2026,5,ppa,2026,Big Ten,Ohio State,0.41,0.62,0.18,0.4,0.38,0.63,"{'total': 88.2, 'passing': 73.57, 'rushing': 16.7}",0,-0.08,0.07,-0.27,0.25,0.33,"{'total': 0.5, 'passing': -92.5, 'rushing': 6.8}"
2026-09-28T13:46:48+00:00,2026,5,ppa,2026,SEC,Oklahoma,-0.08,0.27,-0.34,-0.12,0.22,-0.27,"{'total': -17.7, 'passing': 27.89, 'rushing': -34.1}",-0.17,-0.14,-0.09,-0.33,-0.01,-0.09,"{'total': -33.4, 'passing': -108.8, 'rushing': -9.5}"
2026-09-28T13:46:48+00:00,2026,5,ppa,2026,Big 12,Oklahoma State,0.12,0.29,0.03,0.18,0.29,-0.05,"{'total': 34.8, 'passing': 39.9, 'rushing': 4.1}",-0.01,-0.13,0.08,-0.04,0.2,0.19,"{'total': -2, 'passing': -130.9, 'rushing': 10.3}"
2026-09-28T13:46:48+00:00,2026,5,ppa,2026,Sun Belt,Old Dominion,-0.1,-0.14,-0.08,-0.33,0.06,0.32,"{'total': -21.4, 'passing': -12.9, 'rushing': -8.8}",-0.01,0.11,-0.11,-0.21,0,0.38,"{'total': -4, 'passing': 140.8, 'rushing': -16.1}"
2026-09-28T13:46:48+00:00,2026,5,ppa,2026,SEC,Ole Miss,0.26,0.43,0.11,0.11,0.46,0.42,"{'total': 67.6, 'passing': 61.29, 'rushing': 12.2}",0.25,0.32,0.2,0.17,0.22,0.52,"{'total': 63.1, 'passing': 333.9, 'rushing': 29.7}"
2026-09-28T13:46:48+00:00,2026,5,ppa,2026,Big Ten,Oregon,0.29,0.39,0.16,0.17,0.51,0.74,"{'total': 67.7, 'passing': 49.71, 'rushing': 15.6}",0.06,0.05,0.08,-0.03,0.33,-0.23,"{'total': 15, 'passing': 61.6, 'rushing': 9.2}"
2026-09-28T13:46:48+00:00,2026,5,ppa,2026,Pac-12,Oregon State,0.25,0.36,0.01,0.24,0.3,0.48,"{'total': 58.8, 'passing': 58.23, 'rushing': 0.9}",0.09,0.15,0.05,-0.13,0.18,0.49,"{'total': 20.5, 'passing': 153.3, 'rushing': 6.4}"
2026-09-28T13:46:48+00:00,2026,5,ppa,2026,Big Ten,Penn State,0.24,0.44,0.06,0.05,0.34,0.6,"{'total': 50.1, 'passing': 42.54, 'rushing': 7.1}",-0.07,-0.19,0.16,-0.18,-0.07,0,"{'total': -12.6, 'passing': -186.5, 'rushing': 12.6}"
2026-09-28T13:46:48+00:00,2026,5,ppa,2026,ACC,Pittsburgh,0.26,0.4,0.16,0.13,0.1,0.81,"{'total': 60, 'passing': 46.41, 'rushing': 17.5}",-0.1,-0.04,-0.14,-0.11,-0.15,0.32,"{'total': -19.2, 'passing': -41.5, 'rushing': -10.6}"
2026-09-28T13:46:48+00:00,2026,5,ppa,2026,Big Ten,Purdue,0.28,0.5,0.07,0.17,0.25,0.66,"{'total': 62.6, 'passing': 59.94, 'rushing': 6.4}",0.37,0.36,0.37,0.18,0.34,0.92,"{'total': 77, 'passing': 330.3, 'rushing': 42.5}"
2026-09-28T13:46:48+00:00,2026,5,ppa,2026,American Athletic,Rice,0.06,-0.17,0.17,0.25,-0.11,0.06,"{'total': 14.4, 'passing': -9.01, 'rushing': 29.2}",0.16,0.1,0.23,-0.03,0.45,0.55,"{'total': 32.9, 'passing': 93.1, 'rushing': 26}"
2026-09-28T13:46:48+00:00,2026,5,ppa,2026,Big Ten,Rutgers,0.14,0.36,0.02,-0.18,0.36,0.39,"{'total': 30.8, 'passing': 38.84, 'rushing': 2.2}",0.19,0.35,0.15,0,0.29,0.46,"{'total': 42.6, 'passing': 331.9, 'rushing': 17.7}"
2026-09-28T13:46:48+00:00,2026,5,ppa,2026,Mid-American,Sacramento State,-0.11,0,-0.21,-0.24,-0.03,0.14,"{'total': -27.4, 'passing': -0.23, 'rushing': -18.8}",0.13,0.35,-0.03,0.13,0.11,0.41,"{'total': 31.1, 'passing': 400.2, 'rushing': -3.7}"
2026-09-28T13:46:48+00:00,2026,5,ppa,2026,Conference USA,Sam Houston,0.07,0.24,-0.12,0.05,-0.06,0.58,"{'total': 15.7, 'passing': 33.9, 'rushing': -10.1}",0.07,-0.1,0.26,-0.08,0.16,0.1,"{'total': 16, 'passing': -101.9, 'rushing': 31.6}"
2026-09-28T13:46:48+00:00,2026,5,ppa,2026,Pac-12,San Diego State,-0.06,-0.15,0.04,-0.19,-0.12,0.46,"{'total': -13.7, 'passing': -13.92, 'rushing': 5}",0.15,0.33,0.01,0.16,0.26,0.19,"{'total': 36.5, 'passing': 361.2, 'rushing': 2}"
2026-09-28T13:46:48+00:00,2026,5,ppa,2026,Mountain West,San José State,0.06,0.25,-0.06,-0.04,0.09,0.4,"{'total': 15.8, 'passing': 34.11, 'rushing': -7.3}",0.06,0.17,0.06,-0.07,0.13,0.37,"{'total': 17.6, 'passing': 250.3, 'rushing': 6.8}"
2026-09-28T13:46:48+00:00,2026,5,ppa,2026,ACC,SMU,0.26,0.6,0.02,0.2,0.09,0.82,"{'total': 66.8, 'passing': 76.27, 'rushing': 2.5}",0.04,0.04,0.06,0.06,0.08,0.09,"{'total': 9.3, 'passing': 45.5, 'rushing': 7}"
2026-09-28T13:46:48+00:00,2026,5,ppa,2026,Sun Belt,South Alabama,0.19,0.26,0.16,-0.06,0.35,0.63,"{'total': 52.2, 'passing': 29.45, 'rushing': 26.2}",0.29,0.21,0.38,0.13,0.6,0.64,"{'total': 60.3, 'passing': 211.7, 'rushing': 38}"
2026-09-28T13:46:48+00:00,2026,5,ppa,2026,SEC,South Carolina,0.19,0.1,0.31,0.03,0.03,0.57,"{'total': 45, 'passing': 11.76, 'rushing': 37.3}",0.19,0.5,-0.06,-0.1,0.4,0.52,"{'total': 37.7, 'passing': 533, 'rushing': -5.3}"
2026-09-28T13:46:48+00:00,2026,5,ppa,2026,Sun Belt,Southern Miss,0.07,0.02,0.19,-0.06,0.25,0.12,"{'total': 15.2, 'passing': 2.43, 'rushing': 18.7}",0.15,0.21,0.22,-0.21,0.17,0.72,"{'total': 36.3, 'passing': 208.2, 'rushing': 29.8}"
2026-09-28T13:46:48+00:00,2026,5,ppa,2026,American Athletic,South Florida,0.2,0.21,0.23,0.15,0.15,0.47,"{'total': 43, 'passing': 19.94, 'rushing': 27.2}",-0.01,0.19,-0.19,-0.01,0.12,0.1,"{'total': -2.3, 'passing': 229.3, 'rushing': -24.8}"
2026-09-28T13:46:48+00:00,2026,5,ppa,2026,ACC,Stanford,0.21,0.35,0.03,0.13,0.09,0.46,"{'total': 47.2, 'passing': 43.26, 'rushing': 2.7}",0.29,0.41,0.21,0.03,0.45,0.68,"{'total': 75.8, 'passing': 567.9, 'rushing': 23.1}"
2026-09-28T13:46:48+00:00,2026,5,ppa,2026,ACC,Syracuse,0.04,0.01,0.19,-0.1,0.19,0.22,"{'total': 7.8, 'passing': 1.54, 'rushing': 16.8}",-0.05,-0.22,0.13,-0.08,-0.09,0.22,"{'total': -7, 'passing': -159.9, 'rushing': 9.1}"
2026-09-28T13:46:48+00:00,2026,5,ppa,2026,Big 12,TCU,0.14,0.31,-0.03,0.06,0.06,0.45,"{'total': 36, 'passing': 40.37, 'rushing': -3.7}",-0.07,0.15,-0.29,-0.17,0.27,-0.05,"{'total': -15.3, 'passing': 149.1, 'rushing': -28.2}"
2026-09-28T13:46:48+00:00,2026,5,ppa,2026,American Athletic,Temple,0.24,0.23,0.25,0.07,0.44,0.43,"{'total': 54.5, 'passing': 18.23, 'rushing': 35}",0.21,0.29,0.18,0.03,0.33,0.65,"{'total': 54.9, 'passing': 315.5, 'rushing': 25.6}"
2026-09-28T13:46:48+00:00,2026,5,ppa,2026,SEC,Tennessee,0.19,0.08,0.33,0.2,0.17,0.49,"{'total': 47.1, 'passing': 7.95, 'rushing': 46.8}",-0.13,-0.19,0.04,-0.12,-0.19,0.46,"{'total': -26.8, 'passing': -197.6, 'rushing': 3.7}"
2026-09-28T13:46:48+00:00,2026,5,ppa,2026,SEC,Texas,0.08,0.25,0.02,-0.13,0.11,0.65,"{'total': 21.3, 'passing': 30.76, 'rushing': 2.6}",-0.04,-0.02,-0.05,-0.01,-0.22,0.41,"{'total': -9.9, 'passing': -23.9, 'rushing': -5}"
2026-09-28T13:46:48+00:00,2026,5,ppa,2026,SEC,Texas A&M,0.04,0.11,0.02,-0.07,0.06,0.49,"{'total': 10.9, 'passing': 13.56, 'rushing': 2.4}",0.08,0.38,-0.14,-0.08,0.17,0.35,"{'total': 15.4, 'passing': 327.2, 'rushing': -13.2}"
2026-09-28T13:46:48+00:00,2026,5,ppa,2026,Pac-12,Texas State,0.37,0.72,0.23,0.23,0.46,0.77,"{'total': 86.9, 'passing': 63.64, 'rushing': 31}",0.21,0.39,0.02,0.07,0.01,0.79,"{'total': 56, 'passing': 637, 'rushing': 2}"
2026-09-28T13:46:48+00:00,2026,5,ppa,2026,Big 12,Texas Tech,0.25,0.39,0.27,0.04,0.22,0.94,"{'total': 63, 'passing': 44.78, 'rushing': 34.7}",0.04,0.09,0.03,-0.08,0.03,0.31,"{'total': 9.5, 'passing': 134.6, 'rushing': 2.4}"
2026-09-28T13:46:48+00:00,2026,5,ppa,2026,Mid-American,Toledo,0.29,0.46,0.06,0.29,0.55,0.52,"{'total': 58.5, 'passing': 51.47, 'rushing': 5.7}",-0.01,0.18,-0.05,-0.16,-0.04,0.35,"{'total': -1.7, 'passing': 194.6, 'rushing': -5.6}"
2026-09-28T13:46:48+00:00,2026,5,ppa,2026,Sun Belt,Troy,0.02,0.04,0.05,-0.05,0.17,0.24,"{'total': 6.8, 'passing': 4.92, 'rushing': 6.9}",0.04,0.07,-0.04,0.01,-0.09,0.45,"{'total': 8.7, 'passing': 92.8, 'rushing': -4}"
2026-09-28T13:46:48+00:00,2026,5,ppa,2026,American Athletic,Tulane,0.1,0.02,0.16,-0.12,0.19,0.56,"{'total': 25.2, 'passing': 2.26, 'rushing': 20}",0.17,0.3,0.11,0.11,0.08,0.68,"{'total': 48.5, 'passing': 366.4, 'rushing': 17.2}"
2026-09-28T13:46:48+00:00,2026,5,ppa,2026,American Athletic,Tulsa,0.11,0,0.23,-0.07,0.08,0.18,"{'total': 25.9, 'passing': -0.19, 'rushing': 27.3}",-0.05,0.12,-0.13,-0.17,0.21,0.33,"{'total': -14.9, 'passing': 175.7, 'rushing': -15.5}"
2026-09-28T13:46:48+00:00,2026,5,ppa,2026,American Athletic,UAB,0.04,-0.05,0.15,-0.16,0.22,0.59,"{'total': 10, 'passing': -5.11, 'rushing': 21.2}",0.05,-0.01,0.09,0,0.05,0.39,"{'total': 13.2, 'passing': -8.3, 'rushing': 15.6}"
2026-09-28T13:46:48+00:00,2026,5,ppa,2026,Big 12,UCF,0.03,0.03,0.06,0.17,-0.02,0.16,"{'total': 6.3, 'passing': 2.64, 'rushing': 6.5}",-0.06,0.08,-0.14,-0.33,0.02,0.24,"{'total': -14.7, 'passing': 105, 'rushing': -16.8}"
2026-09-28T13:46:48+00:00,2026,5,ppa,2026,Big Ten,UCLA,0.29,0.06,0.46,0.27,0.21,0.57,"{'total': 69.3, 'passing': 5.62, 'rushing': 64.1}",-0.08,-0.04,-0.1,-0.02,-0.3,0.18,"{'total': -20.8, 'passing': -45.1, 'rushing': -11.3}"
2026-09-28T13:46:48+00:00,2026,5,ppa,2026,FBS Independents,UConn,0.21,0.38,0.17,-0.11,0.34,0.68,"{'total': 44.7, 'passing': 36.45, 'rushing': 18.9}",0.02,0.1,-0.05,-0.02,-0.04,0.45,"{'total': 5.2, 'passing': 127.7, 'rushing': -3.9}"
2026-09-28T13:46:48+00:00,2026,5,ppa,2026,Sun Belt,UL Monroe,-0.08,-0.15,0.11,-0.07,-0.1,0.33,"{'total': -17.2, 'passing': -16.13, 'rushing': 11.3}",0.28,0.31,0.3,0.14,0.27,0.69,"{'total': 69.6, 'passing': 333.7, 'rushing': 39.4}"
2026-09-28T13:46:48+00:00,2026,5,ppa,2026,Mountain West,UNLV,0.07,0.17,0.04,0.12,0.1,0.38,"{'total': 18.8, 'passing': 20.91, 'rushing': 5.7}",0.08,0.1,0.16,0.16,-0.05,0.25,"{'total': 19.7, 'passing': 122.7, 'rushing': 18.5}"
2026-09-28T13:46:48+00:00,2026,5,ppa,2026,Big Ten,USC,0.34,0.6,0.09,0.08,0.54,0.77,"{'total': 105.3, 'passing': 92.78, 'rushing': 13.5}",0.18,0.49,0.03,-0.13,0.41,0.43,"{'total': 45.3, 'passing': 576.5, 'rushing': 4}"
2026-09-28T13:46:48+00:00,2026,5,ppa,2026,Big 12,Utah,0.41,0.5,0.33,0.3,0.33,0.96,"{'total': 80.2, 'passing': 49.32, 'rushing': 31.3}",-0.05,-0.1,-0.03,-0.3,0.12,0.23,"{'total': -9.6, 'passing': -106, 'rushing': -2.1}"
2026-09-28T13:46:48+00:00,2026,5,ppa,2026,Pac-12,Utah State,-0.05,-0.03,-0.06,-0.19,-0.14,0.6,"{'total': -11.6, 'passing': -3.32, 'rushing': -6.5}",0.03,0.05,0.04,-0.05,-0.01,0.63,"{'total': 9.6, 'passing': 77.2, 'rushing': 4}"
2026-09-28T13:46:48+00:00,2026,5,ppa,2026,Mountain West,UTEP,-0.13,0.15,-0.2,-0.24,-0.04,0.05,"{'total': -19, 'passing': 8.57, 'rushing': -16.7}",0.31,0.62,0.16,0.1,0.36,0.79,"{'total': 57.8, 'passing': 509.8, 'rushing': 15.8}"
2026-09-28T13:46:48+00:00,2026,5,ppa,2026,American Athletic,UTSA,0.24,0.25,0.23,0.22,0.17,0.32,"{'total': 55.4, 'passing': 29.79, 'rushing': 25.6}",0.06,0.09,0.14,0,0.1,0.36,"{'total': 18.6, 'passing': 128.7, 'rushing': 20.1}"
2026-09-28T13:46:48+00:00,2026,5,ppa,2026,SEC,Vanderbilt,0.08,0.2,0.16,0.03,0.06,0.37,"{'total': 22.3, 'passing': 25.61, 'rushing': 21.4}",-0.04,0.01,-0.02,-0.32,0.16,0.35,"{'total': -9.9, 'passing': 14.6, 'rushing': -2.3}"
2026-09-28T13:46:48+00:00,2026,5,ppa,2026,ACC,Virginia,0.33,0.49,0.28,0.15,0.42,0.18,"{'total': 75.6, 'passing': 46.3, 'rushing': 35.5}",-0.02,0.06,0.02,-0.03,-0.23,0.42,"{'total': -2.7, 'passing': 46.5, 'rushing': 1.6}"
2026-09-28T13:46:48+00:00,2026,5,ppa,2026,ACC,Virginia Tech,0.27,0.37,0.18,0.09,0.33,0.51,"{'total': 67.8, 'passing': 48.01, 'rushing': 20.5}",0.05,0.2,-0.05,0.01,-0.05,0.45,"{'total': 8.2, 'passing': 175.6, 'rushing': -4.3}"
2026-09-28T13:46:48+00:00,2026,5,ppa,2026,ACC,Wake Forest,0.28,0.4,0.13,0.2,0.37,0.48,"{'total': 66.7, 'passing': 49.43, 'rushing': 14.3}",0.15,0.25,0.01,-0.06,0.34,0.5,"{'total': 38.4, 'passing': 350, 'rushing': 0.8}"
2026-09-28T13:46:48+00:00,2026,5,ppa,2026,Big Ten,Washington,0.14,0.25,0.06,0.17,0.17,0.34,"{'total': 36.1, 'passing': 36.66, 'rushing': 6.2}",-0.13,0.04,-0.2,0,-0.26,0,"{'total': -31.1, 'passing': 45.4, 'rushing': -25.2}"
2026-09-28T13:46:48+00:00,2026,5,ppa,2026,Pac-12,Washington State,-0.02,-0.04,0.04,-0.07,0.16,-0.14,"{'total': -4, 'passing': -3.87, 'rushing': 4.6}",0.11,0.12,0.15,0.03,0.15,0.59,"{'total': 26, 'passing': 142.9, 'rushing': 17}"
2026-09-28T13:46:48+00:00,2026,5,ppa,2026,Conference USA,Western Kentucky,-0.03,0.14,-0.21,-0.18,0.16,0.06,"{'total': -6, 'passing': 13.04, 'rushing': -17.5}",0.42,0.48,0.33,0.43,0.33,0.76,"{'total': 61.6, 'passing': 335.5, 'rushing': 24.3}"
2026-09-28T13:46:48+00:00,2026,5,ppa,2026,Mid-American,Western Michigan,0.1,0,0.14,0.03,0.13,0.48,"{'total': 20.9, 'passing': 0.33, 'rushing': 17.3}",0.1,0.09,0.09,0.01,0.06,0.56,"{'total': 24.1, 'passing': 94.4, 'rushing': 11.1}"
2026-09-28T13:46:48+00:00,2026,5,ppa,2026,Big 12,West Virginia,0.19,0.26,0.18,0.11,0.13,0.63,"{'total': 50.2, 'passing': 16.67, 'rushing': 34.2}",0.18,0.37,0,0.17,0.15,0.2,"{'total': 44.8, 'passing': 450.4, 'rushing': 0.1}"
2026-09-28T13:46:48+00:00,2026,5,ppa,2026,Big Ten,Wisconsin,0.12,0.12,0.2,0.15,-0.01,0.3,"{'total': 26.1, 'passing': 13.63, 'rushing': 20.5}",-0.01,0,0.08,-0.07,-0.08,0.33,"{'total': -2.4, 'passing': -3.3, 'rushing': 10.1}"
2026-09-28T13:46:48+00:00,2026,5,ppa,2026,Mountain West,Wyoming,0.16,0.16,0.15,0.06,0.17,0.54,"{'total': 37.6, 'passing': 16.12, 'rushing': 19.1}",0.12,0.2,0.13,0.07,0.03,0.43,"{'total': 32.3, 'passing': 224.3, 'rushing': 19.3}"
