captured_at,capture_season,capture_week,source,compiled,rank,team,wins,losses,ties,sos,rating
2026-08-21T18:42:26+00:00,2026,1,sonny_moore,06-30-2026 - Start of Season,1,INDIANA,0,0,0,0.0,94.0
2026-08-21T18:42:26+00:00,2026,1,sonny_moore,06-30-2026 - Start of Season,2,OHIO ST.,0,0,0,0.0,90.42
2026-08-21T18:42:26+00:00,2026,1,sonny_moore,06-30-2026 - Start of Season,3,OREGON,0,0,0,0.0,89.83
2026-08-21T18:42:26+00:00,2026,1,sonny_moore,06-30-2026 - Start of Season,4,NOTRE DAME,0,0,0,0.0,88.5
2026-08-21T18:42:26+00:00,2026,1,sonny_moore,06-30-2026 - Start of Season,5,TEXAS TECH,0,0,0,0.0,87.02
2026-08-21T18:42:26+00:00,2026,1,sonny_moore,06-30-2026 - Start of Season,6,MIAMI FL.,0,0,0,0.0,86.7
2026-08-21T18:42:26+00:00,2026,1,sonny_moore,06-30-2026 - Start of Season,7,MISSISSIPPI,0,0,0,0.0,84.94
2026-08-21T18:42:26+00:00,2026,1,sonny_moore,06-30-2026 - Start of Season,8,GEORGIA,0,0,0,0.0,83.21
2026-08-21T18:42:26+00:00,2026,1,sonny_moore,06-30-2026 - Start of Season,9,TEXAS,0,0,0,0.0,81.9
2026-08-21T18:42:26+00:00,2026,1,sonny_moore,06-30-2026 - Start of Season,10,UTAH,0,0,0,0.0,81.3
2026-08-21T18:42:26+00:00,2026,1,sonny_moore,06-30-2026 - Start of Season,11,VANDERBILT,0,0,0,0.0,80.06
2026-08-21T18:42:26+00:00,2026,1,sonny_moore,06-30-2026 - Start of Season,12,TEXAS A&M,0,0,0,0.0,79.61
2026-08-21T18:42:26+00:00,2026,1,sonny_moore,06-30-2026 - Start of Season,13,WASHINGTON,0,0,0,0.0,79.08
2026-08-21T18:42:26+00:00,2026,1,sonny_moore,06-30-2026 - Start of Season,14,IOWA,0,0,0,0.0,78.26
2026-08-21T18:42:26+00:00,2026,1,sonny_moore,06-30-2026 - Start of Season,15,BYU,0,0,0,0.0,77.99
2026-08-21T18:42:26+00:00,2026,1,sonny_moore,06-30-2026 - Start of Season,16,OKLAHOMA,0,0,0,0.0,77.98
2026-08-21T18:42:26+00:00,2026,1,sonny_moore,06-30-2026 - Start of Season,17,PENN.ST.,0,0,0,0.0,77.77
2026-08-21T18:42:26+00:00,2026,1,sonny_moore,06-30-2026 - Start of Season,18,SOUTHERN CALIFORNIA,0,0,0,0.0,77.76
2026-08-21T18:42:26+00:00,2026,1,sonny_moore,06-30-2026 - Start of Season,19,ALABAMA,0,0,0,0.0,77.64
2026-08-21T18:42:26+00:00,2026,1,sonny_moore,06-30-2026 - Start of Season,20,TENNESSEE,0,0,0,0.0,76.45
2026-08-21T18:42:26+00:00,2026,1,sonny_moore,06-30-2026 - Start of Season,21,VIRGINIA,0,0,0,0.0,75.8
2026-08-21T18:42:26+00:00,2026,1,sonny_moore,06-30-2026 - Start of Season,22,LSU,0,0,0,0.0,75.73
2026-08-21T18:42:26+00:00,2026,1,sonny_moore,06-30-2026 - Start of Season,23,SMU,0,0,0,0.0,75.44
2026-08-21T18:42:26+00:00,2026,1,sonny_moore,06-30-2026 - Start of Season,24,LOUISVILLE,0,0,0,0.0,74.7
2026-08-21T18:42:26+00:00,2026,1,sonny_moore,06-30-2026 - Start of Season,25,MISSOURI,0,0,0,0.0,74.25
2026-08-21T18:42:26+00:00,2026,1,sonny_moore,06-30-2026 - Start of Season,26,MICHIGAN,0,0,0,0.0,73.68
2026-08-21T18:42:26+00:00,2026,1,sonny_moore,06-30-2026 - Start of Season,27,ILLINOIS,0,0,0,0.0,73.05
2026-08-21T18:42:26+00:00,2026,1,sonny_moore,06-30-2026 - Start of Season,28,ARIZONA,0,0,0,0.0,73.05
2026-08-21T18:42:26+00:00,2026,1,sonny_moore,06-30-2026 - Start of Season,29,TCU,0,0,0,0.0,72.62
2026-08-21T18:42:26+00:00,2026,1,sonny_moore,06-30-2026 - Start of Season,30,OLD DOMINION,0,0,0,0.0,72.28
2026-08-21T18:42:26+00:00,2026,1,sonny_moore,06-30-2026 - Start of Season,31,FLORIDA,0,0,0,0.0,72.07
2026-08-21T18:42:26+00:00,2026,1,sonny_moore,06-30-2026 - Start of Season,32,PITTSBURGH,0,0,0,0.0,72.07
2026-08-21T18:42:26+00:00,2026,1,sonny_moore,06-30-2026 - Start of Season,33,DUKE,0,0,0,0.0,71.95
2026-08-21T18:42:26+00:00,2026,1,sonny_moore,06-30-2026 - Start of Season,34,SOUTH CAROLINA,0,0,0,0.0,71.9
2026-08-21T18:42:26+00:00,2026,1,sonny_moore,06-30-2026 - Start of Season,35,NAVY,0,0,0,0.0,71.88
2026-08-21T18:42:26+00:00,2026,1,sonny_moore,06-30-2026 - Start of Season,36,AUBURN,0,0,0,0.0,71.71
2026-08-21T18:42:26+00:00,2026,1,sonny_moore,06-30-2026 - Start of Season,37,HOUSTON,0,0,0,0.0,71.29
2026-08-21T18:42:26+00:00,2026,1,sonny_moore,06-30-2026 - Start of Season,38,CLEMSON,0,0,0,0.0,71.19
2026-08-21T18:42:26+00:00,2026,1,sonny_moore,06-30-2026 - Start of Season,39,GEORGIA TECH,0,0,0,0.0,71.01
2026-08-21T18:42:26+00:00,2026,1,sonny_moore,06-30-2026 - Start of Season,40,SOUTH FLORIDA,0,0,0,0.0,70.8
2026-08-21T18:42:26+00:00,2026,1,sonny_moore,06-30-2026 - Start of Season,41,WAKE FOREST,0,0,0,0.0,70.79
2026-08-21T18:42:26+00:00,2026,1,sonny_moore,06-30-2026 - Start of Season,42,NORTH CAROLINA ST.,0,0,0,0.0,70.58
2026-08-21T18:42:26+00:00,2026,1,sonny_moore,06-30-2026 - Start of Season,43,JAMES MADISON,0,0,0,0.0,70.48
2026-08-21T18:42:26+00:00,2026,1,sonny_moore,06-30-2026 - Start of Season,44,KANSAS ST.,0,0,0,0.0,70.4
2026-08-21T18:42:26+00:00,2026,1,sonny_moore,06-30-2026 - Start of Season,45,MINNESOTA,0,0,0,0.0,69.43
2026-08-21T18:42:26+00:00,2026,1,sonny_moore,06-30-2026 - Start of Season,46,FLORIDA ST.,0,0,0,0.0,69.33
2026-08-21T18:42:26+00:00,2026,1,sonny_moore,06-30-2026 - Start of Season,47,ARIZONA ST.,0,0,0,0.0,69.23
2026-08-21T18:42:26+00:00,2026,1,sonny_moore,06-30-2026 - Start of Season,48,NEBRASKA,0,0,0,0.0,68.73
2026-08-21T18:42:26+00:00,2026,1,sonny_moore,06-30-2026 - Start of Season,49,EAST CAROLINA,0,0,0,0.0,68.09
2026-08-21T18:42:26+00:00,2026,1,sonny_moore,06-30-2026 - Start of Season,50,IOWA ST.,0,0,0,0.0,67.93
2026-08-21T18:42:26+00:00,2026,1,sonny_moore,06-30-2026 - Start of Season,51,NORTHWESTERN,0,0,0,0.0,67.78
2026-08-21T18:42:26+00:00,2026,1,sonny_moore,06-30-2026 - Start of Season,52,BOISE STATE,0,0,0,0.0,67.27
2026-08-21T18:42:26+00:00,2026,1,sonny_moore,06-30-2026 - Start of Season,53,TULANE,0,0,0,0.0,66.93
2026-08-21T18:42:26+00:00,2026,1,sonny_moore,06-30-2026 - Start of Season,54,NORTH TEXAS,0,0,0,0.0,66.81
2026-08-21T18:42:26+00:00,2026,1,sonny_moore,06-30-2026 - Start of Season,55,ARKANSAS,0,0,0,0.0,66.61
2026-08-21T18:42:26+00:00,2026,1,sonny_moore,06-30-2026 - Start of Season,56,TEXAS SAN ANTONIO,0,0,0,0.0,66.28
2026-08-21T18:42:26+00:00,2026,1,sonny_moore,06-30-2026 - Start of Season,57,KENTUCKY,0,0,0,0.0,66.19
2026-08-21T18:42:26+00:00,2026,1,sonny_moore,06-30-2026 - Start of Season,58,WASHINGTON ST.,0,0,0,0.0,66.13
2026-08-21T18:42:26+00:00,2026,1,sonny_moore,06-30-2026 - Start of Season,59,CINCINNATI,0,0,0,0.0,65.97
2026-08-21T18:42:26+00:00,2026,1,sonny_moore,06-30-2026 - Start of Season,60,TOLEDO,0,0,0,0.0,65.67
2026-08-21T18:42:26+00:00,2026,1,sonny_moore,06-30-2026 - Start of Season,61,WESTERN MICHIGAN,0,0,0,0.0,65.6
2026-08-21T18:42:26+00:00,2026,1,sonny_moore,06-30-2026 - Start of Season,62,MISSISSIPPI ST.,0,0,0,0.0,65.6
2026-08-21T18:42:26+00:00,2026,1,sonny_moore,06-30-2026 - Start of Season,63,KANSAS,0,0,0,0.0,65.32
2026-08-21T18:42:26+00:00,2026,1,sonny_moore,06-30-2026 - Start of Season,64,RUTGERS,0,0,0,0.0,64.71
2026-08-21T18:42:26+00:00,2026,1,sonny_moore,06-30-2026 - Start of Season,65,WISCONSIN,0,0,0,0.0,64.61
2026-08-21T18:42:26+00:00,2026,1,sonny_moore,06-30-2026 - Start of Season,66,BAYLOR,0,0,0,0.0,64.48
2026-08-21T18:42:26+00:00,2026,1,sonny_moore,06-30-2026 - Start of Season,67,SAN DIEGO ST.,0,0,0,0.0,64.3
2026-08-21T18:42:26+00:00,2026,1,sonny_moore,06-30-2026 - Start of Season,68,ARMY,0,0,0,0.0,64.15
2026-08-21T18:42:26+00:00,2026,1,sonny_moore,06-30-2026 - Start of Season,69,VIRGINIA TECH,0,0,0,0.0,64.08
2026-08-21T18:42:26+00:00,2026,1,sonny_moore,06-30-2026 - Start of Season,70,CALIFORNIA,0,0,0,0.0,63.93
2026-08-21T18:42:26+00:00,2026,1,sonny_moore,06-30-2026 - Start of Season,71,TEXAS ST.,0,0,0,0.0,63.69
2026-08-21T18:42:26+00:00,2026,1,sonny_moore,06-30-2026 - Start of Season,72,NEW MEXICO,0,0,0,0.0,63.19
2026-08-21T18:42:26+00:00,2026,1,sonny_moore,06-30-2026 - Start of Season,73,MICHIGAN ST.,0,0,0,0.0,62.47
2026-08-21T18:42:26+00:00,2026,1,sonny_moore,06-30-2026 - Start of Season,74,MEMPHIS,0,0,0,0.0,62.22
2026-08-21T18:42:26+00:00,2026,1,sonny_moore,06-30-2026 - Start of Season,75,OHIO UNIVERSITY,0,0,0,0.0,62.1
2026-08-21T18:42:26+00:00,2026,1,sonny_moore,06-30-2026 - Start of Season,76,CENTRAL FLORIDA,0,0,0,0.0,62.01
2026-08-21T18:42:26+00:00,2026,1,sonny_moore,06-30-2026 - Start of Season,77,MARYLAND,0,0,0,0.0,61.98
2026-08-21T18:42:26+00:00,2026,1,sonny_moore,06-30-2026 - Start of Season,78,NEVADA LAS VEGAS,0,0,0,0.0,61.9
2026-08-21T18:42:26+00:00,2026,1,sonny_moore,06-30-2026 - Start of Season,79,COLORADO,0,0,0,0.0,61.57
2026-08-21T18:42:26+00:00,2026,1,sonny_moore,06-30-2026 - Start of Season,80,STANFORD,0,0,0,0.0,61.42
2026-08-21T18:42:26+00:00,2026,1,sonny_moore,06-30-2026 - Start of Season,81,UTAH ST.,0,0,0,0.0,61.26
2026-08-21T18:42:26+00:00,2026,1,sonny_moore,06-30-2026 - Start of Season,82,BOSTON COLLEGE,0,0,0,0.0,60.82
2026-08-21T18:42:26+00:00,2026,1,sonny_moore,06-30-2026 - Start of Season,83,HAWAII,0,0,0,0.0,60.78
2026-08-21T18:42:26+00:00,2026,1,sonny_moore,06-30-2026 - Start of Season,84,UCLA,0,0,0,0.0,60.18
2026-08-21T18:42:26+00:00,2026,1,sonny_moore,06-30-2026 - Start of Season,85,WESTERN KENTUCKY,0,0,0,0.0,59.69
2026-08-21T18:42:26+00:00,2026,1,sonny_moore,06-30-2026 - Start of Season,86,FRESNO ST.,0,0,0,0.0,59.2
2026-08-21T18:42:26+00:00,2026,1,sonny_moore,06-30-2026 - Start of Season,87,MIAMI OHIO,0,0,0,0.0,58.44
2026-08-21T18:42:26+00:00,2026,1,sonny_moore,06-30-2026 - Start of Season,88,CENTRAL MICHIGAN,0,0,0,0.0,58.32
2026-08-21T18:42:26+00:00,2026,1,sonny_moore,06-30-2026 - Start of Season,89,WEST VIRGINIA,0,0,0,0.0,58.25
2026-08-21T18:42:26+00:00,2026,1,sonny_moore,06-30-2026 - Start of Season,90,JACKSONVILLE ST.,0,0,0,0.0,57.99
2026-08-21T18:42:26+00:00,2026,1,sonny_moore,06-30-2026 - Start of Season,91,LOUISIANA TECH,0,0,0,0.0,57.98
2026-08-21T18:42:26+00:00,2026,1,sonny_moore,06-30-2026 - Start of Season,92,ARKANSAS ST.,0,0,0,0.0,57.8
2026-08-21T18:42:26+00:00,2026,1,sonny_moore,06-30-2026 - Start of Season,93,NORTH CAROLINA,0,0,0,0.0,57.7
2026-08-21T18:42:26+00:00,2026,1,sonny_moore,06-30-2026 - Start of Season,94,AIR FORCE,0,0,0,0.0,57.2
2026-08-21T18:42:26+00:00,2026,1,sonny_moore,06-30-2026 - Start of Season,95,CONNECTICUT,0,0,0,0.0,57.0
2026-08-21T18:42:26+00:00,2026,1,sonny_moore,06-30-2026 - Start of Season,96,TEMPLE,0,0,0,0.0,56.59
2026-08-21T18:42:26+00:00,2026,1,sonny_moore,06-30-2026 - Start of Season,97,PURDUE,0,0,0,0.0,56.33
2026-08-21T18:42:26+00:00,2026,1,sonny_moore,06-30-2026 - Start of Season,98,TROY ST.,0,0,0,0.0,56.0
2026-08-21T18:42:26+00:00,2026,1,sonny_moore,06-30-2026 - Start of Season,99,GEORGIA SOUTHERN,0,0,0,0.0,55.82
2026-08-21T18:42:26+00:00,2026,1,sonny_moore,06-30-2026 - Start of Season,100,DELAWARE,0,0,0,0.0,55.73
2026-08-21T18:42:26+00:00,2026,1,sonny_moore,06-30-2026 - Start of Season,101,KENNESAW ST.,0,0,0,0.0,55.64
2026-08-21T18:42:26+00:00,2026,1,sonny_moore,06-30-2026 - Start of Season,102,SYRACUSE,0,0,0,0.0,55.38
2026-08-21T18:42:26+00:00,2026,1,sonny_moore,06-30-2026 - Start of Season,103,MARSHALL,0,0,0,0.0,55.21
2026-08-21T18:42:26+00:00,2026,1,sonny_moore,06-30-2026 - Start of Season,104,LIBERTY,0,0,0,0.0,54.54
2026-08-21T18:42:26+00:00,2026,1,sonny_moore,06-30-2026 - Start of Season,105,SOUTHERN MISSISSIPPI,0,0,0,0.0,54.03
2026-08-21T18:42:26+00:00,2026,1,sonny_moore,06-30-2026 - Start of Season,106,LOUISIANA-LAFAYETTE,0,0,0,0.0,53.94
2026-08-21T18:42:26+00:00,2026,1,sonny_moore,06-30-2026 - Start of Season,107,MISSOURI ST.,0,0,0,0.0,53.87
2026-08-21T18:42:26+00:00,2026,1,sonny_moore,06-30-2026 - Start of Season,108,OKLAHOMA ST.,0,0,0,0.0,53.81
2026-08-21T18:42:26+00:00,2026,1,sonny_moore,06-30-2026 - Start of Season,109,FLORIDA ATLANTIC,0,0,0,0.0,53.58
2026-08-21T18:42:26+00:00,2026,1,sonny_moore,06-30-2026 - Start of Season,110,FLORIDA INTERNATIONAL,0,0,0,0.0,52.94
2026-08-21T18:42:26+00:00,2026,1,sonny_moore,06-30-2026 - Start of Season,111,WYOMING,0,0,0,0.0,52.13
2026-08-21T18:42:26+00:00,2026,1,sonny_moore,06-30-2026 - Start of Season,112,OREGON ST.,0,0,0,0.0,51.94
2026-08-21T18:42:26+00:00,2026,1,sonny_moore,06-30-2026 - Start of Season,113,TULSA,0,0,0,0.0,51.75
2026-08-21T18:42:26+00:00,2026,1,sonny_moore,06-30-2026 - Start of Season,114,SOUTH ALABAMA,0,0,0,0.0,51.32
2026-08-21T18:42:26+00:00,2026,1,sonny_moore,06-30-2026 - Start of Season,115,BUFFALO,0,0,0,0.0,51.18
2026-08-21T18:42:26+00:00,2026,1,sonny_moore,06-30-2026 - Start of Season,116,NEVADA,0,0,0,0.0,51.04
2026-08-21T18:42:26+00:00,2026,1,sonny_moore,06-30-2026 - Start of Season,117,COASTAL CAROLINA,0,0,0,0.0,50.89
2026-08-21T18:42:26+00:00,2026,1,sonny_moore,06-30-2026 - Start of Season,118,ALABAMA BIRMINGHAM,0,0,0,0.0,50.5
2026-08-21T18:42:26+00:00,2026,1,sonny_moore,06-30-2026 - Start of Season,119,EASTERN MICHIGAN,0,0,0,0.0,49.85
2026-08-21T18:42:26+00:00,2026,1,sonny_moore,06-30-2026 - Start of Season,120,BOWLING GREEN,0,0,0,0.0,49.15
2026-08-21T18:42:26+00:00,2026,1,sonny_moore,06-30-2026 - Start of Season,121,APPALACHIAN ST.,0,0,0,0.0,48.9
2026-08-21T18:42:26+00:00,2026,1,sonny_moore,06-30-2026 - Start of Season,122,AKRON,0,0,0,0.0,48.77
2026-08-21T18:42:26+00:00,2026,1,sonny_moore,06-30-2026 - Start of Season,123,KENT ST.,0,0,0,0.0,48.72
2026-08-21T18:42:26+00:00,2026,1,sonny_moore,06-30-2026 - Start of Season,124,NEW MEXICO ST.,0,0,0,0.0,48.17
2026-08-21T18:42:26+00:00,2026,1,sonny_moore,06-30-2026 - Start of Season,125,COLORADO ST.,0,0,0,0.0,47.4
2026-08-21T18:42:26+00:00,2026,1,sonny_moore,06-30-2026 - Start of Season,126,NORTHERN ILLINOIS,0,0,0,0.0,47.22
2026-08-21T18:42:26+00:00,2026,1,sonny_moore,06-30-2026 - Start of Season,127,GEORGIA ST,0,0,0,0.0,47.1
2026-08-21T18:42:26+00:00,2026,1,sonny_moore,06-30-2026 - Start of Season,128,MIDDLE TENNESSEE ST.,0,0,0,0.0,46.72
2026-08-21T18:42:26+00:00,2026,1,sonny_moore,06-30-2026 - Start of Season,129,RICE,0,0,0,0.0,46.48
2026-08-21T18:42:26+00:00,2026,1,sonny_moore,06-30-2026 - Start of Season,130,LOUISIANA-MONROE,0,0,0,0.0,46.04
2026-08-21T18:42:26+00:00,2026,1,sonny_moore,06-30-2026 - Start of Season,131,BALL ST.,0,0,0,0.0,45.95
2026-08-21T18:42:26+00:00,2026,1,sonny_moore,06-30-2026 - Start of Season,132,SAN JOSE ST.,0,0,0,0.0,45.8
2026-08-21T18:42:26+00:00,2026,1,sonny_moore,06-30-2026 - Start of Season,133,NORTH CAROLINA CHARLOTTE,0,0,0,0.0,44.35
2026-08-21T18:42:26+00:00,2026,1,sonny_moore,06-30-2026 - Start of Season,134,TEXAS EL PASO,0,0,0,0.0,43.95
2026-08-21T18:42:26+00:00,2026,1,sonny_moore,06-30-2026 - Start of Season,135,SAM HOUSTON ST.,0,0,0,0.0,38.17
2026-08-21T18:42:26+00:00,2026,1,sonny_moore,06-30-2026 - Start of Season,136,MASSACHUSETTS,0,0,0,0.0,34.0
2026-08-25T14:27:49+00:00,2026,1,sonny_moore,06-30-2026 - Start of Season,1,INDIANA,0,0,0,0.0,94.0
2026-08-25T14:27:49+00:00,2026,1,sonny_moore,06-30-2026 - Start of Season,2,OHIO ST.,0,0,0,0.0,90.42
2026-08-25T14:27:49+00:00,2026,1,sonny_moore,06-30-2026 - Start of Season,3,OREGON,0,0,0,0.0,89.83
2026-08-25T14:27:49+00:00,2026,1,sonny_moore,06-30-2026 - Start of Season,4,NOTRE DAME,0,0,0,0.0,88.5
2026-08-25T14:27:49+00:00,2026,1,sonny_moore,06-30-2026 - Start of Season,5,TEXAS TECH,0,0,0,0.0,87.02
2026-08-25T14:27:49+00:00,2026,1,sonny_moore,06-30-2026 - Start of Season,6,MIAMI FL.,0,0,0,0.0,86.7
2026-08-25T14:27:49+00:00,2026,1,sonny_moore,06-30-2026 - Start of Season,7,MISSISSIPPI,0,0,0,0.0,84.94
2026-08-25T14:27:49+00:00,2026,1,sonny_moore,06-30-2026 - Start of Season,8,GEORGIA,0,0,0,0.0,83.21
2026-08-25T14:27:49+00:00,2026,1,sonny_moore,06-30-2026 - Start of Season,9,TEXAS,0,0,0,0.0,81.9
2026-08-25T14:27:49+00:00,2026,1,sonny_moore,06-30-2026 - Start of Season,10,UTAH,0,0,0,0.0,81.3
2026-08-25T14:27:49+00:00,2026,1,sonny_moore,06-30-2026 - Start of Season,11,VANDERBILT,0,0,0,0.0,80.06
2026-08-25T14:27:49+00:00,2026,1,sonny_moore,06-30-2026 - Start of Season,12,TEXAS A&M,0,0,0,0.0,79.61
2026-08-25T14:27:49+00:00,2026,1,sonny_moore,06-30-2026 - Start of Season,13,WASHINGTON,0,0,0,0.0,79.08
2026-08-25T14:27:49+00:00,2026,1,sonny_moore,06-30-2026 - Start of Season,14,IOWA,0,0,0,0.0,78.26
2026-08-25T14:27:49+00:00,2026,1,sonny_moore,06-30-2026 - Start of Season,15,BYU,0,0,0,0.0,77.99
2026-08-25T14:27:49+00:00,2026,1,sonny_moore,06-30-2026 - Start of Season,16,OKLAHOMA,0,0,0,0.0,77.98
2026-08-25T14:27:49+00:00,2026,1,sonny_moore,06-30-2026 - Start of Season,17,PENN.ST.,0,0,0,0.0,77.77
2026-08-25T14:27:49+00:00,2026,1,sonny_moore,06-30-2026 - Start of Season,18,SOUTHERN CALIFORNIA,0,0,0,0.0,77.76
2026-08-25T14:27:49+00:00,2026,1,sonny_moore,06-30-2026 - Start of Season,19,ALABAMA,0,0,0,0.0,77.64
2026-08-25T14:27:49+00:00,2026,1,sonny_moore,06-30-2026 - Start of Season,20,TENNESSEE,0,0,0,0.0,76.45
2026-08-25T14:27:49+00:00,2026,1,sonny_moore,06-30-2026 - Start of Season,21,VIRGINIA,0,0,0,0.0,75.8
2026-08-25T14:27:49+00:00,2026,1,sonny_moore,06-30-2026 - Start of Season,22,LSU,0,0,0,0.0,75.73
2026-08-25T14:27:49+00:00,2026,1,sonny_moore,06-30-2026 - Start of Season,23,SMU,0,0,0,0.0,75.44
2026-08-25T14:27:49+00:00,2026,1,sonny_moore,06-30-2026 - Start of Season,24,LOUISVILLE,0,0,0,0.0,74.7
2026-08-25T14:27:49+00:00,2026,1,sonny_moore,06-30-2026 - Start of Season,25,MISSOURI,0,0,0,0.0,74.25
2026-08-25T14:27:49+00:00,2026,1,sonny_moore,06-30-2026 - Start of Season,26,MICHIGAN,0,0,0,0.0,73.68
2026-08-25T14:27:49+00:00,2026,1,sonny_moore,06-30-2026 - Start of Season,27,ILLINOIS,0,0,0,0.0,73.05
2026-08-25T14:27:49+00:00,2026,1,sonny_moore,06-30-2026 - Start of Season,28,ARIZONA,0,0,0,0.0,73.05
2026-08-25T14:27:49+00:00,2026,1,sonny_moore,06-30-2026 - Start of Season,29,TCU,0,0,0,0.0,72.62
2026-08-25T14:27:49+00:00,2026,1,sonny_moore,06-30-2026 - Start of Season,30,OLD DOMINION,0,0,0,0.0,72.28
2026-08-25T14:27:49+00:00,2026,1,sonny_moore,06-30-2026 - Start of Season,31,FLORIDA,0,0,0,0.0,72.07
2026-08-25T14:27:49+00:00,2026,1,sonny_moore,06-30-2026 - Start of Season,32,PITTSBURGH,0,0,0,0.0,72.07
2026-08-25T14:27:49+00:00,2026,1,sonny_moore,06-30-2026 - Start of Season,33,DUKE,0,0,0,0.0,71.95
2026-08-25T14:27:49+00:00,2026,1,sonny_moore,06-30-2026 - Start of Season,34,SOUTH CAROLINA,0,0,0,0.0,71.9
2026-08-25T14:27:49+00:00,2026,1,sonny_moore,06-30-2026 - Start of Season,35,NAVY,0,0,0,0.0,71.88
2026-08-25T14:27:49+00:00,2026,1,sonny_moore,06-30-2026 - Start of Season,36,AUBURN,0,0,0,0.0,71.71
2026-08-25T14:27:49+00:00,2026,1,sonny_moore,06-30-2026 - Start of Season,37,HOUSTON,0,0,0,0.0,71.29
2026-08-25T14:27:49+00:00,2026,1,sonny_moore,06-30-2026 - Start of Season,38,CLEMSON,0,0,0,0.0,71.19
2026-08-25T14:27:49+00:00,2026,1,sonny_moore,06-30-2026 - Start of Season,39,GEORGIA TECH,0,0,0,0.0,71.01
2026-08-25T14:27:49+00:00,2026,1,sonny_moore,06-30-2026 - Start of Season,40,SOUTH FLORIDA,0,0,0,0.0,70.8
2026-08-25T14:27:49+00:00,2026,1,sonny_moore,06-30-2026 - Start of Season,41,WAKE FOREST,0,0,0,0.0,70.79
2026-08-25T14:27:49+00:00,2026,1,sonny_moore,06-30-2026 - Start of Season,42,NORTH CAROLINA ST.,0,0,0,0.0,70.58
2026-08-25T14:27:49+00:00,2026,1,sonny_moore,06-30-2026 - Start of Season,43,JAMES MADISON,0,0,0,0.0,70.48
2026-08-25T14:27:49+00:00,2026,1,sonny_moore,06-30-2026 - Start of Season,44,KANSAS ST.,0,0,0,0.0,70.4
2026-08-25T14:27:49+00:00,2026,1,sonny_moore,06-30-2026 - Start of Season,45,MINNESOTA,0,0,0,0.0,69.43
2026-08-25T14:27:49+00:00,2026,1,sonny_moore,06-30-2026 - Start of Season,46,FLORIDA ST.,0,0,0,0.0,69.33
2026-08-25T14:27:49+00:00,2026,1,sonny_moore,06-30-2026 - Start of Season,47,ARIZONA ST.,0,0,0,0.0,69.23
2026-08-25T14:27:49+00:00,2026,1,sonny_moore,06-30-2026 - Start of Season,48,NEBRASKA,0,0,0,0.0,68.73
2026-08-25T14:27:49+00:00,2026,1,sonny_moore,06-30-2026 - Start of Season,49,EAST CAROLINA,0,0,0,0.0,68.09
2026-08-25T14:27:49+00:00,2026,1,sonny_moore,06-30-2026 - Start of Season,50,IOWA ST.,0,0,0,0.0,67.93
2026-08-25T14:27:49+00:00,2026,1,sonny_moore,06-30-2026 - Start of Season,51,NORTHWESTERN,0,0,0,0.0,67.78
2026-08-25T14:27:49+00:00,2026,1,sonny_moore,06-30-2026 - Start of Season,52,BOISE STATE,0,0,0,0.0,67.27
2026-08-25T14:27:49+00:00,2026,1,sonny_moore,06-30-2026 - Start of Season,53,TULANE,0,0,0,0.0,66.93
2026-08-25T14:27:49+00:00,2026,1,sonny_moore,06-30-2026 - Start of Season,54,NORTH TEXAS,0,0,0,0.0,66.81
2026-08-25T14:27:49+00:00,2026,1,sonny_moore,06-30-2026 - Start of Season,55,ARKANSAS,0,0,0,0.0,66.61
2026-08-25T14:27:49+00:00,2026,1,sonny_moore,06-30-2026 - Start of Season,56,TEXAS SAN ANTONIO,0,0,0,0.0,66.28
2026-08-25T14:27:49+00:00,2026,1,sonny_moore,06-30-2026 - Start of Season,57,KENTUCKY,0,0,0,0.0,66.19
2026-08-25T14:27:49+00:00,2026,1,sonny_moore,06-30-2026 - Start of Season,58,WASHINGTON ST.,0,0,0,0.0,66.13
2026-08-25T14:27:49+00:00,2026,1,sonny_moore,06-30-2026 - Start of Season,59,CINCINNATI,0,0,0,0.0,65.97
2026-08-25T14:27:49+00:00,2026,1,sonny_moore,06-30-2026 - Start of Season,60,TOLEDO,0,0,0,0.0,65.67
2026-08-25T14:27:49+00:00,2026,1,sonny_moore,06-30-2026 - Start of Season,61,WESTERN MICHIGAN,0,0,0,0.0,65.6
2026-08-25T14:27:49+00:00,2026,1,sonny_moore,06-30-2026 - Start of Season,62,MISSISSIPPI ST.,0,0,0,0.0,65.6
2026-08-25T14:27:49+00:00,2026,1,sonny_moore,06-30-2026 - Start of Season,63,KANSAS,0,0,0,0.0,65.32
2026-08-25T14:27:49+00:00,2026,1,sonny_moore,06-30-2026 - Start of Season,64,RUTGERS,0,0,0,0.0,64.71
2026-08-25T14:27:49+00:00,2026,1,sonny_moore,06-30-2026 - Start of Season,65,WISCONSIN,0,0,0,0.0,64.61
2026-08-25T14:27:49+00:00,2026,1,sonny_moore,06-30-2026 - Start of Season,66,BAYLOR,0,0,0,0.0,64.48
2026-08-25T14:27:49+00:00,2026,1,sonny_moore,06-30-2026 - Start of Season,67,SAN DIEGO ST.,0,0,0,0.0,64.3
2026-08-25T14:27:49+00:00,2026,1,sonny_moore,06-30-2026 - Start of Season,68,ARMY,0,0,0,0.0,64.15
2026-08-25T14:27:49+00:00,2026,1,sonny_moore,06-30-2026 - Start of Season,69,VIRGINIA TECH,0,0,0,0.0,64.08
2026-08-25T14:27:49+00:00,2026,1,sonny_moore,06-30-2026 - Start of Season,70,CALIFORNIA,0,0,0,0.0,63.93
2026-08-25T14:27:49+00:00,2026,1,sonny_moore,06-30-2026 - Start of Season,71,TEXAS ST.,0,0,0,0.0,63.69
2026-08-25T14:27:49+00:00,2026,1,sonny_moore,06-30-2026 - Start of Season,72,NEW MEXICO,0,0,0,0.0,63.19
2026-08-25T14:27:49+00:00,2026,1,sonny_moore,06-30-2026 - Start of Season,73,MICHIGAN ST.,0,0,0,0.0,62.47
2026-08-25T14:27:49+00:00,2026,1,sonny_moore,06-30-2026 - Start of Season,74,MEMPHIS,0,0,0,0.0,62.22
2026-08-25T14:27:49+00:00,2026,1,sonny_moore,06-30-2026 - Start of Season,75,OHIO UNIVERSITY,0,0,0,0.0,62.1
2026-08-25T14:27:49+00:00,2026,1,sonny_moore,06-30-2026 - Start of Season,76,CENTRAL FLORIDA,0,0,0,0.0,62.01
2026-08-25T14:27:49+00:00,2026,1,sonny_moore,06-30-2026 - Start of Season,77,MARYLAND,0,0,0,0.0,61.98
2026-08-25T14:27:49+00:00,2026,1,sonny_moore,06-30-2026 - Start of Season,78,NEVADA LAS VEGAS,0,0,0,0.0,61.9
2026-08-25T14:27:49+00:00,2026,1,sonny_moore,06-30-2026 - Start of Season,79,COLORADO,0,0,0,0.0,61.57
2026-08-25T14:27:49+00:00,2026,1,sonny_moore,06-30-2026 - Start of Season,80,STANFORD,0,0,0,0.0,61.42
2026-08-25T14:27:49+00:00,2026,1,sonny_moore,06-30-2026 - Start of Season,81,UTAH ST.,0,0,0,0.0,61.26
2026-08-25T14:27:49+00:00,2026,1,sonny_moore,06-30-2026 - Start of Season,82,BOSTON COLLEGE,0,0,0,0.0,60.82
2026-08-25T14:27:49+00:00,2026,1,sonny_moore,06-30-2026 - Start of Season,83,HAWAII,0,0,0,0.0,60.78
2026-08-25T14:27:49+00:00,2026,1,sonny_moore,06-30-2026 - Start of Season,84,UCLA,0,0,0,0.0,60.18
2026-08-25T14:27:49+00:00,2026,1,sonny_moore,06-30-2026 - Start of Season,85,WESTERN KENTUCKY,0,0,0,0.0,59.69
2026-08-25T14:27:49+00:00,2026,1,sonny_moore,06-30-2026 - Start of Season,86,FRESNO ST.,0,0,0,0.0,59.2
2026-08-25T14:27:49+00:00,2026,1,sonny_moore,06-30-2026 - Start of Season,87,MIAMI OHIO,0,0,0,0.0,58.44
2026-08-25T14:27:49+00:00,2026,1,sonny_moore,06-30-2026 - Start of Season,88,CENTRAL MICHIGAN,0,0,0,0.0,58.32
2026-08-25T14:27:49+00:00,2026,1,sonny_moore,06-30-2026 - Start of Season,89,WEST VIRGINIA,0,0,0,0.0,58.25
2026-08-25T14:27:49+00:00,2026,1,sonny_moore,06-30-2026 - Start of Season,90,JACKSONVILLE ST.,0,0,0,0.0,57.99
2026-08-25T14:27:49+00:00,2026,1,sonny_moore,06-30-2026 - Start of Season,91,LOUISIANA TECH,0,0,0,0.0,57.98
2026-08-25T14:27:49+00:00,2026,1,sonny_moore,06-30-2026 - Start of Season,92,ARKANSAS ST.,0,0,0,0.0,57.8
2026-08-25T14:27:49+00:00,2026,1,sonny_moore,06-30-2026 - Start of Season,93,NORTH CAROLINA,0,0,0,0.0,57.7
2026-08-25T14:27:49+00:00,2026,1,sonny_moore,06-30-2026 - Start of Season,94,AIR FORCE,0,0,0,0.0,57.2
2026-08-25T14:27:49+00:00,2026,1,sonny_moore,06-30-2026 - Start of Season,95,CONNECTICUT,0,0,0,0.0,57.0
2026-08-25T14:27:49+00:00,2026,1,sonny_moore,06-30-2026 - Start of Season,96,TEMPLE,0,0,0,0.0,56.59
2026-08-25T14:27:49+00:00,2026,1,sonny_moore,06-30-2026 - Start of Season,97,PURDUE,0,0,0,0.0,56.33
2026-08-25T14:27:49+00:00,2026,1,sonny_moore,06-30-2026 - Start of Season,98,TROY ST.,0,0,0,0.0,56.0
2026-08-25T14:27:49+00:00,2026,1,sonny_moore,06-30-2026 - Start of Season,99,GEORGIA SOUTHERN,0,0,0,0.0,55.82
2026-08-25T14:27:49+00:00,2026,1,sonny_moore,06-30-2026 - Start of Season,100,DELAWARE,0,0,0,0.0,55.73
2026-08-25T14:27:49+00:00,2026,1,sonny_moore,06-30-2026 - Start of Season,101,KENNESAW ST.,0,0,0,0.0,55.64
2026-08-25T14:27:49+00:00,2026,1,sonny_moore,06-30-2026 - Start of Season,102,SYRACUSE,0,0,0,0.0,55.38
2026-08-25T14:27:49+00:00,2026,1,sonny_moore,06-30-2026 - Start of Season,103,MARSHALL,0,0,0,0.0,55.21
2026-08-25T14:27:49+00:00,2026,1,sonny_moore,06-30-2026 - Start of Season,104,LIBERTY,0,0,0,0.0,54.54
2026-08-25T14:27:49+00:00,2026,1,sonny_moore,06-30-2026 - Start of Season,105,SOUTHERN MISSISSIPPI,0,0,0,0.0,54.03
2026-08-25T14:27:49+00:00,2026,1,sonny_moore,06-30-2026 - Start of Season,106,LOUISIANA-LAFAYETTE,0,0,0,0.0,53.94
2026-08-25T14:27:49+00:00,2026,1,sonny_moore,06-30-2026 - Start of Season,107,MISSOURI ST.,0,0,0,0.0,53.87
2026-08-25T14:27:49+00:00,2026,1,sonny_moore,06-30-2026 - Start of Season,108,OKLAHOMA ST.,0,0,0,0.0,53.81
2026-08-25T14:27:49+00:00,2026,1,sonny_moore,06-30-2026 - Start of Season,109,FLORIDA ATLANTIC,0,0,0,0.0,53.58
2026-08-25T14:27:49+00:00,2026,1,sonny_moore,06-30-2026 - Start of Season,110,FLORIDA INTERNATIONAL,0,0,0,0.0,52.94
2026-08-25T14:27:49+00:00,2026,1,sonny_moore,06-30-2026 - Start of Season,111,WYOMING,0,0,0,0.0,52.13
2026-08-25T14:27:49+00:00,2026,1,sonny_moore,06-30-2026 - Start of Season,112,OREGON ST.,0,0,0,0.0,51.94
2026-08-25T14:27:49+00:00,2026,1,sonny_moore,06-30-2026 - Start of Season,113,TULSA,0,0,0,0.0,51.75
2026-08-25T14:27:49+00:00,2026,1,sonny_moore,06-30-2026 - Start of Season,114,SOUTH ALABAMA,0,0,0,0.0,51.32
2026-08-25T14:27:49+00:00,2026,1,sonny_moore,06-30-2026 - Start of Season,115,BUFFALO,0,0,0,0.0,51.18
2026-08-25T14:27:49+00:00,2026,1,sonny_moore,06-30-2026 - Start of Season,116,NEVADA,0,0,0,0.0,51.04
2026-08-25T14:27:49+00:00,2026,1,sonny_moore,06-30-2026 - Start of Season,117,COASTAL CAROLINA,0,0,0,0.0,50.89
2026-08-25T14:27:49+00:00,2026,1,sonny_moore,06-30-2026 - Start of Season,118,ALABAMA BIRMINGHAM,0,0,0,0.0,50.5
2026-08-25T14:27:49+00:00,2026,1,sonny_moore,06-30-2026 - Start of Season,119,EASTERN MICHIGAN,0,0,0,0.0,49.85
2026-08-25T14:27:49+00:00,2026,1,sonny_moore,06-30-2026 - Start of Season,120,BOWLING GREEN,0,0,0,0.0,49.15
2026-08-25T14:27:49+00:00,2026,1,sonny_moore,06-30-2026 - Start of Season,121,APPALACHIAN ST.,0,0,0,0.0,48.9
2026-08-25T14:27:49+00:00,2026,1,sonny_moore,06-30-2026 - Start of Season,122,AKRON,0,0,0,0.0,48.77
2026-08-25T14:27:49+00:00,2026,1,sonny_moore,06-30-2026 - Start of Season,123,KENT ST.,0,0,0,0.0,48.72
2026-08-25T14:27:49+00:00,2026,1,sonny_moore,06-30-2026 - Start of Season,124,NEW MEXICO ST.,0,0,0,0.0,48.17
2026-08-25T14:27:49+00:00,2026,1,sonny_moore,06-30-2026 - Start of Season,125,COLORADO ST.,0,0,0,0.0,47.4
2026-08-25T14:27:49+00:00,2026,1,sonny_moore,06-30-2026 - Start of Season,126,NORTHERN ILLINOIS,0,0,0,0.0,47.22
2026-08-25T14:27:49+00:00,2026,1,sonny_moore,06-30-2026 - Start of Season,127,GEORGIA ST,0,0,0,0.0,47.1
2026-08-25T14:27:49+00:00,2026,1,sonny_moore,06-30-2026 - Start of Season,128,MIDDLE TENNESSEE ST.,0,0,0,0.0,46.72
2026-08-25T14:27:49+00:00,2026,1,sonny_moore,06-30-2026 - Start of Season,129,RICE,0,0,0,0.0,46.48
2026-08-25T14:27:49+00:00,2026,1,sonny_moore,06-30-2026 - Start of Season,130,LOUISIANA-MONROE,0,0,0,0.0,46.04
2026-08-25T14:27:49+00:00,2026,1,sonny_moore,06-30-2026 - Start of Season,131,BALL ST.,0,0,0,0.0,45.95
2026-08-25T14:27:49+00:00,2026,1,sonny_moore,06-30-2026 - Start of Season,132,SAN JOSE ST.,0,0,0,0.0,45.8
2026-08-25T14:27:49+00:00,2026,1,sonny_moore,06-30-2026 - Start of Season,133,NORTH CAROLINA CHARLOTTE,0,0,0,0.0,44.35
2026-08-25T14:27:49+00:00,2026,1,sonny_moore,06-30-2026 - Start of Season,134,TEXAS EL PASO,0,0,0,0.0,43.95
2026-08-25T14:27:49+00:00,2026,1,sonny_moore,06-30-2026 - Start of Season,135,SAM HOUSTON ST.,0,0,0,0.0,38.17
2026-08-25T14:27:49+00:00,2026,1,sonny_moore,06-30-2026 - Start of Season,136,MASSACHUSETTS,0,0,0,0.0,34.0
2026-09-01T12:03:36+00:00,2026,2,sonny_moore,00:46:58 on 08-30-2026,1,INDIANA,0,0,0,0.0,94.0
2026-09-01T12:03:36+00:00,2026,2,sonny_moore,00:46:58 on 08-30-2026,2,OHIO ST.,0,0,0,0.0,90.42
2026-09-01T12:03:36+00:00,2026,2,sonny_moore,00:46:58 on 08-30-2026,3,OREGON,0,0,0,0.0,89.83
2026-09-01T12:03:36+00:00,2026,2,sonny_moore,00:46:58 on 08-30-2026,4,NOTRE DAME,0,0,0,0.0,88.5
2026-09-01T12:03:36+00:00,2026,2,sonny_moore,00:46:58 on 08-30-2026,5,TEXAS TECH,0,0,0,0.0,87.02
2026-09-01T12:03:36+00:00,2026,2,sonny_moore,00:46:58 on 08-30-2026,6,MIAMI FL.,0,0,0,0.0,86.7
2026-09-01T12:03:36+00:00,2026,2,sonny_moore,00:46:58 on 08-30-2026,7,MISSISSIPPI,0,0,0,0.0,84.94
2026-09-01T12:03:36+00:00,2026,2,sonny_moore,00:46:58 on 08-30-2026,8,GEORGIA,0,0,0,0.0,83.21
2026-09-01T12:03:36+00:00,2026,2,sonny_moore,00:46:58 on 08-30-2026,9,TEXAS,0,0,0,0.0,81.9
2026-09-01T12:03:36+00:00,2026,2,sonny_moore,00:46:58 on 08-30-2026,10,UTAH,0,0,0,0.0,81.3
2026-09-01T12:03:36+00:00,2026,2,sonny_moore,00:46:58 on 08-30-2026,11,VANDERBILT,0,0,0,0.0,80.06
2026-09-01T12:03:36+00:00,2026,2,sonny_moore,00:46:58 on 08-30-2026,12,TEXAS A&M,0,0,0,0.0,79.61
2026-09-01T12:03:36+00:00,2026,2,sonny_moore,00:46:58 on 08-30-2026,13,VIRGINIA,1,0,0,70.58,79.17
2026-09-01T12:03:36+00:00,2026,2,sonny_moore,00:46:58 on 08-30-2026,14,NORTH DAKOTA ST.,1,0,0,57.99,79.12
2026-09-01T12:03:36+00:00,2026,2,sonny_moore,00:46:58 on 08-30-2026,15,WASHINGTON,0,0,0,0.0,79.08
2026-09-01T12:03:36+00:00,2026,2,sonny_moore,00:46:58 on 08-30-2026,16,IOWA,0,0,0,0.0,78.26
2026-09-01T12:03:36+00:00,2026,2,sonny_moore,00:46:58 on 08-30-2026,17,BYU,0,0,0,0.0,77.99
2026-09-01T12:03:36+00:00,2026,2,sonny_moore,00:46:58 on 08-30-2026,18,OKLAHOMA,0,0,0,0.0,77.98
2026-09-01T12:03:36+00:00,2026,2,sonny_moore,00:46:58 on 08-30-2026,19,PENN.ST.,0,0,0,0.0,77.77
2026-09-01T12:03:36+00:00,2026,2,sonny_moore,00:46:58 on 08-30-2026,20,ALABAMA,0,0,0,0.0,77.64
2026-09-01T12:03:36+00:00,2026,2,sonny_moore,00:46:58 on 08-30-2026,21,TENNESSEE,0,0,0,0.0,76.45
2026-09-01T12:03:36+00:00,2026,2,sonny_moore,00:46:58 on 08-30-2026,22,LSU,0,0,0,0.0,75.73
2026-09-01T12:03:36+00:00,2026,2,sonny_moore,00:46:58 on 08-30-2026,23,SMU,0,0,0,0.0,75.44
2026-09-01T12:03:36+00:00,2026,2,sonny_moore,00:46:58 on 08-30-2026,24,SOUTHERN CALIFORNIA,1,0,0,45.8,74.84
2026-09-01T12:03:36+00:00,2026,2,sonny_moore,00:46:58 on 08-30-2026,25,LOUISVILLE,0,0,0,0.0,74.7
2026-09-01T12:03:36+00:00,2026,2,sonny_moore,00:46:58 on 08-30-2026,26,MISSOURI,0,0,0,0.0,74.25
2026-09-01T12:03:36+00:00,2026,2,sonny_moore,00:46:58 on 08-30-2026,27,MICHIGAN,0,0,0,0.0,73.68
2026-09-01T12:03:36+00:00,2026,2,sonny_moore,00:46:58 on 08-30-2026,28,ARIZONA,0,0,0,0.0,73.05
2026-09-01T12:03:36+00:00,2026,2,sonny_moore,00:46:58 on 08-30-2026,29,ILLINOIS,0,0,0,0.0,73.05
2026-09-01T12:03:36+00:00,2026,2,sonny_moore,00:46:58 on 08-30-2026,30,OLD DOMINION,0,0,0,0.0,72.28
2026-09-01T12:03:36+00:00,2026,2,sonny_moore,00:46:58 on 08-30-2026,31,FLORIDA,0,0,0,0.0,72.07
2026-09-01T12:03:36+00:00,2026,2,sonny_moore,00:46:58 on 08-30-2026,32,PITTSBURGH,0,0,0,0.0,72.07
2026-09-01T12:03:36+00:00,2026,2,sonny_moore,00:46:58 on 08-30-2026,33,DUKE,0,0,0,0.0,71.95
2026-09-01T12:03:36+00:00,2026,2,sonny_moore,00:46:58 on 08-30-2026,34,SOUTH CAROLINA,0,0,0,0.0,71.9
2026-09-01T12:03:36+00:00,2026,2,sonny_moore,00:46:58 on 08-30-2026,35,NAVY,0,0,0,0.0,71.88
2026-09-01T12:03:36+00:00,2026,2,sonny_moore,00:46:58 on 08-30-2026,36,AUBURN,0,0,0,0.0,71.71
2026-09-01T12:03:36+00:00,2026,2,sonny_moore,00:46:58 on 08-30-2026,37,HOUSTON,0,0,0,0.0,71.29
2026-09-01T12:03:36+00:00,2026,2,sonny_moore,00:46:58 on 08-30-2026,38,CLEMSON,0,0,0,0.0,71.19
2026-09-01T12:03:36+00:00,2026,2,sonny_moore,00:46:58 on 08-30-2026,39,GEORGIA TECH,0,0,0,0.0,71.01
2026-09-01T12:03:36+00:00,2026,2,sonny_moore,00:46:58 on 08-30-2026,40,SOUTH FLORIDA,0,0,0,0.0,70.8
2026-09-01T12:03:36+00:00,2026,2,sonny_moore,00:46:58 on 08-30-2026,41,WAKE FOREST,0,0,0,0.0,70.79
2026-09-01T12:03:36+00:00,2026,2,sonny_moore,00:46:58 on 08-30-2026,42,JAMES MADISON,0,0,0,0.0,70.48
2026-09-01T12:03:36+00:00,2026,2,sonny_moore,00:46:58 on 08-30-2026,43,KANSAS ST.,0,0,0,0.0,70.4
2026-09-01T12:03:36+00:00,2026,2,sonny_moore,00:46:58 on 08-30-2026,44,MINNESOTA,0,0,0,0.0,69.43
2026-09-01T12:03:36+00:00,2026,2,sonny_moore,00:46:58 on 08-30-2026,45,ARIZONA ST.,0,0,0,0.0,69.23
2026-09-01T12:03:36+00:00,2026,2,sonny_moore,00:46:58 on 08-30-2026,46,TCU,0,1,0,57.7,69.06
2026-09-01T12:03:36+00:00,2026,2,sonny_moore,00:46:58 on 08-30-2026,47,NEBRASKA,0,0,0,0.0,68.73
2026-09-01T12:03:36+00:00,2026,2,sonny_moore,00:46:58 on 08-30-2026,48,EAST CAROLINA,0,0,0,0.0,68.09
2026-09-01T12:03:36+00:00,2026,2,sonny_moore,00:46:58 on 08-30-2026,49,IOWA ST.,0,0,0,0.0,67.93
2026-09-01T12:03:36+00:00,2026,2,sonny_moore,00:46:58 on 08-30-2026,50,NORTHWESTERN,0,0,0,0.0,67.78
2026-09-01T12:03:36+00:00,2026,2,sonny_moore,00:46:58 on 08-30-2026,51,BOISE STATE,0,0,0,0.0,67.27
2026-09-01T12:03:36+00:00,2026,2,sonny_moore,00:46:58 on 08-30-2026,52,NORTH CAROLINA ST.,0,1,0,75.8,67.23
2026-09-01T12:03:36+00:00,2026,2,sonny_moore,00:46:58 on 08-30-2026,53,FLORIDA ST.,1,0,0,48.17,67.22
2026-09-01T12:03:36+00:00,2026,2,sonny_moore,00:46:58 on 08-30-2026,54,TULANE,0,0,0,0.0,66.93
2026-09-01T12:03:36+00:00,2026,2,sonny_moore,00:46:58 on 08-30-2026,55,NORTH TEXAS,0,0,0,0.0,66.81
2026-09-01T12:03:36+00:00,2026,2,sonny_moore,00:46:58 on 08-30-2026,56,ARKANSAS,0,0,0,0.0,66.61
2026-09-01T12:03:36+00:00,2026,2,sonny_moore,00:46:58 on 08-30-2026,57,TEXAS SAN ANTONIO,0,0,0,0.0,66.28
2026-09-01T12:03:36+00:00,2026,2,sonny_moore,00:46:58 on 08-30-2026,58,KENTUCKY,0,0,0,0.0,66.19
2026-09-01T12:03:36+00:00,2026,2,sonny_moore,00:46:58 on 08-30-2026,59,WASHINGTON ST.,0,0,0,0.0,66.13
2026-09-01T12:03:36+00:00,2026,2,sonny_moore,00:46:58 on 08-30-2026,60,CINCINNATI,0,0,0,0.0,65.97
2026-09-01T12:03:36+00:00,2026,2,sonny_moore,00:46:58 on 08-30-2026,61,TOLEDO,0,0,0,0.0,65.67
2026-09-01T12:03:36+00:00,2026,2,sonny_moore,00:46:58 on 08-30-2026,62,WESTERN MICHIGAN,0,0,0,0.0,65.6
2026-09-01T12:03:36+00:00,2026,2,sonny_moore,00:46:58 on 08-30-2026,63,MISSISSIPPI ST.,0,0,0,0.0,65.6
2026-09-01T12:03:36+00:00,2026,2,sonny_moore,00:46:58 on 08-30-2026,64,KANSAS,0,0,0,0.0,65.32
2026-09-01T12:03:36+00:00,2026,2,sonny_moore,00:46:58 on 08-30-2026,65,MEMPHIS,1,0,0,61.9,65.0
2026-09-01T12:03:36+00:00,2026,2,sonny_moore,00:46:58 on 08-30-2026,66,RUTGERS,0,0,0,0.0,64.71
2026-09-01T12:03:36+00:00,2026,2,sonny_moore,00:46:58 on 08-30-2026,67,WISCONSIN,0,0,0,0.0,64.61
2026-09-01T12:03:36+00:00,2026,2,sonny_moore,00:46:58 on 08-30-2026,68,STANFORD,1,0,0,60.78,64.53
2026-09-01T12:03:36+00:00,2026,2,sonny_moore,00:46:58 on 08-30-2026,69,BAYLOR,0,0,0,0.0,64.48
2026-09-01T12:03:36+00:00,2026,2,sonny_moore,00:46:58 on 08-30-2026,70,SAN DIEGO ST.,0,0,0,0.0,64.3
2026-09-01T12:03:36+00:00,2026,2,sonny_moore,00:46:58 on 08-30-2026,71,ARMY,0,0,0,0.0,64.15
2026-09-01T12:03:36+00:00,2026,2,sonny_moore,00:46:58 on 08-30-2026,72,VIRGINIA TECH,0,0,0,0.0,64.08
2026-09-01T12:03:36+00:00,2026,2,sonny_moore,00:46:58 on 08-30-2026,73,CALIFORNIA,0,0,0,0.0,63.93
2026-09-01T12:03:36+00:00,2026,2,sonny_moore,00:46:58 on 08-30-2026,74,TEXAS ST.,0,0,0,0.0,63.69
2026-09-01T12:03:36+00:00,2026,2,sonny_moore,00:46:58 on 08-30-2026,75,NEW MEXICO,0,0,0,0.0,63.19
2026-09-01T12:03:36+00:00,2026,2,sonny_moore,00:46:58 on 08-30-2026,76,MICHIGAN ST.,0,0,0,0.0,62.47
2026-09-01T12:03:36+00:00,2026,2,sonny_moore,00:46:58 on 08-30-2026,77,OHIO UNIVERSITY,0,0,0,0.0,62.1
2026-09-01T12:03:36+00:00,2026,2,sonny_moore,00:46:58 on 08-30-2026,78,CENTRAL FLORIDA,0,0,0,0.0,62.01
2026-09-01T12:03:36+00:00,2026,2,sonny_moore,00:46:58 on 08-30-2026,79,MARYLAND,0,0,0,0.0,61.98
2026-09-01T12:03:36+00:00,2026,2,sonny_moore,00:46:58 on 08-30-2026,80,COLORADO,0,0,0,0.0,61.57
2026-09-01T12:03:36+00:00,2026,2,sonny_moore,00:46:58 on 08-30-2026,81,NORTH CAROLINA,1,0,0,72.62,61.28
2026-09-01T12:03:36+00:00,2026,2,sonny_moore,00:46:58 on 08-30-2026,82,UTAH ST.,0,0,0,0.0,61.26
2026-09-01T12:03:36+00:00,2026,2,sonny_moore,00:46:58 on 08-30-2026,83,BOSTON COLLEGE,0,0,0,0.0,60.82
2026-09-01T12:03:36+00:00,2026,2,sonny_moore,00:46:58 on 08-30-2026,84,UCLA,0,0,0,0.0,60.18
2026-09-01T12:03:36+00:00,2026,2,sonny_moore,00:46:58 on 08-30-2026,85,WESTERN KENTUCKY,0,0,0,0.0,59.69
2026-09-01T12:03:36+00:00,2026,2,sonny_moore,00:46:58 on 08-30-2026,86,FRESNO ST.,0,0,0,0.0,59.2
2026-09-01T12:03:36+00:00,2026,2,sonny_moore,00:46:58 on 08-30-2026,87,NEVADA LAS VEGAS,0,1,0,62.22,59.13
2026-09-01T12:03:36+00:00,2026,2,sonny_moore,00:46:58 on 08-30-2026,88,MIAMI OHIO,0,0,0,0.0,58.44
2026-09-01T12:03:36+00:00,2026,2,sonny_moore,00:46:58 on 08-30-2026,89,CENTRAL MICHIGAN,0,0,0,0.0,58.32
2026-09-01T12:03:36+00:00,2026,2,sonny_moore,00:46:58 on 08-30-2026,90,WEST VIRGINIA,0,0,0,0.0,58.25
2026-09-01T12:03:36+00:00,2026,2,sonny_moore,00:46:58 on 08-30-2026,91,LOUISIANA TECH,0,0,0,0.0,57.98
2026-09-01T12:03:36+00:00,2026,2,sonny_moore,00:46:58 on 08-30-2026,92,ARKANSAS ST.,0,0,0,0.0,57.8
2026-09-01T12:03:36+00:00,2026,2,sonny_moore,00:46:58 on 08-30-2026,93,HAWAII,0,1,0,61.42,57.68
2026-09-01T12:03:36+00:00,2026,2,sonny_moore,00:46:58 on 08-30-2026,94,JACKSONVILLE ST.,0,1,0,79.12,57.66
2026-09-01T12:03:36+00:00,2026,2,sonny_moore,00:46:58 on 08-30-2026,95,AIR FORCE,0,0,0,0.0,57.2
2026-09-01T12:03:36+00:00,2026,2,sonny_moore,00:46:58 on 08-30-2026,96,CONNECTICUT,0,0,0,0.0,57.0
2026-09-01T12:03:36+00:00,2026,2,sonny_moore,00:46:58 on 08-30-2026,97,TEMPLE,0,0,0,0.0,56.59
2026-09-01T12:03:36+00:00,2026,2,sonny_moore,00:46:58 on 08-30-2026,98,PURDUE,0,0,0,0.0,56.33
2026-09-01T12:03:36+00:00,2026,2,sonny_moore,00:46:58 on 08-30-2026,99,TROY ST.,0,0,0,0.0,56.0
2026-09-01T12:03:36+00:00,2026,2,sonny_moore,00:46:58 on 08-30-2026,100,GEORGIA SOUTHERN,0,0,0,0.0,55.82
2026-09-01T12:03:36+00:00,2026,2,sonny_moore,00:46:58 on 08-30-2026,101,DELAWARE,0,0,0,0.0,55.73
2026-09-01T12:03:36+00:00,2026,2,sonny_moore,00:46:58 on 08-30-2026,102,KENNESAW ST.,0,0,0,0.0,55.64
2026-09-01T12:03:36+00:00,2026,2,sonny_moore,00:46:58 on 08-30-2026,103,SYRACUSE,0,0,0,0.0,55.38
2026-09-01T12:03:36+00:00,2026,2,sonny_moore,00:46:58 on 08-30-2026,104,MARSHALL,0,0,0,0.0,55.21
2026-09-01T12:03:36+00:00,2026,2,sonny_moore,00:46:58 on 08-30-2026,105,LIBERTY,0,0,0,0.0,54.54
2026-09-01T12:03:36+00:00,2026,2,sonny_moore,00:46:58 on 08-30-2026,106,SOUTHERN MISSISSIPPI,0,0,0,0.0,54.03
2026-09-01T12:03:36+00:00,2026,2,sonny_moore,00:46:58 on 08-30-2026,107,LOUISIANA-LAFAYETTE,0,0,0,0.0,53.94
2026-09-01T12:03:36+00:00,2026,2,sonny_moore,00:46:58 on 08-30-2026,108,MISSOURI ST.,0,0,0,0.0,53.87
2026-09-01T12:03:36+00:00,2026,2,sonny_moore,00:46:58 on 08-30-2026,109,OKLAHOMA ST.,0,0,0,0.0,53.81
2026-09-01T12:03:36+00:00,2026,2,sonny_moore,00:46:58 on 08-30-2026,110,FLORIDA ATLANTIC,0,0,0,0.0,53.58
2026-09-01T12:03:36+00:00,2026,2,sonny_moore,00:46:58 on 08-30-2026,111,FLORIDA INTERNATIONAL,0,0,0,0.0,52.94
2026-09-01T12:03:36+00:00,2026,2,sonny_moore,00:46:58 on 08-30-2026,112,WYOMING,0,0,0,0.0,52.13
2026-09-01T12:03:36+00:00,2026,2,sonny_moore,00:46:58 on 08-30-2026,113,OREGON ST.,0,0,0,0.0,51.94
2026-09-01T12:03:36+00:00,2026,2,sonny_moore,00:46:58 on 08-30-2026,114,TULSA,0,0,0,0.0,51.75
2026-09-01T12:03:36+00:00,2026,2,sonny_moore,00:46:58 on 08-30-2026,115,SOUTH ALABAMA,0,0,0,0.0,51.32
2026-09-01T12:03:36+00:00,2026,2,sonny_moore,00:46:58 on 08-30-2026,116,BUFFALO,0,0,0,0.0,51.18
2026-09-01T12:03:36+00:00,2026,2,sonny_moore,00:46:58 on 08-30-2026,117,NEVADA,0,0,0,0.0,51.04
2026-09-01T12:03:36+00:00,2026,2,sonny_moore,00:46:58 on 08-30-2026,118,COASTAL CAROLINA,0,0,0,0.0,50.89
2026-09-01T12:03:36+00:00,2026,2,sonny_moore,00:46:58 on 08-30-2026,119,ALABAMA BIRMINGHAM,0,0,0,0.0,50.5
2026-09-01T12:03:36+00:00,2026,2,sonny_moore,00:46:58 on 08-30-2026,120,NEW MEXICO ST.,0,1,0,69.33,50.29
2026-09-01T12:03:36+00:00,2026,2,sonny_moore,00:46:58 on 08-30-2026,121,EASTERN MICHIGAN,1,0,0,40.72,50.18
2026-09-01T12:03:36+00:00,2026,2,sonny_moore,00:46:58 on 08-30-2026,122,BOWLING GREEN,0,0,0,0.0,49.15
2026-09-01T12:03:36+00:00,2026,2,sonny_moore,00:46:58 on 08-30-2026,123,APPALACHIAN ST.,0,0,0,0.0,48.9
2026-09-01T12:03:36+00:00,2026,2,sonny_moore,00:46:58 on 08-30-2026,124,AKRON,0,0,0,0.0,48.77
2026-09-01T12:03:36+00:00,2026,2,sonny_moore,00:46:58 on 08-30-2026,125,SAN JOSE ST.,0,1,0,77.76,48.74
2026-09-01T12:03:36+00:00,2026,2,sonny_moore,00:46:58 on 08-30-2026,126,KENT ST.,0,0,0,0.0,48.72
2026-09-01T12:03:36+00:00,2026,2,sonny_moore,00:46:58 on 08-30-2026,127,COLORADO ST.,0,0,0,0.0,47.4
2026-09-01T12:03:36+00:00,2026,2,sonny_moore,00:46:58 on 08-30-2026,128,NORTHERN ILLINOIS,0,0,0,0.0,47.22
2026-09-01T12:03:36+00:00,2026,2,sonny_moore,00:46:58 on 08-30-2026,129,GEORGIA ST,0,0,0,0.0,47.1
2026-09-01T12:03:36+00:00,2026,2,sonny_moore,00:46:58 on 08-30-2026,130,MIDDLE TENNESSEE ST.,0,0,0,0.0,46.72
2026-09-01T12:03:36+00:00,2026,2,sonny_moore,00:46:58 on 08-30-2026,131,RICE,0,0,0,0.0,46.48
2026-09-01T12:03:36+00:00,2026,2,sonny_moore,00:46:58 on 08-30-2026,132,LOUISIANA-MONROE,0,0,0,0.0,46.04
2026-09-01T12:03:36+00:00,2026,2,sonny_moore,00:46:58 on 08-30-2026,133,BALL ST.,0,0,0,0.0,45.95
2026-09-01T12:03:36+00:00,2026,2,sonny_moore,00:46:58 on 08-30-2026,134,NORTH CAROLINA CHARLOTTE,0,0,0,0.0,44.35
2026-09-01T12:03:36+00:00,2026,2,sonny_moore,00:46:58 on 08-30-2026,135,TEXAS EL PASO,0,0,0,0.0,43.95
2026-09-01T12:03:36+00:00,2026,2,sonny_moore,00:46:58 on 08-30-2026,136,SACRAMENTO ST.,0,1,0,49.85,40.72
2026-09-01T12:03:36+00:00,2026,2,sonny_moore,00:46:58 on 08-30-2026,137,SAM HOUSTON ST.,0,0,0,0.0,38.17
2026-09-01T12:03:36+00:00,2026,2,sonny_moore,00:46:58 on 08-30-2026,138,MASSACHUSETTS,0,0,0,0.0,34.0
2026-09-08T12:02:49+00:00,2026,3,sonny_moore,23:37:09 on 09-07-2026,1,INDIANA,1,0,0,66.81,96.96
2026-09-08T12:02:49+00:00,2026,3,sonny_moore,23:37:09 on 09-07-2026,2,OHIO ST.,1,0,0,45.95,93.37
2026-09-08T12:02:49+00:00,2026,3,sonny_moore,23:37:09 on 09-07-2026,3,NOTRE DAME,1,0,0,64.61,91.1
2026-09-08T12:02:49+00:00,2026,3,sonny_moore,23:37:09 on 09-07-2026,4,MIAMI FL.,1,0,0,64.53,89.87
2026-09-08T12:02:49+00:00,2026,3,sonny_moore,23:37:09 on 09-07-2026,5,TEXAS TECH,1,0,0,50.0,87.35
2026-09-08T12:02:49+00:00,2026,3,sonny_moore,23:37:09 on 09-07-2026,6,OREGON,1,0,0,67.27,86.91
2026-09-08T12:02:49+00:00,2026,3,sonny_moore,23:37:09 on 09-07-2026,7,TEXAS,1,0,0,63.69,85.07
2026-09-08T12:02:49+00:00,2026,3,sonny_moore,23:37:09 on 09-07-2026,8,GEORGIA,1,0,0,50.0,83.54
2026-09-08T12:02:49+00:00,2026,3,sonny_moore,23:37:09 on 09-07-2026,9,TEXAS A&M,1,0,0,53.87,82.78
2026-09-08T12:02:49+00:00,2026,3,sonny_moore,23:37:09 on 09-07-2026,10,MISSISSIPPI,1,0,0,74.7,82.47
2026-09-08T12:02:49+00:00,2026,3,sonny_moore,23:37:09 on 09-07-2026,11,UTAH,1,0,0,50.0,81.63
2026-09-08T12:02:49+00:00,2026,3,sonny_moore,23:37:09 on 09-07-2026,12,IOWA,1,0,0,47.22,81.23
2026-09-08T12:02:49+00:00,2026,3,sonny_moore,23:37:09 on 09-07-2026,13,OKLAHOMA,1,0,0,43.95,81.15
2026-09-08T12:02:49+00:00,2026,3,sonny_moore,23:37:09 on 09-07-2026,14,PENN.ST.,1,0,0,55.21,80.94
2026-09-08T12:02:49+00:00,2026,3,sonny_moore,23:37:09 on 09-07-2026,15,ALABAMA,1,0,0,68.09,80.91
2026-09-08T12:02:49+00:00,2026,3,sonny_moore,23:37:09 on 09-07-2026,16,VANDERBILT,1,0,0,50.0,80.39
2026-09-08T12:02:49+00:00,2026,3,sonny_moore,23:37:09 on 09-07-2026,17,WASHINGTON,1,0,0,66.13,80.26
2026-09-08T12:02:49+00:00,2026,3,sonny_moore,23:37:09 on 09-07-2026,18,NORTH DAKOTA ST.,2,0,0,57.99,79.45
2026-09-08T12:02:49+00:00,2026,3,sonny_moore,23:37:09 on 09-07-2026,19,VIRGINIA,1,0,0,70.58,79.17
2026-09-08T12:02:49+00:00,2026,3,sonny_moore,23:37:09 on 09-07-2026,20,LSU,1,0,0,71.19,79.1
2026-09-08T12:02:49+00:00,2026,3,sonny_moore,23:37:09 on 09-07-2026,21,BYU,1,0,0,50.0,78.32
2026-09-08T12:02:49+00:00,2026,3,sonny_moore,23:37:09 on 09-07-2026,22,SOUTHERN CALIFORNIA,2,0,0,52.5,78.01
2026-09-08T12:02:49+00:00,2026,3,sonny_moore,23:37:09 on 09-07-2026,23,LOUISVILLE,0,1,0,84.94,77.18
2026-09-08T12:02:49+00:00,2026,3,sonny_moore,23:37:09 on 09-07-2026,24,TENNESSEE,1,0,0,50.0,76.78
2026-09-08T12:02:49+00:00,2026,3,sonny_moore,23:37:09 on 09-07-2026,25,PITTSBURGH,1,0,0,58.44,75.34
2026-09-08T12:02:49+00:00,2026,3,sonny_moore,23:37:09 on 09-07-2026,26,FLORIDA,1,0,0,53.58,75.24
2026-09-08T12:02:49+00:00,2026,3,sonny_moore,23:37:09 on 09-07-2026,27,SOUTH CAROLINA,1,0,0,48.72,75.07
2026-09-08T12:02:49+00:00,2026,3,sonny_moore,23:37:09 on 09-07-2026,28,DUKE,1,0,0,66.93,74.99
2026-09-08T12:02:49+00:00,2026,3,sonny_moore,23:37:09 on 09-07-2026,29,MISSOURI,1,0,0,50.0,74.58
2026-09-08T12:02:49+00:00,2026,3,sonny_moore,23:37:09 on 09-07-2026,30,ARIZONA,1,0,0,50.0,73.38
2026-09-08T12:02:49+00:00,2026,3,sonny_moore,23:37:09 on 09-07-2026,31,SMU,1,0,0,67.22,73.02
2026-09-08T12:02:49+00:00,2026,3,sonny_moore,23:37:09 on 09-07-2026,32,OLD DOMINION,1,0,0,50.0,72.61
2026-09-08T12:02:49+00:00,2026,3,sonny_moore,23:37:09 on 09-07-2026,33,NAVY,1,0,0,50.0,72.21
2026-09-08T12:02:49+00:00,2026,3,sonny_moore,23:37:09 on 09-07-2026,34,NEBRASKA,1,0,0,62.1,72.1
2026-09-08T12:02:49+00:00,2026,3,sonny_moore,23:37:09 on 09-07-2026,35,MICHIGAN,1,0,0,65.6,71.23
2026-09-08T12:02:49+00:00,2026,3,sonny_moore,23:37:09 on 09-07-2026,36,WAKE FOREST,1,0,0,48.77,71.02
2026-09-08T12:02:49+00:00,2026,3,sonny_moore,23:37:09 on 09-07-2026,37,ILLINOIS,1,0,0,50.5,70.99
2026-09-08T12:02:49+00:00,2026,3,sonny_moore,23:37:09 on 09-07-2026,38,KANSAS ST.,1,0,0,50.0,70.73
2026-09-08T12:02:49+00:00,2026,3,sonny_moore,23:37:09 on 09-07-2026,39,BOISE STATE,0,1,0,89.83,70.21
2026-09-08T12:02:49+00:00,2026,3,sonny_moore,23:37:09 on 09-07-2026,40,MINNESOTA,1,0,0,50.0,69.76
2026-09-08T12:02:49+00:00,2026,3,sonny_moore,23:37:09 on 09-07-2026,41,ARIZONA ST.,1,0,0,50.0,69.56
2026-09-08T12:02:49+00:00,2026,3,sonny_moore,23:37:09 on 09-07-2026,42,AUBURN,1,0,0,64.48,69.36
2026-09-08T12:02:49+00:00,2026,3,sonny_moore,23:37:09 on 09-07-2026,43,CINCINNATI,1,0,0,60.82,69.34
2026-09-08T12:02:49+00:00,2026,3,sonny_moore,23:37:09 on 09-07-2026,44,TCU,0,1,0,57.7,69.06
2026-09-08T12:02:49+00:00,2026,3,sonny_moore,23:37:09 on 09-07-2026,45,HOUSTON,1,0,0,51.94,68.93
2026-09-08T12:02:49+00:00,2026,3,sonny_moore,23:37:09 on 09-07-2026,46,MISSISSIPPI ST.,1,0,0,46.04,68.77
2026-09-08T12:02:49+00:00,2026,3,sonny_moore,23:37:09 on 09-07-2026,47,IOWA ST.,1,0,0,50.0,68.26
2026-09-08T12:02:49+00:00,2026,3,sonny_moore,23:37:09 on 09-07-2026,48,SOUTH FLORIDA,1,0,0,52.94,68.25
2026-09-08T12:02:49+00:00,2026,3,sonny_moore,23:37:09 on 09-07-2026,49,MEMPHIS,2,0,0,59.85,68.19
2026-09-08T12:02:49+00:00,2026,3,sonny_moore,23:37:09 on 09-07-2026,50,NORTHWESTERN,1,0,0,50.0,68.11
2026-09-08T12:02:49+00:00,2026,3,sonny_moore,23:37:09 on 09-07-2026,51,FLORIDA ST.,1,1,0,61.8,68.1
2026-09-08T12:02:49+00:00,2026,3,sonny_moore,23:37:09 on 09-07-2026,52,WESTERN MICHIGAN,0,1,0,73.68,68.06
2026-09-08T12:02:49+00:00,2026,3,sonny_moore,23:37:09 on 09-07-2026,53,CLEMSON,0,1,0,75.73,67.84
2026-09-08T12:02:49+00:00,2026,3,sonny_moore,23:37:09 on 09-07-2026,54,JAMES MADISON,1,0,0,54.54,67.8
2026-09-08T12:02:49+00:00,2026,3,sonny_moore,23:37:09 on 09-07-2026,55,GEORGIA TECH,0,1,0,61.57,67.66
2026-09-08T12:02:49+00:00,2026,3,sonny_moore,23:37:09 on 09-07-2026,56,NORTH CAROLINA ST.,0,1,0,75.8,67.23
2026-09-08T12:02:49+00:00,2026,3,sonny_moore,23:37:09 on 09-07-2026,57,ARKANSAS,1,0,0,50.0,66.94
2026-09-08T12:02:49+00:00,2026,3,sonny_moore,23:37:09 on 09-07-2026,58,BAYLOR,0,1,0,71.71,66.84
2026-09-08T12:02:49+00:00,2026,3,sonny_moore,23:37:09 on 09-07-2026,59,TEXAS SAN ANTONIO,1,0,0,50.0,66.61
2026-09-08T12:02:49+00:00,2026,3,sonny_moore,23:37:09 on 09-07-2026,60,NEW MEXICO,1,0,0,58.32,66.56
2026-09-08T12:02:49+00:00,2026,3,sonny_moore,23:37:09 on 09-07-2026,61,KENTUCKY,1,0,0,50.0,66.52
2026-09-08T12:02:49+00:00,2026,3,sonny_moore,23:37:09 on 09-07-2026,62,MICHIGAN ST.,1,0,0,65.67,66.05
2026-09-08T12:02:49+00:00,2026,3,sonny_moore,23:37:09 on 09-07-2026,63,KANSAS,1,0,0,50.0,65.65
2026-09-08T12:02:49+00:00,2026,3,sonny_moore,23:37:09 on 09-07-2026,64,WASHINGTON ST.,0,1,0,79.08,64.97
2026-09-08T12:02:49+00:00,2026,3,sonny_moore,23:37:09 on 09-07-2026,65,COLORADO,1,0,0,71.01,64.93
2026-09-08T12:02:49+00:00,2026,3,sonny_moore,23:37:09 on 09-07-2026,66,EAST CAROLINA,0,1,0,77.64,64.84
2026-09-08T12:02:49+00:00,2026,3,sonny_moore,23:37:09 on 09-07-2026,67,SAN DIEGO ST.,1,0,0,50.0,64.63
2026-09-08T12:02:49+00:00,2026,3,sonny_moore,23:37:09 on 09-07-2026,68,ARMY,1,0,0,50.0,64.48
2026-09-08T12:02:49+00:00,2026,3,sonny_moore,23:37:09 on 09-07-2026,69,VIRGINIA TECH,1,0,0,50.0,64.41
2026-09-08T12:02:49+00:00,2026,3,sonny_moore,23:37:09 on 09-07-2026,70,TULANE,0,1,0,71.95,63.9
2026-09-08T12:02:49+00:00,2026,3,sonny_moore,23:37:09 on 09-07-2026,71,NORTH TEXAS,0,1,0,94.0,63.86
2026-09-08T12:02:49+00:00,2026,3,sonny_moore,23:37:09 on 09-07-2026,72,UCLA,1,0,0,63.93,63.76
2026-09-08T12:02:49+00:00,2026,3,sonny_moore,23:37:09 on 09-07-2026,73,NEVADA LAS VEGAS,1,1,0,59.95,62.59
2026-09-08T12:02:49+00:00,2026,3,sonny_moore,23:37:09 on 09-07-2026,74,CENTRAL FLORIDA,1,0,0,50.0,62.34
2026-09-08T12:02:49+00:00,2026,3,sonny_moore,23:37:09 on 09-07-2026,75,MARYLAND,1,0,0,50.0,62.31
2026-09-08T12:02:49+00:00,2026,3,sonny_moore,23:37:09 on 09-07-2026,76,TOLEDO,0,1,0,62.47,62.11
2026-09-08T12:02:49+00:00,2026,3,sonny_moore,23:37:09 on 09-07-2026,77,WISCONSIN,0,1,0,88.5,62.02
2026-09-08T12:02:49+00:00,2026,3,sonny_moore,23:37:09 on 09-07-2026,78,STANFORD,1,1,0,73.74,61.39
2026-09-08T12:02:49+00:00,2026,3,sonny_moore,23:37:09 on 09-07-2026,79,NORTH CAROLINA,1,0,0,72.62,61.28
2026-09-08T12:02:49+00:00,2026,3,sonny_moore,23:37:09 on 09-07-2026,80,RUTGERS,0,1,0,34.0,61.15
2026-09-08T12:02:49+00:00,2026,3,sonny_moore,23:37:09 on 09-07-2026,81,UTAH ST.,0,1,0,50.0,60.92
2026-09-08T12:02:49+00:00,2026,3,sonny_moore,23:37:09 on 09-07-2026,82,TEXAS ST.,0,1,0,81.9,60.54
2026-09-08T12:02:49+00:00,2026,3,sonny_moore,23:37:09 on 09-07-2026,83,CALIFORNIA,0,1,0,60.18,60.37
2026-09-08T12:02:49+00:00,2026,3,sonny_moore,23:37:09 on 09-07-2026,84,OHIO UNIVERSITY,0,1,0,68.73,58.75
2026-09-08T12:02:49+00:00,2026,3,sonny_moore,23:37:09 on 09-07-2026,85,LOUISIANA TECH,1,0,0,50.0,58.31
2026-09-08T12:02:49+00:00,2026,3,sonny_moore,23:37:09 on 09-07-2026,86,WEST VIRGINIA,1,0,0,50.89,58.18
2026-09-08T12:02:49+00:00,2026,3,sonny_moore,23:37:09 on 09-07-2026,87,JACKSONVILLE ST.,1,1,0,74.12,57.99
2026-09-08T12:02:49+00:00,2026,3,sonny_moore,23:37:09 on 09-07-2026,88,AIR FORCE,1,0,0,50.0,57.53
2026-09-08T12:02:49+00:00,2026,3,sonny_moore,23:37:09 on 09-07-2026,89,BOSTON COLLEGE,0,1,0,65.97,57.47
2026-09-08T12:02:49+00:00,2026,3,sonny_moore,23:37:09 on 09-07-2026,90,CONNECTICUT,1,0,0,50.0,57.33
2026-09-08T12:02:49+00:00,2026,3,sonny_moore,23:37:09 on 09-07-2026,91,LIBERTY,0,1,0,70.48,57.23
2026-09-08T12:02:49+00:00,2026,3,sonny_moore,23:37:09 on 09-07-2026,92,TEMPLE,1,0,0,50.0,56.92
2026-09-08T12:02:49+00:00,2026,3,sonny_moore,23:37:09 on 09-07-2026,93,PURDUE,1,0,0,50.0,56.66
2026-09-08T12:02:49+00:00,2026,3,sonny_moore,23:37:09 on 09-07-2026,94,GEORGIA SOUTHERN,1,0,0,50.0,56.15
2026-09-08T12:02:49+00:00,2026,3,sonny_moore,23:37:09 on 09-07-2026,95,WESTERN KENTUCKY,0,1,0,51.04,56.13
2026-09-08T12:02:49+00:00,2026,3,sonny_moore,23:37:09 on 09-07-2026,96,DELAWARE,1,0,0,50.0,56.06
2026-09-08T12:02:49+00:00,2026,3,sonny_moore,23:37:09 on 09-07-2026,97,FRESNO ST.,0,1,0,74.84,56.05
2026-09-08T12:02:49+00:00,2026,3,sonny_moore,23:37:09 on 09-07-2026,98,KENNESAW ST.,1,0,0,50.0,55.97
2026-09-08T12:02:49+00:00,2026,3,sonny_moore,23:37:09 on 09-07-2026,99,SYRACUSE,1,0,0,50.0,55.71
2026-09-08T12:02:49+00:00,2026,3,sonny_moore,23:37:09 on 09-07-2026,100,FLORIDA INTERNATIONAL,0,1,0,70.8,55.5
2026-09-08T12:02:49+00:00,2026,3,sonny_moore,23:37:09 on 09-07-2026,101,TULSA,1,0,0,53.81,55.33
2026-09-08T12:02:49+00:00,2026,3,sonny_moore,23:37:09 on 09-07-2026,102,MIAMI OHIO,0,1,0,72.07,55.19
2026-09-08T12:02:49+00:00,2026,3,sonny_moore,23:37:09 on 09-07-2026,103,CENTRAL MICHIGAN,0,1,0,63.19,54.97
2026-09-08T12:02:49+00:00,2026,3,sonny_moore,23:37:09 on 09-07-2026,104,NEVADA,1,0,0,59.69,54.62
2026-09-08T12:02:49+00:00,2026,3,sonny_moore,23:37:09 on 09-07-2026,105,ARKANSAS ST.,0,1,0,65.0,54.62
2026-09-08T12:02:49+00:00,2026,3,sonny_moore,23:37:09 on 09-07-2026,106,SOUTHERN MISSISSIPPI,1,0,0,50.0,54.36
2026-09-08T12:02:49+00:00,2026,3,sonny_moore,23:37:09 on 09-07-2026,107,OREGON ST.,0,1,0,71.29,54.32
2026-09-08T12:02:49+00:00,2026,3,sonny_moore,23:37:09 on 09-07-2026,108,LOUISIANA-LAFAYETTE,1,0,0,50.0,54.27
2026-09-08T12:02:49+00:00,2026,3,sonny_moore,23:37:09 on 09-07-2026,109,HAWAII,0,2,0,60.27,54.23
2026-09-08T12:02:49+00:00,2026,3,sonny_moore,23:37:09 on 09-07-2026,110,TROY ST.,1,0,0,38.17,53.08
2026-09-08T12:02:49+00:00,2026,3,sonny_moore,23:37:09 on 09-07-2026,111,ALABAMA BIRMINGHAM,0,1,0,73.05,52.58
2026-09-08T12:02:49+00:00,2026,3,sonny_moore,23:37:09 on 09-07-2026,112,MARSHALL,0,1,0,77.77,52.06
2026-09-08T12:02:49+00:00,2026,3,sonny_moore,23:37:09 on 09-07-2026,113,SAN JOSE ST.,1,1,0,63.97,51.73
2026-09-08T12:02:49+00:00,2026,3,sonny_moore,23:37:09 on 09-07-2026,114,SOUTH ALABAMA,1,0,0,50.0,51.65
2026-09-08T12:02:49+00:00,2026,3,sonny_moore,23:37:09 on 09-07-2026,115,BUFFALO,1,0,0,50.0,51.51
2026-09-08T12:02:49+00:00,2026,3,sonny_moore,23:37:09 on 09-07-2026,116,COLORADO ST.,1,0,0,52.13,50.98
2026-09-08T12:02:49+00:00,2026,3,sonny_moore,23:37:09 on 09-07-2026,117,COASTAL CAROLINA,0,1,0,58.25,50.97
2026-09-08T12:02:49+00:00,2026,3,sonny_moore,23:37:09 on 09-07-2026,118,MISSOURI ST.,0,1,0,79.61,50.72
2026-09-08T12:02:49+00:00,2026,3,sonny_moore,23:37:09 on 09-07-2026,119,NEW MEXICO ST.,1,1,0,69.33,50.62
2026-09-08T12:02:49+00:00,2026,3,sonny_moore,23:37:09 on 09-07-2026,120,FLORIDA ATLANTIC,0,1,0,72.07,50.43
2026-09-08T12:02:49+00:00,2026,3,sonny_moore,23:37:09 on 09-07-2026,121,OKLAHOMA ST.,0,1,0,51.75,50.25
2026-09-08T12:02:49+00:00,2026,3,sonny_moore,23:37:09 on 09-07-2026,122,APPALACHIAN ST.,1,0,0,50.0,49.23
2026-09-08T12:02:49+00:00,2026,3,sonny_moore,23:37:09 on 09-07-2026,123,BOWLING GREEN,0,1,0,50.0,48.81
2026-09-08T12:02:49+00:00,2026,3,sonny_moore,23:37:09 on 09-07-2026,124,WYOMING,0,1,0,47.4,48.57
2026-09-08T12:02:49+00:00,2026,3,sonny_moore,23:37:09 on 09-07-2026,125,AKRON,0,1,0,70.79,48.55
2026-09-08T12:02:49+00:00,2026,3,sonny_moore,23:37:09 on 09-07-2026,126,GEORGIA ST,1,0,0,50.0,47.43
2026-09-08T12:02:49+00:00,2026,3,sonny_moore,23:37:09 on 09-07-2026,127,EASTERN MICHIGAN,1,1,0,44.73,47.2
2026-09-08T12:02:49+00:00,2026,3,sonny_moore,23:37:09 on 09-07-2026,128,MIDDLE TENNESSEE ST.,1,0,0,50.0,47.05
2026-09-08T12:02:49+00:00,2026,3,sonny_moore,23:37:09 on 09-07-2026,129,RICE,1,0,0,50.0,46.81
2026-09-08T12:02:49+00:00,2026,3,sonny_moore,23:37:09 on 09-07-2026,130,KENT ST.,0,1,0,71.9,45.57
2026-09-08T12:02:49+00:00,2026,3,sonny_moore,23:37:09 on 09-07-2026,131,NORTHERN ILLINOIS,0,1,0,78.26,44.26
2026-09-08T12:02:49+00:00,2026,3,sonny_moore,23:37:09 on 09-07-2026,132,NORTH CAROLINA CHARLOTTE,0,1,0,50.0,44.01
2026-09-08T12:02:49+00:00,2026,3,sonny_moore,23:37:09 on 09-07-2026,133,BALL ST.,0,1,0,90.42,43.01
2026-09-08T12:02:49+00:00,2026,3,sonny_moore,23:37:09 on 09-07-2026,134,LOUISIANA-MONROE,0,1,0,65.6,42.89
2026-09-08T12:02:49+00:00,2026,3,sonny_moore,23:37:09 on 09-07-2026,135,SAM HOUSTON ST.,0,1,0,56.0,41.11
2026-09-08T12:02:49+00:00,2026,3,sonny_moore,23:37:09 on 09-07-2026,136,SACRAMENTO ST.,1,1,0,49.85,41.05
2026-09-08T12:02:49+00:00,2026,3,sonny_moore,23:37:09 on 09-07-2026,137,TEXAS EL PASO,0,1,0,77.98,40.8
2026-09-08T12:02:49+00:00,2026,3,sonny_moore,23:37:09 on 09-07-2026,138,MASSACHUSETTS,1,0,0,64.71,37.58
2026-09-15T12:02:16+00:00,2026,4,sonny_moore,11:31:13 on 09-13-2026,1,INDIANA,2,0,0,61.81,97.79
2026-09-15T12:02:16+00:00,2026,4,sonny_moore,11:31:13 on 09-13-2026,2,NOTRE DAME,2,0,0,55.71,92.76
2026-09-15T12:02:16+00:00,2026,4,sonny_moore,11:31:13 on 09-13-2026,3,MIAMI FL.,2,0,0,59.99,91.0
2026-09-15T12:02:16+00:00,2026,4,sonny_moore,11:31:13 on 09-13-2026,4,OHIO ST.,1,1,0,66.09,90.31
2026-09-15T12:02:16+00:00,2026,4,sonny_moore,11:31:13 on 09-13-2026,5,TEXAS,2,0,0,78.77,89.8
2026-09-15T12:02:16+00:00,2026,4,sonny_moore,11:31:13 on 09-13-2026,6,TEXAS A&M,2,0,0,61.71,88.44
2026-09-15T12:02:16+00:00,2026,4,sonny_moore,11:31:13 on 09-13-2026,7,GEORGIA,2,0,0,51.69,87.66
2026-09-15T12:02:16+00:00,2026,4,sonny_moore,11:31:13 on 09-13-2026,8,ALABAMA,2,0,0,67.3,86.69
2026-09-15T12:02:16+00:00,2026,4,sonny_moore,11:31:13 on 09-13-2026,9,UTAH,2,0,0,58.47,85.66
2026-09-15T12:02:16+00:00,2026,4,sonny_moore,11:31:13 on 09-13-2026,10,LSU,2,0,0,64.75,84.84
2026-09-15T12:02:16+00:00,2026,4,sonny_moore,11:31:13 on 09-13-2026,11,PENN.ST.,2,0,0,56.06,83.81
2026-09-15T12:02:16+00:00,2026,4,sonny_moore,11:31:13 on 09-13-2026,12,TEXAS TECH,2,0,0,52.37,81.75
2026-09-15T12:02:16+00:00,2026,4,sonny_moore,11:31:13 on 09-13-2026,13,BYU,2,0,0,61.69,81.72
2026-09-15T12:02:16+00:00,2026,4,sonny_moore,11:31:13 on 09-13-2026,14,VIRGINIA,2,0,0,65.58,81.16
2026-09-15T12:02:16+00:00,2026,4,sonny_moore,11:31:13 on 09-13-2026,15,TENNESSEE,2,0,0,58.62,80.44
2026-09-15T12:02:16+00:00,2026,4,sonny_moore,11:31:13 on 09-13-2026,16,MISSISSIPPI,2,0,0,59.35,79.29
2026-09-15T12:02:16+00:00,2026,4,sonny_moore,11:31:13 on 09-13-2026,17,OREGON,1,1,0,58.17,79.13
2026-09-15T12:02:16+00:00,2026,4,sonny_moore,11:31:13 on 09-13-2026,18,MISSOURI,2,0,0,57.82,78.95
2026-09-15T12:02:16+00:00,2026,4,sonny_moore,11:31:13 on 09-13-2026,19,IOWA,2,0,0,57.74,78.29
2026-09-15T12:02:16+00:00,2026,4,sonny_moore,11:31:13 on 09-13-2026,20,PITTSBURGH,2,0,0,60.39,78.27
2026-09-15T12:02:16+00:00,2026,4,sonny_moore,11:31:13 on 09-13-2026,21,NEBRASKA,2,0,0,55.45,78.16
2026-09-15T12:02:16+00:00,2026,4,sonny_moore,11:31:13 on 09-13-2026,22,LOUISVILLE,1,1,0,79.94,77.94
2026-09-15T12:02:16+00:00,2026,4,sonny_moore,11:31:13 on 09-13-2026,23,DUKE,2,0,0,68.71,76.83
2026-09-15T12:02:16+00:00,2026,4,sonny_moore,11:31:13 on 09-13-2026,24,FLORIDA,2,0,0,48.58,76.73
2026-09-15T12:02:16+00:00,2026,4,sonny_moore,11:31:13 on 09-13-2026,25,OKLAHOMA,1,1,0,57.37,76.67
2026-09-15T12:02:16+00:00,2026,4,sonny_moore,11:31:13 on 09-13-2026,26,SOUTH CAROLINA,2,0,0,43.72,76.56
2026-09-15T12:02:16+00:00,2026,4,sonny_moore,11:31:13 on 09-13-2026,27,MISSISSIPPI ST.,2,0,0,57.9,76.26
2026-09-15T12:02:16+00:00,2026,4,sonny_moore,11:31:13 on 09-13-2026,28,BOISE STATE,1,1,0,79.44,76.23
2026-09-15T12:02:16+00:00,2026,4,sonny_moore,11:31:13 on 09-13-2026,29,MICHIGAN,2,0,0,73.76,76.08
2026-09-15T12:02:16+00:00,2026,4,sonny_moore,11:31:13 on 09-13-2026,30,KANSAS ST.,2,0,0,58.04,75.94
2026-09-15T12:02:16+00:00,2026,4,sonny_moore,11:31:13 on 09-13-2026,31,SOUTHERN CALIFORNIA,3,0,0,53.09,75.94
2026-09-15T12:02:16+00:00,2026,4,sonny_moore,11:31:13 on 09-13-2026,32,VANDERBILT,2,0,0,53.03,75.51
2026-09-15T12:02:16+00:00,2026,4,sonny_moore,11:31:13 on 09-13-2026,33,NORTH DAKOTA ST.,3,0,0,54.5,74.98
2026-09-15T12:02:16+00:00,2026,4,sonny_moore,11:31:13 on 09-13-2026,34,AUBURN,2,0,0,59.42,73.76
2026-09-15T12:02:16+00:00,2026,4,sonny_moore,11:31:13 on 09-13-2026,35,WASHINGTON,2,0,0,63.52,73.51
2026-09-15T12:02:16+00:00,2026,4,sonny_moore,11:31:13 on 09-13-2026,36,SMU,2,0,0,61.74,72.86
2026-09-15T12:02:16+00:00,2026,4,sonny_moore,11:31:13 on 09-13-2026,37,IOWA ST.,1,1,0,65.86,71.72
2026-09-15T12:02:16+00:00,2026,4,sonny_moore,11:31:13 on 09-13-2026,38,ARIZONA,1,1,0,64.16,71.44
2026-09-15T12:02:16+00:00,2026,4,sonny_moore,11:31:13 on 09-13-2026,39,UCLA,2,0,0,64.28,71.17
2026-09-15T12:02:16+00:00,2026,4,sonny_moore,11:31:13 on 09-13-2026,40,ARIZONA ST.,1,1,0,66.97,71.09
2026-09-15T12:02:16+00:00,2026,4,sonny_moore,11:31:13 on 09-13-2026,41,VIRGINIA TECH,2,0,0,61.3,70.74
2026-09-15T12:02:16+00:00,2026,4,sonny_moore,11:31:13 on 09-13-2026,42,CINCINNATI,2,0,0,55.82,70.42
2026-09-15T12:02:16+00:00,2026,4,sonny_moore,11:31:13 on 09-13-2026,43,MICHIGAN ST.,2,0,0,56.56,70.3
2026-09-15T12:02:16+00:00,2026,4,sonny_moore,11:31:13 on 09-13-2026,44,ILLINOIS,1,1,0,62.98,69.89
2026-09-15T12:02:16+00:00,2026,4,sonny_moore,11:31:13 on 09-13-2026,45,NORTH TEXAS,1,1,0,78.49,69.18
2026-09-15T12:02:16+00:00,2026,4,sonny_moore,11:31:13 on 09-13-2026,46,CENTRAL MICHIGAN,1,1,0,58.52,69.18
2026-09-15T12:02:16+00:00,2026,4,sonny_moore,11:31:13 on 09-13-2026,47,HOUSTON,2,0,0,46.94,68.83
2026-09-15T12:02:16+00:00,2026,4,sonny_moore,11:31:13 on 09-13-2026,48,WESTERN MICHIGAN,1,1,0,68.68,68.82
2026-09-15T12:02:16+00:00,2026,4,sonny_moore,11:31:13 on 09-13-2026,49,MINNESOTA,1,1,0,59.96,68.81
2026-09-15T12:02:16+00:00,2026,4,sonny_moore,11:31:13 on 09-13-2026,50,TEXAS SAN ANTONIO,2,0,0,54.69,68.61
2026-09-15T12:02:16+00:00,2026,4,sonny_moore,11:31:13 on 09-13-2026,51,MARYLAND,2,0,0,53.66,68.14
2026-09-15T12:02:16+00:00,2026,4,sonny_moore,11:31:13 on 09-13-2026,52,NORTHWESTERN,1,0,0,50.0,68.11
2026-09-15T12:02:16+00:00,2026,4,sonny_moore,11:31:13 on 09-13-2026,53,FLORIDA ST.,1,1,0,61.8,68.03
2026-09-15T12:02:16+00:00,2026,4,sonny_moore,11:31:13 on 09-13-2026,54,JAMES MADISON,2,0,0,49.54,67.71
2026-09-15T12:02:16+00:00,2026,4,sonny_moore,11:31:13 on 09-13-2026,55,BAYLOR,1,1,0,66.71,67.6
2026-09-15T12:02:16+00:00,2026,4,sonny_moore,11:31:13 on 09-13-2026,56,TCU,1,1,0,52.7,67.38
2026-09-15T12:02:16+00:00,2026,4,sonny_moore,11:31:13 on 09-13-2026,57,KANSAS,1,1,0,62.29,67.3
2026-09-15T12:02:16+00:00,2026,4,sonny_moore,11:31:13 on 09-13-2026,58,KENTUCKY,1,1,0,66.23,66.83
2026-09-15T12:02:16+00:00,2026,4,sonny_moore,11:31:13 on 09-13-2026,59,CENTRAL FLORIDA,1,1,0,63.2,66.49
2026-09-15T12:02:16+00:00,2026,4,sonny_moore,11:31:13 on 09-13-2026,60,SOUTH FLORIDA,2,0,0,58.71,66.35
2026-09-15T12:02:16+00:00,2026,4,sonny_moore,11:31:13 on 09-13-2026,61,ARMY,1,1,0,58.91,66.32
2026-09-15T12:02:16+00:00,2026,4,sonny_moore,11:31:13 on 09-13-2026,62,OLD DOMINION,1,1,0,57.2,66.31
2026-09-15T12:02:16+00:00,2026,4,sonny_moore,11:31:13 on 09-13-2026,63,NAVY,1,1,0,49.63,65.91
2026-09-15T12:02:16+00:00,2026,4,sonny_moore,11:31:13 on 09-13-2026,64,NORTH CAROLINA ST.,1,1,0,70.8,65.9
2026-09-15T12:02:16+00:00,2026,4,sonny_moore,11:31:13 on 09-13-2026,65,WAKE FOREST,2,0,0,52.71,65.72
2026-09-15T12:02:16+00:00,2026,4,sonny_moore,11:31:13 on 09-13-2026,66,COLORADO,2,0,0,66.01,65.68
2026-09-15T12:02:16+00:00,2026,4,sonny_moore,11:31:13 on 09-13-2026,67,CLEMSON,1,1,0,65.94,65.01
2026-09-15T12:02:16+00:00,2026,4,sonny_moore,11:31:13 on 09-13-2026,68,MEMPHIS,2,1,0,63.79,64.53
2026-09-15T12:02:16+00:00,2026,4,sonny_moore,11:31:13 on 09-13-2026,69,NEW MEXICO,2,0,0,45.0,63.85
2026-09-15T12:02:16+00:00,2026,4,sonny_moore,11:31:13 on 09-13-2026,70,NORTH CAROLINA,2,0,0,67.62,63.62
2026-09-15T12:02:16+00:00,2026,4,sonny_moore,11:31:13 on 09-13-2026,71,GEORGIA TECH,0,2,0,69.17,63.59
2026-09-15T12:02:16+00:00,2026,4,sonny_moore,11:31:13 on 09-13-2026,72,EAST CAROLINA,0,1,0,77.64,63.28
2026-09-15T12:02:16+00:00,2026,4,sonny_moore,11:31:13 on 09-13-2026,73,WISCONSIN,1,1,0,83.5,63.26
2026-09-15T12:02:16+00:00,2026,4,sonny_moore,11:31:13 on 09-13-2026,74,ARKANSAS,1,1,0,65.81,62.93
2026-09-15T12:02:16+00:00,2026,4,sonny_moore,11:31:13 on 09-13-2026,75,AIR FORCE,1,1,0,64.72,62.02
2026-09-15T12:02:16+00:00,2026,4,sonny_moore,11:31:13 on 09-13-2026,76,TOLEDO,1,1,0,57.47,61.7
2026-09-15T12:02:16+00:00,2026,4,sonny_moore,11:31:13 on 09-13-2026,77,STANFORD,1,1,0,73.74,61.05
2026-09-15T12:02:16+00:00,2026,4,sonny_moore,11:31:13 on 09-13-2026,78,DELAWARE,1,1,0,65.19,60.96
2026-09-15T12:02:16+00:00,2026,4,sonny_moore,11:31:13 on 09-13-2026,79,UTAH ST.,0,2,0,64.57,60.93
2026-09-15T12:02:16+00:00,2026,4,sonny_moore,11:31:13 on 09-13-2026,80,WASHINGTON ST.,0,2,0,74.9,60.88
2026-09-15T12:02:16+00:00,2026,4,sonny_moore,11:31:13 on 09-13-2026,81,TEMPLE,1,1,0,66.02,60.71
2026-09-15T12:02:16+00:00,2026,4,sonny_moore,11:31:13 on 09-13-2026,82,LOUISIANA TECH,1,1,0,65.53,60.55
2026-09-15T12:02:16+00:00,2026,4,sonny_moore,11:31:13 on 09-13-2026,83,TULANE,1,1,0,61.8,60.46
2026-09-15T12:02:16+00:00,2026,4,sonny_moore,11:31:13 on 09-13-2026,84,OREGON ST.,0,2,0,79.32,60.35
2026-09-15T12:02:16+00:00,2026,4,sonny_moore,11:31:13 on 09-13-2026,85,PURDUE,1,1,0,59.58,60.12
2026-09-15T12:02:16+00:00,2026,4,sonny_moore,11:31:13 on 09-13-2026,86,SAN DIEGO ST.,1,1,0,58.25,60.0
2026-09-15T12:02:16+00:00,2026,4,sonny_moore,11:31:13 on 09-13-2026,87,FLORIDA INTERNATIONAL,1,1,0,61.15,59.43
2026-09-15T12:02:16+00:00,2026,4,sonny_moore,11:31:13 on 09-13-2026,88,JACKSONVILLE ST.,1,2,0,68.42,59.43
2026-09-15T12:02:16+00:00,2026,4,sonny_moore,11:31:13 on 09-13-2026,89,LIBERTY,1,1,0,65.48,57.98
2026-09-15T12:02:16+00:00,2026,4,sonny_moore,11:31:13 on 09-13-2026,90,WEST VIRGINIA,2,0,0,45.89,57.95
2026-09-15T12:02:16+00:00,2026,4,sonny_moore,11:31:13 on 09-13-2026,91,BOSTON COLLEGE,1,1,0,62.18,57.71
2026-09-15T12:02:16+00:00,2026,4,sonny_moore,11:31:13 on 09-13-2026,92,CONNECTICUT,1,1,0,56.15,57.53
2026-09-15T12:02:16+00:00,2026,4,sonny_moore,11:31:13 on 09-13-2026,93,SYRACUSE,1,1,0,53.81,57.44
2026-09-15T12:02:16+00:00,2026,4,sonny_moore,11:31:13 on 09-13-2026,94,TEXAS ST.,0,2,0,74.25,57.39
2026-09-15T12:02:16+00:00,2026,4,sonny_moore,11:31:13 on 09-13-2026,95,NEVADA LAS VEGAS,1,2,0,60.93,57.17
2026-09-15T12:02:16+00:00,2026,4,sonny_moore,11:31:13 on 09-13-2026,96,GEORGIA SOUTHERN,1,1,0,57.94,57.04
2026-09-15T12:02:16+00:00,2026,4,sonny_moore,11:31:13 on 09-13-2026,97,NEVADA,1,1,0,54.69,57.03
2026-09-15T12:02:16+00:00,2026,4,sonny_moore,11:31:13 on 09-13-2026,98,LOUISIANA-LAFAYETTE,1,1,0,63.81,56.96
2026-09-15T12:02:16+00:00,2026,4,sonny_moore,11:31:13 on 09-13-2026,99,TULSA,2,0,0,48.04,56.54
2026-09-15T12:02:16+00:00,2026,4,sonny_moore,11:31:13 on 09-13-2026,100,CALIFORNIA,1,1,0,57.94,55.91
2026-09-15T12:02:16+00:00,2026,4,sonny_moore,11:31:13 on 09-13-2026,101,KENNESAW ST.,1,1,0,48.71,55.67
2026-09-15T12:02:16+00:00,2026,4,sonny_moore,11:31:13 on 09-13-2026,102,OHIO UNIVERSITY,1,1,0,63.36,55.59
2026-09-15T12:02:16+00:00,2026,4,sonny_moore,11:31:13 on 09-13-2026,103,FLORIDA ATLANTIC,1,1,0,72.14,55.59
2026-09-15T12:02:16+00:00,2026,4,sonny_moore,11:31:13 on 09-13-2026,104,SOUTHERN MISSISSIPPI,1,1,0,59.46,55.56
2026-09-15T12:02:16+00:00,2026,4,sonny_moore,11:31:13 on 09-13-2026,105,OKLAHOMA ST.,1,1,0,68.59,55.4
2026-09-15T12:02:16+00:00,2026,4,sonny_moore,11:31:13 on 09-13-2026,106,FRESNO ST.,1,1,0,68.29,55.22
2026-09-15T12:02:16+00:00,2026,4,sonny_moore,11:31:13 on 09-13-2026,107,SOUTH ALABAMA,1,1,0,56.71,54.63
2026-09-15T12:02:16+00:00,2026,4,sonny_moore,11:31:13 on 09-13-2026,108,ARKANSAS ST.,1,1,0,60.43,54.52
2026-09-15T12:02:16+00:00,2026,4,sonny_moore,11:31:13 on 09-13-2026,109,HAWAII,1,2,0,57.07,54.47
2026-09-15T12:02:16+00:00,2026,4,sonny_moore,11:31:13 on 09-13-2026,110,MIAMI OHIO,1,1,0,67.07,54.46
2026-09-15T12:02:16+00:00,2026,4,sonny_moore,11:31:13 on 09-13-2026,111,RUTGERS,0,2,0,45.35,54.31
2026-09-15T12:02:16+00:00,2026,4,sonny_moore,11:31:13 on 09-13-2026,112,COLORADO ST.,2,0,0,47.13,54.06
2026-09-15T12:02:16+00:00,2026,4,sonny_moore,11:31:13 on 09-13-2026,113,SAN JOSE ST.,2,1,0,58.97,53.91
2026-09-15T12:02:16+00:00,2026,4,sonny_moore,11:31:13 on 09-13-2026,114,GEORGIA ST,2,0,0,52.98,53.76
2026-09-15T12:02:16+00:00,2026,4,sonny_moore,11:31:13 on 09-13-2026,115,TROY ST.,2,0,0,33.17,52.24
2026-09-15T12:02:16+00:00,2026,4,sonny_moore,11:31:13 on 09-13-2026,116,NEW MEXICO ST.,1,2,0,60.53,51.88
2026-09-15T12:02:16+00:00,2026,4,sonny_moore,11:31:13 on 09-13-2026,117,COASTAL CAROLINA,1,1,0,53.25,51.86
2026-09-15T12:02:16+00:00,2026,4,sonny_moore,11:31:13 on 09-13-2026,118,AKRON,1,1,0,65.79,50.74
2026-09-15T12:02:16+00:00,2026,4,sonny_moore,11:31:13 on 09-13-2026,119,ALABAMA BIRMINGHAM,1,1,0,57.39,50.61
2026-09-15T12:02:16+00:00,2026,4,sonny_moore,11:31:13 on 09-13-2026,120,MISSOURI ST.,1,1,0,74.61,49.89
2026-09-15T12:02:16+00:00,2026,4,sonny_moore,11:31:13 on 09-13-2026,121,APPALACHIAN ST.,2,0,0,45.0,49.56
2026-09-15T12:02:16+00:00,2026,4,sonny_moore,11:31:13 on 09-13-2026,122,MIDDLE TENNESSEE ST.,1,1,0,50.47,49.33
2026-09-15T12:02:16+00:00,2026,4,sonny_moore,11:31:13 on 09-13-2026,123,WESTERN KENTUCKY,0,2,0,67.29,49.27
2026-09-15T12:02:16+00:00,2026,4,sonny_moore,11:31:13 on 09-13-2026,124,RICE,1,1,0,70.09,48.95
2026-09-15T12:02:16+00:00,2026,4,sonny_moore,11:31:13 on 09-13-2026,125,MARSHALL,1,1,0,62.41,48.68
2026-09-15T12:02:16+00:00,2026,4,sonny_moore,11:31:13 on 09-13-2026,126,BUFFALO,1,1,0,52.96,48.42
2026-09-15T12:02:16+00:00,2026,4,sonny_moore,11:31:13 on 09-13-2026,127,NORTH CAROLINA CHARLOTTE,0,2,0,66.02,46.77
2026-09-15T12:02:16+00:00,2026,4,sonny_moore,11:31:13 on 09-13-2026,128,WYOMING,1,1,0,42.4,46.15
2026-09-15T12:02:16+00:00,2026,4,sonny_moore,11:31:13 on 09-13-2026,129,SAM HOUSTON ST.,0,2,0,56.24,45.94
2026-09-15T12:02:16+00:00,2026,4,sonny_moore,11:31:13 on 09-13-2026,130,EASTERN MICHIGAN,1,2,0,52.59,45.19
2026-09-15T12:02:16+00:00,2026,4,sonny_moore,11:31:13 on 09-13-2026,131,KENT ST.,1,1,0,66.9,44.74
2026-09-15T12:02:16+00:00,2026,4,sonny_moore,11:31:13 on 09-13-2026,132,BOWLING GREEN,0,2,0,61.91,44.5
2026-09-15T12:02:16+00:00,2026,4,sonny_moore,11:31:13 on 09-13-2026,133,NORTHERN ILLINOIS,0,2,0,73.26,43.43
2026-09-15T12:02:16+00:00,2026,4,sonny_moore,11:31:13 on 09-13-2026,134,BALL ST.,1,1,0,85.42,42.85
2026-09-15T12:02:16+00:00,2026,4,sonny_moore,11:31:13 on 09-13-2026,135,SACRAMENTO ST.,1,1,0,44.85,41.05
2026-09-15T12:02:16+00:00,2026,4,sonny_moore,11:31:13 on 09-13-2026,136,MASSACHUSETTS,2,0,0,59.71,40.66
2026-09-15T12:02:16+00:00,2026,4,sonny_moore,11:31:13 on 09-13-2026,137,TEXAS EL PASO,1,1,0,72.98,40.35
2026-09-15T12:02:16+00:00,2026,4,sonny_moore,11:31:13 on 09-13-2026,138,LOUISIANA-MONROE,0,2,0,59.33,39.51
2026-09-22T12:02:09+00:00,2026,5,sonny_moore,01:19:18 on 09-20-2026,1,INDIANA,3,0,0,57.63,94.77
2026-09-22T12:02:09+00:00,2026,5,sonny_moore,01:19:18 on 09-20-2026,2,TEXAS,3,0,0,75.38,93.12
2026-09-22T12:02:09+00:00,2026,5,sonny_moore,01:19:18 on 09-20-2026,3,OHIO ST.,2,1,0,58.97,92.36
2026-09-22T12:02:09+00:00,2026,5,sonny_moore,01:19:18 on 09-20-2026,4,MIAMI FL.,3,0,0,61.9,92.13
2026-09-22T12:02:09+00:00,2026,5,sonny_moore,01:19:18 on 09-20-2026,5,GEORGIA,3,0,0,55.43,90.58
2026-09-22T12:02:09+00:00,2026,5,sonny_moore,01:19:18 on 09-20-2026,6,NOTRE DAME,3,0,0,60.57,90.28
2026-09-22T12:02:09+00:00,2026,5,sonny_moore,01:19:18 on 09-20-2026,7,UTAH,3,0,0,59.29,89.09
2026-09-22T12:02:09+00:00,2026,5,sonny_moore,01:19:18 on 09-20-2026,8,ALABAMA,3,0,0,67.54,89.08
2026-09-22T12:02:09+00:00,2026,5,sonny_moore,01:19:18 on 09-20-2026,9,PENN.ST.,3,0,0,53.51,85.9
2026-09-22T12:02:09+00:00,2026,5,sonny_moore,01:19:18 on 09-20-2026,10,LSU,2,1,0,69.59,85.13
2026-09-22T12:02:09+00:00,2026,5,sonny_moore,01:19:18 on 09-20-2026,11,TENNESSEE,3,0,0,57.63,84.22
2026-09-22T12:02:09+00:00,2026,5,sonny_moore,01:19:18 on 09-20-2026,12,MISSISSIPPI,3,0,0,67.84,83.79
2026-09-22T12:02:09+00:00,2026,5,sonny_moore,01:19:18 on 09-20-2026,13,TEXAS A&M,2,1,0,63.41,82.14
2026-09-22T12:02:09+00:00,2026,5,sonny_moore,01:19:18 on 09-20-2026,14,LOUISVILLE,2,1,0,77.58,81.65
2026-09-22T12:02:09+00:00,2026,5,sonny_moore,01:19:18 on 09-20-2026,15,VIRGINIA,2,1,0,63.03,80.86
2026-09-22T12:02:09+00:00,2026,5,sonny_moore,01:19:18 on 09-20-2026,16,MISSISSIPPI ST.,3,0,0,64.12,80.59
2026-09-22T12:02:09+00:00,2026,5,sonny_moore,01:19:18 on 09-20-2026,17,DUKE,3,0,0,66.15,80.49
2026-09-22T12:02:09+00:00,2026,5,sonny_moore,01:19:18 on 09-20-2026,18,FLORIDA,3,0,0,56.97,79.95
2026-09-22T12:02:09+00:00,2026,5,sonny_moore,01:19:18 on 09-20-2026,19,OREGON,2,1,0,53.17,79.46
2026-09-22T12:02:09+00:00,2026,5,sonny_moore,01:19:18 on 09-20-2026,20,IOWA,3,0,0,52.74,78.62
2026-09-22T12:02:09+00:00,2026,5,sonny_moore,01:19:18 on 09-20-2026,21,NEBRASKA,3,0,0,50.45,78.49
2026-09-22T12:02:09+00:00,2026,5,sonny_moore,01:19:18 on 09-20-2026,22,PITTSBURGH,3,0,0,59.4,78.48
2026-09-22T12:02:09+00:00,2026,5,sonny_moore,01:19:18 on 09-20-2026,23,SOUTH CAROLINA,2,1,0,54.56,78.26
2026-09-22T12:02:09+00:00,2026,5,sonny_moore,01:19:18 on 09-20-2026,24,TEXAS TECH,3,0,0,57.85,78.25
2026-09-22T12:02:09+00:00,2026,5,sonny_moore,01:19:18 on 09-20-2026,25,BYU,3,0,0,59.14,78.06
2026-09-22T12:02:09+00:00,2026,5,sonny_moore,01:19:18 on 09-20-2026,26,KANSAS ST.,3,0,0,58.84,78.01
2026-09-22T12:02:09+00:00,2026,5,sonny_moore,01:19:18 on 09-20-2026,27,BOISE STATE,2,1,0,74.44,76.56
2026-09-22T12:02:09+00:00,2026,5,sonny_moore,01:19:18 on 09-20-2026,28,MICHIGAN,3,0,0,62.62,76.28
2026-09-22T12:02:09+00:00,2026,5,sonny_moore,01:19:18 on 09-20-2026,29,IOWA ST.,2,1,0,58.74,75.89
2026-09-22T12:02:09+00:00,2026,5,sonny_moore,01:19:18 on 09-20-2026,30,OKLAHOMA,2,1,0,59.53,75.34
2026-09-22T12:02:09+00:00,2026,5,sonny_moore,01:19:18 on 09-20-2026,31,SMU,2,1,0,67.14,75.17
2026-09-22T12:02:09+00:00,2026,5,sonny_moore,01:19:18 on 09-20-2026,32,VIRGINIA TECH,3,0,0,63.58,74.93
2026-09-22T12:02:09+00:00,2026,5,sonny_moore,01:19:18 on 09-20-2026,33,ARIZONA ST.,2,1,0,67.08,74.72
2026-09-22T12:02:09+00:00,2026,5,sonny_moore,01:19:18 on 09-20-2026,34,UCLA,3,0,0,62.89,74.68
2026-09-22T12:02:09+00:00,2026,5,sonny_moore,01:19:18 on 09-20-2026,35,AUBURN,2,1,0,65.19,74.29
2026-09-22T12:02:09+00:00,2026,5,sonny_moore,01:19:18 on 09-20-2026,36,NORTHWESTERN,2,0,0,57.84,73.94
2026-09-22T12:02:09+00:00,2026,5,sonny_moore,01:19:18 on 09-20-2026,37,MISSOURI,3,0,0,55.96,73.9
2026-09-22T12:02:09+00:00,2026,5,sonny_moore,01:19:18 on 09-20-2026,38,WASHINGTON,3,0,0,58.52,73.84
2026-09-22T12:02:09+00:00,2026,5,sonny_moore,01:19:18 on 09-20-2026,39,MINNESOTA,2,1,0,56.88,73.51
2026-09-22T12:02:09+00:00,2026,5,sonny_moore,01:19:18 on 09-20-2026,40,KENTUCKY,2,1,0,73.63,73.15
2026-09-22T12:02:09+00:00,2026,5,sonny_moore,01:19:18 on 09-20-2026,41,MICHIGAN ST.,2,1,0,68.62,73.04
2026-09-22T12:02:09+00:00,2026,5,sonny_moore,01:19:18 on 09-20-2026,42,VANDERBILT,3,0,0,57.32,72.81
2026-09-22T12:02:09+00:00,2026,5,sonny_moore,01:19:18 on 09-20-2026,43,HOUSTON,2,1,0,58.54,72.36
2026-09-22T12:02:09+00:00,2026,5,sonny_moore,01:19:18 on 09-20-2026,44,BAYLOR,2,1,0,64.65,72.23
2026-09-22T12:02:09+00:00,2026,5,sonny_moore,01:19:18 on 09-20-2026,45,TCU,2,1,0,53.3,71.86
2026-09-22T12:02:09+00:00,2026,5,sonny_moore,01:19:18 on 09-20-2026,46,CINCINNATI,3,0,0,55.36,71.61
2026-09-22T12:02:09+00:00,2026,5,sonny_moore,01:19:18 on 09-20-2026,47,NORTH DAKOTA ST.,4,0,0,51.13,71.27
2026-09-22T12:02:09+00:00,2026,5,sonny_moore,01:19:18 on 09-20-2026,48,JAMES MADISON,3,0,0,53.02,71.09
2026-09-22T12:02:09+00:00,2026,5,sonny_moore,01:19:18 on 09-20-2026,49,FLORIDA ST.,1,2,0,70.09,70.72
2026-09-22T12:02:09+00:00,2026,5,sonny_moore,01:19:18 on 09-20-2026,50,WAKE FOREST,2,1,0,65.47,70.61
2026-09-22T12:02:09+00:00,2026,5,sonny_moore,01:19:18 on 09-20-2026,51,SOUTHERN CALIFORNIA,4,0,0,53.39,70.52
2026-09-22T12:02:09+00:00,2026,5,sonny_moore,01:19:18 on 09-20-2026,52,ARIZONA,2,1,0,57.25,70.23
2026-09-22T12:02:09+00:00,2026,5,sonny_moore,01:19:18 on 09-20-2026,53,ILLINOIS,2,1,0,57.98,70.22
2026-09-22T12:02:09+00:00,2026,5,sonny_moore,01:19:18 on 09-20-2026,54,MARYLAND,2,1,0,59.35,69.97
2026-09-22T12:02:09+00:00,2026,5,sonny_moore,01:19:18 on 09-20-2026,55,CENTRAL FLORIDA,2,1,0,60.05,69.86
2026-09-22T12:02:09+00:00,2026,5,sonny_moore,01:19:18 on 09-20-2026,56,WESTERN MICHIGAN,2,1,0,62.1,69.85
2026-09-22T12:02:09+00:00,2026,5,sonny_moore,01:19:18 on 09-20-2026,57,KANSAS,1,2,0,65.22,69.68
2026-09-22T12:02:09+00:00,2026,5,sonny_moore,01:19:18 on 09-20-2026,58,TEXAS SAN ANTONIO,2,1,0,66.39,69.09
2026-09-22T12:02:09+00:00,2026,5,sonny_moore,01:19:18 on 09-20-2026,59,NORTH CAROLINA ST.,1,2,0,72.37,68.62
2026-09-22T12:02:09+00:00,2026,5,sonny_moore,01:19:18 on 09-20-2026,60,WISCONSIN,2,1,0,70.73,67.58
2026-09-22T12:02:09+00:00,2026,5,sonny_moore,01:19:18 on 09-20-2026,61,SOUTH FLORIDA,3,0,0,53.71,66.68
2026-09-22T12:02:09+00:00,2026,5,sonny_moore,01:19:18 on 09-20-2026,62,NEW MEXICO,2,1,0,55.55,66.66
2026-09-22T12:02:09+00:00,2026,5,sonny_moore,01:19:18 on 09-20-2026,63,ARMY,1,1,0,58.91,66.32
2026-09-22T12:02:09+00:00,2026,5,sonny_moore,01:19:18 on 09-20-2026,64,NAVY,1,1,0,49.63,65.91
2026-09-22T12:02:09+00:00,2026,5,sonny_moore,01:19:18 on 09-20-2026,65,CENTRAL MICHIGAN,2,1,0,54.39,65.05
2026-09-22T12:02:09+00:00,2026,5,sonny_moore,01:19:18 on 09-20-2026,66,TOLEDO,2,1,0,58.55,64.95
2026-09-22T12:02:09+00:00,2026,5,sonny_moore,01:19:18 on 09-20-2026,67,MEMPHIS,3,1,0,58.79,64.86
2026-09-22T12:02:09+00:00,2026,5,sonny_moore,01:19:18 on 09-20-2026,68,NORTH TEXAS,1,2,0,71.45,64.54
2026-09-22T12:02:09+00:00,2026,5,sonny_moore,01:19:18 on 09-20-2026,69,CLEMSON,2,1,0,65.16,64.37
2026-09-22T12:02:09+00:00,2026,5,sonny_moore,01:19:18 on 09-20-2026,70,WEST VIRGINIA,3,0,0,57.64,64.28
2026-09-22T12:02:09+00:00,2026,5,sonny_moore,01:19:18 on 09-20-2026,71,NORTH CAROLINA,2,1,0,66.75,64.28
2026-09-22T12:02:09+00:00,2026,5,sonny_moore,01:19:18 on 09-20-2026,72,DELAWARE,2,1,0,60.74,64.07
2026-09-22T12:02:09+00:00,2026,5,sonny_moore,01:19:18 on 09-20-2026,73,GEORGIA TECH,1,2,0,64.17,63.92
2026-09-22T12:02:09+00:00,2026,5,sonny_moore,01:19:18 on 09-20-2026,74,EAST CAROLINA,1,2,0,73.86,63.67
2026-09-22T12:02:09+00:00,2026,5,sonny_moore,01:19:18 on 09-20-2026,75,TEMPLE,1,2,0,64.58,63.48
2026-09-22T12:02:09+00:00,2026,5,sonny_moore,01:19:18 on 09-20-2026,76,CONNECTICUT,2,1,0,55.95,63.35
2026-09-22T12:02:09+00:00,2026,5,sonny_moore,01:19:18 on 09-20-2026,77,JACKSONVILLE ST.,2,2,0,65.57,62.86
2026-09-22T12:02:09+00:00,2026,5,sonny_moore,01:19:18 on 09-20-2026,78,LIBERTY,2,1,0,57.93,62.8
2026-09-22T12:02:09+00:00,2026,5,sonny_moore,01:19:18 on 09-20-2026,79,OLD DOMINION,1,2,0,59.22,62.68
2026-09-22T12:02:09+00:00,2026,5,sonny_moore,01:19:18 on 09-20-2026,80,TEXAS ST.,1,2,0,72.56,62.65
2026-09-22T12:02:09+00:00,2026,5,sonny_moore,01:19:18 on 09-20-2026,81,PURDUE,1,2,0,63.44,62.63
2026-09-22T12:02:09+00:00,2026,5,sonny_moore,01:19:18 on 09-20-2026,82,AIR FORCE,1,1,0,64.72,62.02
2026-09-22T12:02:09+00:00,2026,5,sonny_moore,01:19:18 on 09-20-2026,83,LOUISIANA TECH,1,2,0,66.22,61.94
2026-09-22T12:02:09+00:00,2026,5,sonny_moore,01:19:18 on 09-20-2026,84,WASHINGTON ST.,1,2,0,69.9,61.21
2026-09-22T12:02:09+00:00,2026,5,sonny_moore,01:19:18 on 09-20-2026,85,TULANE,1,2,0,66.51,61.16
2026-09-22T12:02:09+00:00,2026,5,sonny_moore,01:19:18 on 09-20-2026,86,SYRACUSE,1,2,0,61.96,60.9
2026-09-22T12:02:09+00:00,2026,5,sonny_moore,01:19:18 on 09-20-2026,87,OREGON ST.,1,2,0,74.32,60.68
2026-09-22T12:02:09+00:00,2026,5,sonny_moore,01:19:18 on 09-20-2026,88,FRESNO ST.,2,1,0,63.49,60.51
2026-09-22T12:02:09+00:00,2026,5,sonny_moore,01:19:18 on 09-20-2026,89,ARKANSAS,1,2,0,73.09,60.02
2026-09-22T12:02:09+00:00,2026,5,sonny_moore,01:19:18 on 09-20-2026,90,COLORADO,2,1,0,66.71,59.88
2026-09-22T12:02:09+00:00,2026,5,sonny_moore,01:19:18 on 09-20-2026,91,LOUISIANA-LAFAYETTE,2,1,0,59.41,59.75
2026-09-22T12:02:09+00:00,2026,5,sonny_moore,01:19:18 on 09-20-2026,92,FLORIDA ATLANTIC,2,1,0,67.9,59.69
2026-09-22T12:02:09+00:00,2026,5,sonny_moore,01:19:18 on 09-20-2026,93,GEORGIA SOUTHERN,1,2,0,58.43,59.61
2026-09-22T12:02:09+00:00,2026,5,sonny_moore,01:19:18 on 09-20-2026,94,MIAMI OHIO,1,2,0,68.18,59.29
2026-09-22T12:02:09+00:00,2026,5,sonny_moore,01:19:18 on 09-20-2026,95,SAN DIEGO ST.,1,2,0,61.4,58.64
2026-09-22T12:02:09+00:00,2026,5,sonny_moore,01:19:18 on 09-20-2026,96,BOSTON COLLEGE,2,1,0,57.18,58.04
2026-09-22T12:02:09+00:00,2026,5,sonny_moore,01:19:18 on 09-20-2026,97,SOUTH ALABAMA,2,1,0,56.33,58.03
2026-09-22T12:02:09+00:00,2026,5,sonny_moore,01:19:18 on 09-20-2026,98,KENNESAW ST.,1,2,0,59.28,57.91
2026-09-22T12:02:09+00:00,2026,5,sonny_moore,01:19:18 on 09-20-2026,99,UTAH ST.,0,3,0,71.6,57.52
2026-09-22T12:02:09+00:00,2026,5,sonny_moore,01:19:18 on 09-20-2026,100,STANFORD,1,2,0,74.77,57.41
2026-09-22T12:02:09+00:00,2026,5,sonny_moore,01:19:18 on 09-20-2026,101,FLORIDA INTERNATIONAL,1,2,0,59.29,57.31
2026-09-22T12:02:09+00:00,2026,5,sonny_moore,01:19:18 on 09-20-2026,102,NEVADA LAS VEGAS,1,2,0,60.93,57.17
2026-09-22T12:02:09+00:00,2026,5,sonny_moore,01:19:18 on 09-20-2026,103,TULSA,3,0,0,43.04,56.87
2026-09-22T12:02:09+00:00,2026,5,sonny_moore,01:19:18 on 09-20-2026,104,GEORGIA ST,2,1,0,57.48,56.41
2026-09-22T12:02:09+00:00,2026,5,sonny_moore,01:19:18 on 09-20-2026,105,CALIFORNIA,2,1,0,52.94,56.24
2026-09-22T12:02:09+00:00,2026,5,sonny_moore,01:19:18 on 09-20-2026,106,ARKANSAS ST.,1,2,0,62.74,56.06
2026-09-22T12:02:09+00:00,2026,5,sonny_moore,01:19:18 on 09-20-2026,107,OKLAHOMA ST.,2,1,0,63.59,55.73
2026-09-22T12:02:09+00:00,2026,5,sonny_moore,01:19:18 on 09-20-2026,108,COLORADO ST.,2,1,0,58.66,55.45
2026-09-22T12:02:09+00:00,2026,5,sonny_moore,01:19:18 on 09-20-2026,109,NEVADA,1,2,0,52.9,55.15
2026-09-22T12:02:09+00:00,2026,5,sonny_moore,01:19:18 on 09-20-2026,110,COASTAL CAROLINA,1,2,0,55.82,54.76
2026-09-22T12:02:09+00:00,2026,5,sonny_moore,01:19:18 on 09-20-2026,111,MIDDLE TENNESSEE ST.,2,1,0,52.65,54.6
2026-09-22T12:02:09+00:00,2026,5,sonny_moore,01:19:18 on 09-20-2026,112,HAWAII,1,2,0,57.07,54.47
2026-09-22T12:02:09+00:00,2026,5,sonny_moore,01:19:18 on 09-20-2026,113,RICE,1,2,0,69.66,53.94
2026-09-22T12:02:09+00:00,2026,5,sonny_moore,01:19:18 on 09-20-2026,114,TROY ST.,2,1,0,48.43,53.93
2026-09-22T12:02:09+00:00,2026,5,sonny_moore,01:19:18 on 09-20-2026,115,RUTGERS,0,3,0,55.54,53.74
2026-09-22T12:02:09+00:00,2026,5,sonny_moore,01:19:18 on 09-20-2026,116,APPALACHIAN ST.,3,0,0,45.59,52.96
2026-09-22T12:02:09+00:00,2026,5,sonny_moore,01:19:18 on 09-20-2026,117,ALABAMA BIRMINGHAM,1,2,0,57.24,52.37
2026-09-22T12:02:09+00:00,2026,5,sonny_moore,01:19:18 on 09-20-2026,118,OHIO UNIVERSITY,1,2,0,60.45,52.2
2026-09-22T12:02:09+00:00,2026,5,sonny_moore,01:19:18 on 09-20-2026,119,SAN JOSE ST.,2,2,0,58.03,52.16
2026-09-22T12:02:09+00:00,2026,5,sonny_moore,01:19:18 on 09-20-2026,120,AKRON,1,2,0,66.79,52.05
2026-09-22T12:02:09+00:00,2026,5,sonny_moore,01:19:18 on 09-20-2026,121,NEW MEXICO ST.,1,2,0,60.53,51.88
2026-09-22T12:02:09+00:00,2026,5,sonny_moore,01:19:18 on 09-20-2026,122,SOUTHERN MISSISSIPPI,1,2,0,58.81,50.9
2026-09-22T12:02:09+00:00,2026,5,sonny_moore,01:19:18 on 09-20-2026,123,MISSOURI ST.,1,2,0,65.96,50.69
2026-09-22T12:02:09+00:00,2026,5,sonny_moore,01:19:18 on 09-20-2026,124,MARSHALL,2,1,0,58.23,49.34
2026-09-22T12:02:09+00:00,2026,5,sonny_moore,01:19:18 on 09-20-2026,125,NORTH CAROLINA CHARLOTTE,0,3,0,60.53,48.44
2026-09-22T12:02:09+00:00,2026,5,sonny_moore,01:19:18 on 09-20-2026,126,WESTERN KENTUCKY,0,3,0,77.45,48.17
2026-09-22T12:02:09+00:00,2026,5,sonny_moore,01:19:18 on 09-20-2026,127,BUFFALO,1,2,0,63.24,47.39
2026-09-22T12:02:09+00:00,2026,5,sonny_moore,01:19:18 on 09-20-2026,128,SAM HOUSTON ST.,1,2,0,51.24,46.27
2026-09-22T12:02:09+00:00,2026,5,sonny_moore,01:19:18 on 09-20-2026,129,KENT ST.,1,2,0,74.7,46.13
2026-09-22T12:02:09+00:00,2026,5,sonny_moore,01:19:18 on 09-20-2026,130,NORTHERN ILLINOIS,0,3,0,72.65,46.06
2026-09-22T12:02:09+00:00,2026,5,sonny_moore,01:19:18 on 09-20-2026,131,SACRAMENTO ST.,1,3,0,52.38,44.89
2026-09-22T12:02:09+00:00,2026,5,sonny_moore,01:19:18 on 09-20-2026,132,WYOMING,1,2,0,51.32,44.29
2026-09-22T12:02:09+00:00,2026,5,sonny_moore,01:19:18 on 09-20-2026,133,BALL ST.,1,2,0,76.27,44.04
2026-09-22T12:02:09+00:00,2026,5,sonny_moore,01:19:18 on 09-20-2026,134,TEXAS EL PASO,1,2,0,74.01,42.93
2026-09-22T12:02:09+00:00,2026,5,sonny_moore,01:19:18 on 09-20-2026,135,MASSACHUSETTS,3,0,0,54.71,40.99
2026-09-22T12:02:09+00:00,2026,5,sonny_moore,01:19:18 on 09-20-2026,136,EASTERN MICHIGAN,1,3,0,55.25,40.88
2026-09-22T12:02:09+00:00,2026,5,sonny_moore,01:19:18 on 09-20-2026,137,BOWLING GREEN,0,3,0,65.18,40.34
2026-09-22T12:02:09+00:00,2026,5,sonny_moore,01:19:18 on 09-20-2026,138,LOUISIANA-MONROE,0,3,0,54.33,39.17
2026-09-24T13:53:41+00:00,2026,4,sonny_moore,01:19:18 on 09-20-2026,1,INDIANA,3,0,0,57.63,94.77
2026-09-24T13:53:41+00:00,2026,4,sonny_moore,01:19:18 on 09-20-2026,2,TEXAS,3,0,0,75.38,93.12
2026-09-24T13:53:41+00:00,2026,4,sonny_moore,01:19:18 on 09-20-2026,3,OHIO ST.,2,1,0,58.97,92.36
2026-09-24T13:53:41+00:00,2026,4,sonny_moore,01:19:18 on 09-20-2026,4,MIAMI FL.,3,0,0,61.9,92.13
2026-09-24T13:53:41+00:00,2026,4,sonny_moore,01:19:18 on 09-20-2026,5,GEORGIA,3,0,0,55.43,90.58
2026-09-24T13:53:41+00:00,2026,4,sonny_moore,01:19:18 on 09-20-2026,6,NOTRE DAME,3,0,0,60.57,90.28
2026-09-24T13:53:41+00:00,2026,4,sonny_moore,01:19:18 on 09-20-2026,7,UTAH,3,0,0,59.29,89.09
2026-09-24T13:53:41+00:00,2026,4,sonny_moore,01:19:18 on 09-20-2026,8,ALABAMA,3,0,0,67.54,89.08
2026-09-24T13:53:41+00:00,2026,4,sonny_moore,01:19:18 on 09-20-2026,9,PENN.ST.,3,0,0,53.51,85.9
2026-09-24T13:53:41+00:00,2026,4,sonny_moore,01:19:18 on 09-20-2026,10,LSU,2,1,0,69.59,85.13
2026-09-24T13:53:41+00:00,2026,4,sonny_moore,01:19:18 on 09-20-2026,11,TENNESSEE,3,0,0,57.63,84.22
2026-09-24T13:53:41+00:00,2026,4,sonny_moore,01:19:18 on 09-20-2026,12,MISSISSIPPI,3,0,0,67.84,83.79
2026-09-24T13:53:41+00:00,2026,4,sonny_moore,01:19:18 on 09-20-2026,13,TEXAS A&M,2,1,0,63.41,82.14
2026-09-24T13:53:41+00:00,2026,4,sonny_moore,01:19:18 on 09-20-2026,14,LOUISVILLE,2,1,0,77.58,81.65
2026-09-24T13:53:41+00:00,2026,4,sonny_moore,01:19:18 on 09-20-2026,15,VIRGINIA,2,1,0,63.03,80.86
2026-09-24T13:53:41+00:00,2026,4,sonny_moore,01:19:18 on 09-20-2026,16,MISSISSIPPI ST.,3,0,0,64.12,80.59
2026-09-24T13:53:41+00:00,2026,4,sonny_moore,01:19:18 on 09-20-2026,17,DUKE,3,0,0,66.15,80.49
2026-09-24T13:53:41+00:00,2026,4,sonny_moore,01:19:18 on 09-20-2026,18,FLORIDA,3,0,0,56.97,79.95
2026-09-24T13:53:41+00:00,2026,4,sonny_moore,01:19:18 on 09-20-2026,19,OREGON,2,1,0,53.17,79.46
2026-09-24T13:53:41+00:00,2026,4,sonny_moore,01:19:18 on 09-20-2026,20,IOWA,3,0,0,52.74,78.62
2026-09-24T13:53:41+00:00,2026,4,sonny_moore,01:19:18 on 09-20-2026,21,NEBRASKA,3,0,0,50.45,78.49
2026-09-24T13:53:41+00:00,2026,4,sonny_moore,01:19:18 on 09-20-2026,22,PITTSBURGH,3,0,0,59.4,78.48
2026-09-24T13:53:41+00:00,2026,4,sonny_moore,01:19:18 on 09-20-2026,23,SOUTH CAROLINA,2,1,0,54.56,78.26
2026-09-24T13:53:41+00:00,2026,4,sonny_moore,01:19:18 on 09-20-2026,24,TEXAS TECH,3,0,0,57.85,78.25
2026-09-24T13:53:41+00:00,2026,4,sonny_moore,01:19:18 on 09-20-2026,25,BYU,3,0,0,59.14,78.06
2026-09-24T13:53:41+00:00,2026,4,sonny_moore,01:19:18 on 09-20-2026,26,KANSAS ST.,3,0,0,58.84,78.01
2026-09-24T13:53:41+00:00,2026,4,sonny_moore,01:19:18 on 09-20-2026,27,BOISE STATE,2,1,0,74.44,76.56
2026-09-24T13:53:41+00:00,2026,4,sonny_moore,01:19:18 on 09-20-2026,28,MICHIGAN,3,0,0,62.62,76.28
2026-09-24T13:53:41+00:00,2026,4,sonny_moore,01:19:18 on 09-20-2026,29,IOWA ST.,2,1,0,58.74,75.89
2026-09-24T13:53:41+00:00,2026,4,sonny_moore,01:19:18 on 09-20-2026,30,OKLAHOMA,2,1,0,59.53,75.34
2026-09-24T13:53:41+00:00,2026,4,sonny_moore,01:19:18 on 09-20-2026,31,SMU,2,1,0,67.14,75.17
2026-09-24T13:53:41+00:00,2026,4,sonny_moore,01:19:18 on 09-20-2026,32,VIRGINIA TECH,3,0,0,63.58,74.93
2026-09-24T13:53:41+00:00,2026,4,sonny_moore,01:19:18 on 09-20-2026,33,ARIZONA ST.,2,1,0,67.08,74.72
2026-09-24T13:53:41+00:00,2026,4,sonny_moore,01:19:18 on 09-20-2026,34,UCLA,3,0,0,62.89,74.68
2026-09-24T13:53:41+00:00,2026,4,sonny_moore,01:19:18 on 09-20-2026,35,AUBURN,2,1,0,65.19,74.29
2026-09-24T13:53:41+00:00,2026,4,sonny_moore,01:19:18 on 09-20-2026,36,NORTHWESTERN,2,0,0,57.84,73.94
2026-09-24T13:53:41+00:00,2026,4,sonny_moore,01:19:18 on 09-20-2026,37,MISSOURI,3,0,0,55.96,73.9
2026-09-24T13:53:41+00:00,2026,4,sonny_moore,01:19:18 on 09-20-2026,38,WASHINGTON,3,0,0,58.52,73.84
2026-09-24T13:53:41+00:00,2026,4,sonny_moore,01:19:18 on 09-20-2026,39,MINNESOTA,2,1,0,56.88,73.51
2026-09-24T13:53:41+00:00,2026,4,sonny_moore,01:19:18 on 09-20-2026,40,KENTUCKY,2,1,0,73.63,73.15
2026-09-24T13:53:41+00:00,2026,4,sonny_moore,01:19:18 on 09-20-2026,41,MICHIGAN ST.,2,1,0,68.62,73.04
2026-09-24T13:53:41+00:00,2026,4,sonny_moore,01:19:18 on 09-20-2026,42,VANDERBILT,3,0,0,57.32,72.81
2026-09-24T13:53:41+00:00,2026,4,sonny_moore,01:19:18 on 09-20-2026,43,HOUSTON,2,1,0,58.54,72.36
2026-09-24T13:53:41+00:00,2026,4,sonny_moore,01:19:18 on 09-20-2026,44,BAYLOR,2,1,0,64.65,72.23
2026-09-24T13:53:41+00:00,2026,4,sonny_moore,01:19:18 on 09-20-2026,45,TCU,2,1,0,53.3,71.86
2026-09-24T13:53:41+00:00,2026,4,sonny_moore,01:19:18 on 09-20-2026,46,CINCINNATI,3,0,0,55.36,71.61
2026-09-24T13:53:41+00:00,2026,4,sonny_moore,01:19:18 on 09-20-2026,47,NORTH DAKOTA ST.,4,0,0,51.13,71.27
2026-09-24T13:53:41+00:00,2026,4,sonny_moore,01:19:18 on 09-20-2026,48,JAMES MADISON,3,0,0,53.02,71.09
2026-09-24T13:53:41+00:00,2026,4,sonny_moore,01:19:18 on 09-20-2026,49,FLORIDA ST.,1,2,0,70.09,70.72
2026-09-24T13:53:41+00:00,2026,4,sonny_moore,01:19:18 on 09-20-2026,50,WAKE FOREST,2,1,0,65.47,70.61
2026-09-24T13:53:41+00:00,2026,4,sonny_moore,01:19:18 on 09-20-2026,51,SOUTHERN CALIFORNIA,4,0,0,53.39,70.52
2026-09-24T13:53:41+00:00,2026,4,sonny_moore,01:19:18 on 09-20-2026,52,ARIZONA,2,1,0,57.25,70.23
2026-09-24T13:53:41+00:00,2026,4,sonny_moore,01:19:18 on 09-20-2026,53,ILLINOIS,2,1,0,57.98,70.22
2026-09-24T13:53:41+00:00,2026,4,sonny_moore,01:19:18 on 09-20-2026,54,MARYLAND,2,1,0,59.35,69.97
2026-09-24T13:53:41+00:00,2026,4,sonny_moore,01:19:18 on 09-20-2026,55,CENTRAL FLORIDA,2,1,0,60.05,69.86
2026-09-24T13:53:41+00:00,2026,4,sonny_moore,01:19:18 on 09-20-2026,56,WESTERN MICHIGAN,2,1,0,62.1,69.85
2026-09-24T13:53:41+00:00,2026,4,sonny_moore,01:19:18 on 09-20-2026,57,KANSAS,1,2,0,65.22,69.68
2026-09-24T13:53:41+00:00,2026,4,sonny_moore,01:19:18 on 09-20-2026,58,TEXAS SAN ANTONIO,2,1,0,66.39,69.09
2026-09-24T13:53:41+00:00,2026,4,sonny_moore,01:19:18 on 09-20-2026,59,NORTH CAROLINA ST.,1,2,0,72.37,68.62
2026-09-24T13:53:41+00:00,2026,4,sonny_moore,01:19:18 on 09-20-2026,60,WISCONSIN,2,1,0,70.73,67.58
2026-09-24T13:53:41+00:00,2026,4,sonny_moore,01:19:18 on 09-20-2026,61,SOUTH FLORIDA,3,0,0,53.71,66.68
2026-09-24T13:53:41+00:00,2026,4,sonny_moore,01:19:18 on 09-20-2026,62,NEW MEXICO,2,1,0,55.55,66.66
2026-09-24T13:53:41+00:00,2026,4,sonny_moore,01:19:18 on 09-20-2026,63,ARMY,1,1,0,58.91,66.32
2026-09-24T13:53:41+00:00,2026,4,sonny_moore,01:19:18 on 09-20-2026,64,NAVY,1,1,0,49.63,65.91
2026-09-24T13:53:41+00:00,2026,4,sonny_moore,01:19:18 on 09-20-2026,65,CENTRAL MICHIGAN,2,1,0,54.39,65.05
2026-09-24T13:53:41+00:00,2026,4,sonny_moore,01:19:18 on 09-20-2026,66,TOLEDO,2,1,0,58.55,64.95
2026-09-24T13:53:41+00:00,2026,4,sonny_moore,01:19:18 on 09-20-2026,67,MEMPHIS,3,1,0,58.79,64.86
2026-09-24T13:53:41+00:00,2026,4,sonny_moore,01:19:18 on 09-20-2026,68,NORTH TEXAS,1,2,0,71.45,64.54
2026-09-24T13:53:41+00:00,2026,4,sonny_moore,01:19:18 on 09-20-2026,69,CLEMSON,2,1,0,65.16,64.37
2026-09-24T13:53:41+00:00,2026,4,sonny_moore,01:19:18 on 09-20-2026,70,WEST VIRGINIA,3,0,0,57.64,64.28
2026-09-24T13:53:41+00:00,2026,4,sonny_moore,01:19:18 on 09-20-2026,71,NORTH CAROLINA,2,1,0,66.75,64.28
2026-09-24T13:53:41+00:00,2026,4,sonny_moore,01:19:18 on 09-20-2026,72,DELAWARE,2,1,0,60.74,64.07
2026-09-24T13:53:41+00:00,2026,4,sonny_moore,01:19:18 on 09-20-2026,73,GEORGIA TECH,1,2,0,64.17,63.92
2026-09-24T13:53:41+00:00,2026,4,sonny_moore,01:19:18 on 09-20-2026,74,EAST CAROLINA,1,2,0,73.86,63.67
2026-09-24T13:53:41+00:00,2026,4,sonny_moore,01:19:18 on 09-20-2026,75,TEMPLE,1,2,0,64.58,63.48
2026-09-24T13:53:41+00:00,2026,4,sonny_moore,01:19:18 on 09-20-2026,76,CONNECTICUT,2,1,0,55.95,63.35
2026-09-24T13:53:41+00:00,2026,4,sonny_moore,01:19:18 on 09-20-2026,77,JACKSONVILLE ST.,2,2,0,65.57,62.86
2026-09-24T13:53:41+00:00,2026,4,sonny_moore,01:19:18 on 09-20-2026,78,LIBERTY,2,1,0,57.93,62.8
2026-09-24T13:53:41+00:00,2026,4,sonny_moore,01:19:18 on 09-20-2026,79,OLD DOMINION,1,2,0,59.22,62.68
2026-09-24T13:53:41+00:00,2026,4,sonny_moore,01:19:18 on 09-20-2026,80,TEXAS ST.,1,2,0,72.56,62.65
2026-09-24T13:53:41+00:00,2026,4,sonny_moore,01:19:18 on 09-20-2026,81,PURDUE,1,2,0,63.44,62.63
2026-09-24T13:53:41+00:00,2026,4,sonny_moore,01:19:18 on 09-20-2026,82,AIR FORCE,1,1,0,64.72,62.02
2026-09-24T13:53:41+00:00,2026,4,sonny_moore,01:19:18 on 09-20-2026,83,LOUISIANA TECH,1,2,0,66.22,61.94
2026-09-24T13:53:41+00:00,2026,4,sonny_moore,01:19:18 on 09-20-2026,84,WASHINGTON ST.,1,2,0,69.9,61.21
2026-09-24T13:53:41+00:00,2026,4,sonny_moore,01:19:18 on 09-20-2026,85,TULANE,1,2,0,66.51,61.16
2026-09-24T13:53:41+00:00,2026,4,sonny_moore,01:19:18 on 09-20-2026,86,SYRACUSE,1,2,0,61.96,60.9
2026-09-24T13:53:41+00:00,2026,4,sonny_moore,01:19:18 on 09-20-2026,87,OREGON ST.,1,2,0,74.32,60.68
2026-09-24T13:53:41+00:00,2026,4,sonny_moore,01:19:18 on 09-20-2026,88,FRESNO ST.,2,1,0,63.49,60.51
2026-09-24T13:53:41+00:00,2026,4,sonny_moore,01:19:18 on 09-20-2026,89,ARKANSAS,1,2,0,73.09,60.02
2026-09-24T13:53:41+00:00,2026,4,sonny_moore,01:19:18 on 09-20-2026,90,COLORADO,2,1,0,66.71,59.88
2026-09-24T13:53:41+00:00,2026,4,sonny_moore,01:19:18 on 09-20-2026,91,LOUISIANA-LAFAYETTE,2,1,0,59.41,59.75
2026-09-24T13:53:41+00:00,2026,4,sonny_moore,01:19:18 on 09-20-2026,92,FLORIDA ATLANTIC,2,1,0,67.9,59.69
2026-09-24T13:53:41+00:00,2026,4,sonny_moore,01:19:18 on 09-20-2026,93,GEORGIA SOUTHERN,1,2,0,58.43,59.61
2026-09-24T13:53:41+00:00,2026,4,sonny_moore,01:19:18 on 09-20-2026,94,MIAMI OHIO,1,2,0,68.18,59.29
2026-09-24T13:53:41+00:00,2026,4,sonny_moore,01:19:18 on 09-20-2026,95,SAN DIEGO ST.,1,2,0,61.4,58.64
2026-09-24T13:53:41+00:00,2026,4,sonny_moore,01:19:18 on 09-20-2026,96,BOSTON COLLEGE,2,1,0,57.18,58.04
2026-09-24T13:53:41+00:00,2026,4,sonny_moore,01:19:18 on 09-20-2026,97,SOUTH ALABAMA,2,1,0,56.33,58.03
2026-09-24T13:53:41+00:00,2026,4,sonny_moore,01:19:18 on 09-20-2026,98,KENNESAW ST.,1,2,0,59.28,57.91
2026-09-24T13:53:41+00:00,2026,4,sonny_moore,01:19:18 on 09-20-2026,99,UTAH ST.,0,3,0,71.6,57.52
2026-09-24T13:53:41+00:00,2026,4,sonny_moore,01:19:18 on 09-20-2026,100,STANFORD,1,2,0,74.77,57.41
2026-09-24T13:53:41+00:00,2026,4,sonny_moore,01:19:18 on 09-20-2026,101,FLORIDA INTERNATIONAL,1,2,0,59.29,57.31
2026-09-24T13:53:41+00:00,2026,4,sonny_moore,01:19:18 on 09-20-2026,102,NEVADA LAS VEGAS,1,2,0,60.93,57.17
2026-09-24T13:53:41+00:00,2026,4,sonny_moore,01:19:18 on 09-20-2026,103,TULSA,3,0,0,43.04,56.87
2026-09-24T13:53:41+00:00,2026,4,sonny_moore,01:19:18 on 09-20-2026,104,GEORGIA ST,2,1,0,57.48,56.41
2026-09-24T13:53:41+00:00,2026,4,sonny_moore,01:19:18 on 09-20-2026,105,CALIFORNIA,2,1,0,52.94,56.24
2026-09-24T13:53:41+00:00,2026,4,sonny_moore,01:19:18 on 09-20-2026,106,ARKANSAS ST.,1,2,0,62.74,56.06
2026-09-24T13:53:41+00:00,2026,4,sonny_moore,01:19:18 on 09-20-2026,107,OKLAHOMA ST.,2,1,0,63.59,55.73
2026-09-24T13:53:41+00:00,2026,4,sonny_moore,01:19:18 on 09-20-2026,108,COLORADO ST.,2,1,0,58.66,55.45
2026-09-24T13:53:41+00:00,2026,4,sonny_moore,01:19:18 on 09-20-2026,109,NEVADA,1,2,0,52.9,55.15
2026-09-24T13:53:41+00:00,2026,4,sonny_moore,01:19:18 on 09-20-2026,110,COASTAL CAROLINA,1,2,0,55.82,54.76
2026-09-24T13:53:41+00:00,2026,4,sonny_moore,01:19:18 on 09-20-2026,111,MIDDLE TENNESSEE ST.,2,1,0,52.65,54.6
2026-09-24T13:53:41+00:00,2026,4,sonny_moore,01:19:18 on 09-20-2026,112,HAWAII,1,2,0,57.07,54.47
2026-09-24T13:53:41+00:00,2026,4,sonny_moore,01:19:18 on 09-20-2026,113,RICE,1,2,0,69.66,53.94
2026-09-24T13:53:41+00:00,2026,4,sonny_moore,01:19:18 on 09-20-2026,114,TROY ST.,2,1,0,48.43,53.93
2026-09-24T13:53:41+00:00,2026,4,sonny_moore,01:19:18 on 09-20-2026,115,RUTGERS,0,3,0,55.54,53.74
2026-09-24T13:53:41+00:00,2026,4,sonny_moore,01:19:18 on 09-20-2026,116,APPALACHIAN ST.,3,0,0,45.59,52.96
2026-09-24T13:53:41+00:00,2026,4,sonny_moore,01:19:18 on 09-20-2026,117,ALABAMA BIRMINGHAM,1,2,0,57.24,52.37
2026-09-24T13:53:41+00:00,2026,4,sonny_moore,01:19:18 on 09-20-2026,118,OHIO UNIVERSITY,1,2,0,60.45,52.2
2026-09-24T13:53:41+00:00,2026,4,sonny_moore,01:19:18 on 09-20-2026,119,SAN JOSE ST.,2,2,0,58.03,52.16
2026-09-24T13:53:41+00:00,2026,4,sonny_moore,01:19:18 on 09-20-2026,120,AKRON,1,2,0,66.79,52.05
2026-09-24T13:53:41+00:00,2026,4,sonny_moore,01:19:18 on 09-20-2026,121,NEW MEXICO ST.,1,2,0,60.53,51.88
2026-09-24T13:53:41+00:00,2026,4,sonny_moore,01:19:18 on 09-20-2026,122,SOUTHERN MISSISSIPPI,1,2,0,58.81,50.9
2026-09-24T13:53:41+00:00,2026,4,sonny_moore,01:19:18 on 09-20-2026,123,MISSOURI ST.,1,2,0,65.96,50.69
2026-09-24T13:53:41+00:00,2026,4,sonny_moore,01:19:18 on 09-20-2026,124,MARSHALL,2,1,0,58.23,49.34
2026-09-24T13:53:41+00:00,2026,4,sonny_moore,01:19:18 on 09-20-2026,125,NORTH CAROLINA CHARLOTTE,0,3,0,60.53,48.44
2026-09-24T13:53:41+00:00,2026,4,sonny_moore,01:19:18 on 09-20-2026,126,WESTERN KENTUCKY,0,3,0,77.45,48.17
2026-09-24T13:53:41+00:00,2026,4,sonny_moore,01:19:18 on 09-20-2026,127,BUFFALO,1,2,0,63.24,47.39
2026-09-24T13:53:41+00:00,2026,4,sonny_moore,01:19:18 on 09-20-2026,128,SAM HOUSTON ST.,1,2,0,51.24,46.27
2026-09-24T13:53:41+00:00,2026,4,sonny_moore,01:19:18 on 09-20-2026,129,KENT ST.,1,2,0,74.7,46.13
2026-09-24T13:53:41+00:00,2026,4,sonny_moore,01:19:18 on 09-20-2026,130,NORTHERN ILLINOIS,0,3,0,72.65,46.06
2026-09-24T13:53:41+00:00,2026,4,sonny_moore,01:19:18 on 09-20-2026,131,SACRAMENTO ST.,1,3,0,52.38,44.89
2026-09-24T13:53:41+00:00,2026,4,sonny_moore,01:19:18 on 09-20-2026,132,WYOMING,1,2,0,51.32,44.29
2026-09-24T13:53:41+00:00,2026,4,sonny_moore,01:19:18 on 09-20-2026,133,BALL ST.,1,2,0,76.27,44.04
2026-09-24T13:53:41+00:00,2026,4,sonny_moore,01:19:18 on 09-20-2026,134,TEXAS EL PASO,1,2,0,74.01,42.93
2026-09-24T13:53:41+00:00,2026,4,sonny_moore,01:19:18 on 09-20-2026,135,MASSACHUSETTS,3,0,0,54.71,40.99
2026-09-24T13:53:41+00:00,2026,4,sonny_moore,01:19:18 on 09-20-2026,136,EASTERN MICHIGAN,1,3,0,55.25,40.88
2026-09-24T13:53:41+00:00,2026,4,sonny_moore,01:19:18 on 09-20-2026,137,BOWLING GREEN,0,3,0,65.18,40.34
2026-09-24T13:53:41+00:00,2026,4,sonny_moore,01:19:18 on 09-20-2026,138,LOUISIANA-MONROE,0,3,0,54.33,39.17
