captured_at,capture_season,capture_week,source,year,team,conference,division,ranking,rating
2026-09-28T13:46:49+00:00,2026,5,srs,2026,Texas,SEC,,1,27.2
2026-09-28T13:46:49+00:00,2026,5,srs,2026,Notre Dame,FBS Independents,,2,25.5
2026-09-28T13:46:49+00:00,2026,5,srs,2026,Florida,SEC,,2,25.5
2026-09-28T13:46:49+00:00,2026,5,srs,2026,LSU,SEC,,4,25.3
2026-09-28T13:46:49+00:00,2026,5,srs,2026,Alabama,SEC,,5,24.8
2026-09-28T13:46:49+00:00,2026,5,srs,2026,Utah,Big 12,,6,22
2026-09-28T13:46:49+00:00,2026,5,srs,2026,Ohio State,Big Ten,,7,21.9
2026-09-28T13:46:49+00:00,2026,5,srs,2026,Georgia,SEC,,8,20.7
2026-09-28T13:46:49+00:00,2026,5,srs,2026,Tennessee,SEC,,9,18.4
2026-09-28T13:46:49+00:00,2026,5,srs,2026,Indiana,Big Ten,,10,18.2
2026-09-28T13:46:49+00:00,2026,5,srs,2026,Pittsburgh,ACC,,11,17.4
2026-09-28T13:46:49+00:00,2026,5,srs,2026,Nebraska,Big Ten,,12,17.3
2026-09-28T13:46:49+00:00,2026,5,srs,2026,UCLA,Big Ten,,13,17.2
2026-09-28T13:46:49+00:00,2026,5,srs,2026,Oregon,Big Ten,,13,17.2
2026-09-28T13:46:49+00:00,2026,5,srs,2026,Virginia,ACC,,15,16.6
2026-09-28T13:46:49+00:00,2026,5,srs,2026,UCF,Big 12,,16,16.5
2026-09-28T13:46:49+00:00,2026,5,srs,2026,Iowa,Big Ten,,17,14.7
2026-09-28T13:46:49+00:00,2026,5,srs,2026,Miami,ACC,,18,14.1
2026-09-28T13:46:49+00:00,2026,5,srs,2026,BYU,Big 12,,19,14
2026-09-28T13:46:49+00:00,2026,5,srs,2026,Boise State,Pac-12,,20,13.6
2026-09-28T13:46:49+00:00,2026,5,srs,2026,Auburn,SEC,,21,13
2026-09-28T13:46:49+00:00,2026,5,srs,2026,Mississippi State,SEC,,22,12.8
2026-09-28T13:46:49+00:00,2026,5,srs,2026,Oklahoma State,Big 12,,23,12.6
2026-09-28T13:46:49+00:00,2026,5,srs,2026,Northwestern,Big Ten,,23,12.6
2026-09-28T13:46:49+00:00,2026,5,srs,2026,Kentucky,SEC,,25,12.3
2026-09-28T13:46:49+00:00,2026,5,srs,2026,Ole Miss,SEC,,26,11.6
2026-09-28T13:46:49+00:00,2026,5,srs,2026,Duke,ACC,,27,11.2
2026-09-28T13:46:49+00:00,2026,5,srs,2026,Houston,Big 12,,28,10.2
2026-09-28T13:46:49+00:00,2026,5,srs,2026,Texas A&M,SEC,,29,10.1
2026-09-28T13:46:49+00:00,2026,5,srs,2026,Army,American Athletic,,30,9.4
2026-09-28T13:46:49+00:00,2026,5,srs,2026,Texas Tech,Big 12,,30,9.4
2026-09-28T13:46:49+00:00,2026,5,srs,2026,TCU,Big 12,,32,9
2026-09-28T13:46:49+00:00,2026,5,srs,2026,Iowa State,Big 12,,32,9
2026-09-28T13:46:49+00:00,2026,5,srs,2026,James Madison,Sun Belt,East,34,8.4
2026-09-28T13:46:49+00:00,2026,5,srs,2026,Baylor,Big 12,,35,8.1
2026-09-28T13:46:49+00:00,2026,5,srs,2026,Texas State,Pac-12,,36,7.7
2026-09-28T13:46:49+00:00,2026,5,srs,2026,Penn State,Big Ten,,36,7.7
2026-09-28T13:46:49+00:00,2026,5,srs,2026,USC,Big Ten,,38,7.5
2026-09-28T13:46:49+00:00,2026,5,srs,2026,West Virginia,Big 12,,38,7.5
2026-09-28T13:46:49+00:00,2026,5,srs,2026,UTSA,American Athletic,,40,7.3
2026-09-28T13:46:49+00:00,2026,5,srs,2026,Toledo,Mid-American,,41,7.2
2026-09-28T13:46:49+00:00,2026,5,srs,2026,Vanderbilt,SEC,,42,7.1
2026-09-28T13:46:49+00:00,2026,5,srs,2026,Michigan State,Big Ten,,42,7.1
2026-09-28T13:46:49+00:00,2026,5,srs,2026,Kansas State,Big 12,,44,6.8
2026-09-28T13:46:49+00:00,2026,5,srs,2026,Michigan,Big Ten,,45,6.6
2026-09-28T13:46:49+00:00,2026,5,srs,2026,Illinois,Big Ten,,46,6.5
2026-09-28T13:46:49+00:00,2026,5,srs,2026,Clemson,ACC,,47,6.4
2026-09-28T13:46:49+00:00,2026,5,srs,2026,North Carolina,ACC,,48,5.6
2026-09-28T13:46:49+00:00,2026,5,srs,2026,NC State,ACC,,49,5.3
2026-09-28T13:46:49+00:00,2026,5,srs,2026,Louisville,ACC,,49,5.3
2026-09-28T13:46:49+00:00,2026,5,srs,2026,Wisconsin,Big Ten,,51,5.1
2026-09-28T13:46:49+00:00,2026,5,srs,2026,Cincinnati,Big 12,,51,5.1
2026-09-28T13:46:49+00:00,2026,5,srs,2026,Georgia State,Sun Belt,East,53,4.9
2026-09-28T13:46:49+00:00,2026,5,srs,2026,North Texas,American Athletic,,54,4.8
2026-09-28T13:46:49+00:00,2026,5,srs,2026,New Mexico,Mountain West,,55,4.7
2026-09-28T13:46:49+00:00,2026,5,srs,2026,Oregon State,Pac-12,,56,4.1
2026-09-28T13:46:49+00:00,2026,5,srs,2026,Liberty,Conference USA,,57,4
2026-09-28T13:46:49+00:00,2026,5,srs,2026,Oklahoma,SEC,,58,3.9
2026-09-28T13:46:49+00:00,2026,5,srs,2026,North Dakota State,Mountain West,,58,3.9
2026-09-28T13:46:49+00:00,2026,5,srs,2026,Syracuse,ACC,,60,3.4
2026-09-28T13:46:49+00:00,2026,5,srs,2026,Wake Forest,ACC,,61,3.2
2026-09-28T13:46:49+00:00,2026,5,srs,2026,Arizona,Big 12,,62,3
2026-09-28T13:46:49+00:00,2026,5,srs,2026,Virginia Tech,ACC,,63,2.9
2026-09-28T13:46:49+00:00,2026,5,srs,2026,Missouri,SEC,,64,2.5
2026-09-28T13:46:49+00:00,2026,5,srs,2026,South Carolina,SEC,,65,2.2
2026-09-28T13:46:49+00:00,2026,5,srs,2026,SMU,ACC,,66,2.1
2026-09-28T13:46:49+00:00,2026,5,srs,2026,South Florida,American Athletic,,67,1.7
2026-09-28T13:46:49+00:00,2026,5,srs,2026,Maryland,Big Ten,,67,1.7
2026-09-28T13:46:49+00:00,2026,5,srs,2026,Minnesota,Big Ten,,69,1.3
2026-09-28T13:46:49+00:00,2026,5,srs,2026,Arizona State,Big 12,,70,1.1
2026-09-28T13:46:49+00:00,2026,5,srs,2026,Arkansas,SEC,,70,1.1
2026-09-28T13:46:49+00:00,2026,5,srs,2026,Tulsa,American Athletic,,72,0.9
2026-09-28T13:46:49+00:00,2026,5,srs,2026,Western Michigan,Mid-American,,73,0.4
2026-09-28T13:46:49+00:00,2026,5,srs,2026,Purdue,Big Ten,,74,-0.2
2026-09-28T13:46:49+00:00,2026,5,srs,2026,Florida State,ACC,,75,-1
2026-09-28T13:46:49+00:00,2026,5,srs,2026,Memphis,American Athletic,,76,-1.7
2026-09-28T13:46:49+00:00,2026,5,srs,2026,Colorado State,Pac-12,,77,-1.9
2026-09-28T13:46:49+00:00,2026,5,srs,2026,Temple,American Athletic,,78,-2.5
2026-09-28T13:46:49+00:00,2026,5,srs,2026,Louisiana,Sun Belt,West,79,-2.6
2026-09-28T13:46:49+00:00,2026,5,srs,2026,Massachusetts,Mid-American,,80,-2.7
2026-09-28T13:46:49+00:00,2026,5,srs,2026,Fresno State,Pac-12,,81,-3.3
2026-09-28T13:46:49+00:00,2026,5,srs,2026,Louisiana Tech,Sun Belt,West,82,-3.8
2026-09-28T13:46:49+00:00,2026,5,srs,2026,UConn,FBS Independents,,83,-4
2026-09-28T13:46:49+00:00,2026,5,srs,2026,Miami (OH),Mid-American,,84,-4.2
2026-09-28T13:46:49+00:00,2026,5,srs,2026,Washington,Big Ten,,84,-4.2
2026-09-28T13:46:49+00:00,2026,5,srs,2026,California,ACC,,86,-4.6
2026-09-28T13:46:49+00:00,2026,5,srs,2026,Florida Atlantic,American Athletic,,87,-4.7
2026-09-28T13:46:49+00:00,2026,5,srs,2026,Delaware,Conference USA,,88,-4.8
2026-09-28T13:46:49+00:00,2026,5,srs,2026,Coastal Carolina,Sun Belt,East,89,-4.9
2026-09-28T13:46:49+00:00,2026,5,srs,2026,Tulane,American Athletic,,90,-5.3
2026-09-28T13:46:49+00:00,2026,5,srs,2026,Colorado,Big 12,,91,-5.8
2026-09-28T13:46:49+00:00,2026,5,srs,2026,Austin Peay,UAC,,92,-5.9
2026-09-28T13:46:49+00:00,2026,5,srs,2026,App State,Sun Belt,East,93,-6
2026-09-28T13:46:49+00:00,2026,5,srs,2026,San Diego State,Pac-12,,94,-6.7
2026-09-28T13:46:49+00:00,2026,5,srs,2026,South Alabama,Sun Belt,West,95,-7.1
2026-09-28T13:46:49+00:00,2026,5,srs,2026,Georgia Southern,Sun Belt,East,96,-7.3
2026-09-28T13:46:49+00:00,2026,5,srs,2026,Kansas,Big 12,,96,-7.3
2026-09-28T13:46:49+00:00,2026,5,srs,2026,Kennesaw State,Conference USA,,98,-7.7
2026-09-28T13:46:49+00:00,2026,5,srs,2026,Georgia Tech,ACC,,99,-7.8
2026-09-28T13:46:49+00:00,2026,5,srs,2026,Sam Houston,Conference USA,,100,-7.9
2026-09-28T13:46:49+00:00,2026,5,srs,2026,UNLV,Mountain West,,101,-8
2026-09-28T13:46:49+00:00,2026,5,srs,2026,Air Force,Mountain West,,102,-8.3
2026-09-28T13:46:49+00:00,2026,5,srs,2026,Tennessee Tech,Southern,,103,-8.4
2026-09-28T13:46:49+00:00,2026,5,srs,2026,Rice,American Athletic,,104,-8.7
2026-09-28T13:46:49+00:00,2026,5,srs,2026,Rutgers,Big Ten,,104,-8.7
2026-09-28T13:46:49+00:00,2026,5,srs,2026,Jacksonville State,Conference USA,,106,-8.9
2026-09-28T13:46:49+00:00,2026,5,srs,2026,Ohio,Mid-American,,107,-9.1
2026-09-28T13:46:49+00:00,2026,5,srs,2026,Arkansas State,Sun Belt,West,108,-9.6
2026-09-28T13:46:49+00:00,2026,5,srs,2026,East Carolina,American Athletic,,109,-9.9
2026-09-28T13:46:49+00:00,2026,5,srs,2026,Kent State,Mid-American,,110,-10.2
2026-09-28T13:46:49+00:00,2026,5,srs,2026,Stephen F. Austin,Southland,,111,-10.3
2026-09-28T13:46:49+00:00,2026,5,srs,2026,North Dakota,MVFC,,112,-11.3
2026-09-28T13:46:49+00:00,2026,5,srs,2026,South Dakota,MVFC,,113,-11.5
2026-09-28T13:46:49+00:00,2026,5,srs,2026,Utah State,Pac-12,,113,-11.5
2026-09-28T13:46:49+00:00,2026,5,srs,2026,Illinois State,MVFC,,113,-11.5
2026-09-28T13:46:49+00:00,2026,5,srs,2026,Stanford,ACC,,116,-11.8
2026-09-28T13:46:49+00:00,2026,5,srs,2026,Washington State,Pac-12,,117,-12.1
2026-09-28T13:46:49+00:00,2026,5,srs,2026,South Dakota State,MVFC,,118,-12.5
2026-09-28T13:46:49+00:00,2026,5,srs,2026,UAB,American Athletic,,119,-12.7
2026-09-28T13:46:49+00:00,2026,5,srs,2026,Missouri State,Conference USA,,120,-13
2026-09-28T13:46:49+00:00,2026,5,srs,2026,Nevada,Mountain West,,121,-13.1
2026-09-28T13:46:49+00:00,2026,5,srs,2026,Troy,Sun Belt,West,122,-13.7
2026-09-28T13:46:49+00:00,2026,5,srs,2026,Troy,,,122,-13.7
2026-09-28T13:46:49+00:00,2026,5,srs,2026,Ball State,Mid-American,,124,-13.8
2026-09-28T13:46:49+00:00,2026,5,srs,2026,Youngstown State,MVFC,,125,-13.9
2026-09-28T13:46:49+00:00,2026,5,srs,2026,Southern Miss,Sun Belt,West,125,-13.9
2026-09-28T13:46:49+00:00,2026,5,srs,2026,Montana State,Big Sky,,127,-14
2026-09-28T13:46:49+00:00,2026,5,srs,2026,Navy,American Athletic,,128,-14.1
2026-09-28T13:46:49+00:00,2026,5,srs,2026,Marshall,Sun Belt,East,129,-14.4
2026-09-28T13:46:49+00:00,2026,5,srs,2026,Florida International,Conference USA,,130,-14.5
2026-09-28T13:46:49+00:00,2026,5,srs,2026,Gardner-Webb,OVC,,131,-15.3
2026-09-28T13:46:49+00:00,2026,5,srs,2026,Middle Tennessee,Conference USA,,132,-15.5
2026-09-28T13:46:49+00:00,2026,5,srs,2026,Boston College,ACC,,133,-15.8
2026-09-28T13:46:49+00:00,2026,5,srs,2026,San José State,Mountain West,,134,-15.9
2026-09-28T13:46:49+00:00,2026,5,srs,2026,Bowling Green,Mid-American,,135,-16.1
2026-09-28T13:46:49+00:00,2026,5,srs,2026,Northern Illinois,Mountain West,,135,-16.1
2026-09-28T13:46:49+00:00,2026,5,srs,2026,Tarleton State,UAC,,137,-16.3
2026-09-28T13:46:49+00:00,2026,5,srs,2026,Central Michigan,Mid-American,,137,-16.3
2026-09-28T13:46:49+00:00,2026,5,srs,2026,Idaho State,Big Sky,,139,-16.6
2026-09-28T13:46:49+00:00,2026,5,srs,2026,Western Kentucky,Conference USA,,140,-16.9
2026-09-28T13:46:49+00:00,2026,5,srs,2026,West Florida,UAC,,141,-17.1
2026-09-28T13:46:49+00:00,2026,5,srs,2026,Lehigh,Patriot,,142,-17.3
2026-09-28T13:46:49+00:00,2026,5,srs,2026,Old Dominion,Sun Belt,East,143,-17.5
2026-09-28T13:46:49+00:00,2026,5,srs,2026,Southern Illinois,MVFC,,144,-19.3
2026-09-28T13:46:49+00:00,2026,5,srs,2026,Eastern Michigan,Mid-American,,145,-19.4
2026-09-28T13:46:49+00:00,2026,5,srs,2026,Montana,Big Sky,,146,-19.6
2026-09-28T13:46:49+00:00,2026,5,srs,2026,Harvard,Ivy,,147,-19.8
2026-09-28T13:46:49+00:00,2026,5,srs,2026,Princeton,Ivy,,148,-19.9
2026-09-28T13:46:49+00:00,2026,5,srs,2026,Colgate,Patriot,,149,-20.1
2026-09-28T13:46:49+00:00,2026,5,srs,2026,Wyoming,Mountain West,,149,-20.1
2026-09-28T13:46:49+00:00,2026,5,srs,2026,UTEP,Mountain West,,149,-20.1
2026-09-28T13:46:49+00:00,2026,5,srs,2026,Akron,Mid-American,,152,-20.6
2026-09-28T13:46:49+00:00,2026,5,srs,2026,Southeast Missouri State,OVC,,153,-21.3
2026-09-28T13:46:49+00:00,2026,5,srs,2026,New Mexico State,Conference USA,,154,-21.4
2026-09-28T13:46:49+00:00,2026,5,srs,2026,Campbell,Coastal Athletic,,155,-21.5
2026-09-28T13:46:49+00:00,2026,5,srs,2026,Chattanooga,Southern,,156,-22.4
2026-09-28T13:46:49+00:00,2026,5,srs,2026,Hawai'i,Mountain West,,157,-23.3
2026-09-28T13:46:49+00:00,2026,5,srs,2026,North Alabama,UAC,,158,-23.4
2026-09-28T13:46:49+00:00,2026,5,srs,2026,Wofford,Southern,,159,-24.3
2026-09-28T13:46:49+00:00,2026,5,srs,2026,Bryant,Coastal Athletic,,160,-24.4
2026-09-28T13:46:49+00:00,2026,5,srs,2026,UL Monroe,Sun Belt,West,161,-24.5
2026-09-28T13:46:49+00:00,2026,5,srs,2026,Western Illinois,OVC,,161,-24.5
2026-09-28T13:46:49+00:00,2026,5,srs,2026,South Carolina State,MEAC,,163,-24.8
2026-09-28T13:46:49+00:00,2026,5,srs,2026,Charlotte,,,163,-24.8
2026-09-28T13:46:49+00:00,2026,5,srs,2026,Charlotte,American Athletic,,163,-24.8
2026-09-28T13:46:49+00:00,2026,5,srs,2026,Lamar,Southland,,166,-24.9
2026-09-28T13:46:49+00:00,2026,5,srs,2026,Indiana State,MVFC,,167,-25
2026-09-28T13:46:49+00:00,2026,5,srs,2026,Northern Iowa,MVFC,,168,-25.1
2026-09-28T13:46:49+00:00,2026,5,srs,2026,Dartmouth,Ivy,,168,-25.1
2026-09-28T13:46:49+00:00,2026,5,srs,2026,Northern Arizona,Big Sky,,170,-25.6
2026-09-28T13:46:49+00:00,2026,5,srs,2026,Stony Brook,Coastal Athletic,,171,-25.7
2026-09-28T13:46:49+00:00,2026,5,srs,2026,Monmouth,Coastal Athletic,,172,-25.8
2026-09-28T13:46:49+00:00,2026,5,srs,2026,Sacramento State,Mid-American,,173,-26.1
2026-09-28T13:46:49+00:00,2026,5,srs,2026,Cornell,Ivy,,174,-26.7
2026-09-28T13:46:49+00:00,2026,5,srs,2026,Buffalo,Mid-American,,175,-27.4
2026-09-28T13:46:49+00:00,2026,5,srs,2026,East Tennessee State,Southern,,176,-27.6
2026-09-28T13:46:49+00:00,2026,5,srs,2026,Northern Colorado,Big Sky,,177,-27.7
2026-09-28T13:46:49+00:00,2026,5,srs,2026,UT Rio Grande Valley,Southland,,178,-27.8
2026-09-28T13:46:49+00:00,2026,5,srs,2026,Southern Utah,Big Sky,,178,-27.8
2026-09-28T13:46:49+00:00,2026,5,srs,2026,SE Louisiana,Southland,,180,-28.4
2026-09-28T13:46:49+00:00,2026,5,srs,2026,Furman,Southern,,181,-28.6
2026-09-28T13:46:49+00:00,2026,5,srs,2026,St. Thomas (MN),Pioneer,,182,-28.9
2026-09-28T13:46:49+00:00,2026,5,srs,2026,Eastern Washington,Big Sky,,183,-29.5
2026-09-28T13:46:49+00:00,2026,5,srs,2026,Alabama A&M,SWAC,East,184,-29.8
2026-09-28T13:46:49+00:00,2026,5,srs,2026,Samford,Southern,,185,-29.9
2026-09-28T13:46:49+00:00,2026,5,srs,2026,Abilene Christian,UAC,,186,-30.1
2026-09-28T13:46:49+00:00,2026,5,srs,2026,Rhode Island,Coastal Athletic,,187,-30.2
2026-09-28T13:46:49+00:00,2026,5,srs,2026,UAlbany,Coastal Athletic,,188,-30.3
2026-09-28T13:46:49+00:00,2026,5,srs,2026,Prairie View A&M,SWAC,West,189,-30.5
2026-09-28T13:46:49+00:00,2026,5,srs,2026,Pennsylvania,Ivy,,190,-30.8
2026-09-28T13:46:49+00:00,2026,5,srs,2026,Mercer,Southern,,191,-30.9
2026-09-28T13:46:49+00:00,2026,5,srs,2026,McNeese,Southland,,191,-30.9
2026-09-28T13:46:49+00:00,2026,5,srs,2026,Brown,Ivy,,193,-31.1
2026-09-28T13:46:49+00:00,2026,5,srs,2026,Central Arkansas,UAC,,194,-31.4
2026-09-28T13:46:49+00:00,2026,5,srs,2026,UC Davis,Big Sky,,195,-32
2026-09-28T13:46:49+00:00,2026,5,srs,2026,Sacred Heart,Coastal Athletic,,196,-32.2
2026-09-28T13:46:49+00:00,2026,5,srs,2026,Fordham,Patriot,,196,-32.2
2026-09-28T13:46:49+00:00,2026,5,srs,2026,Idaho,Big Sky,,198,-32.4
2026-09-28T13:46:49+00:00,2026,5,srs,2026,Weber State,Big Sky,,199,-32.5
2026-09-28T13:46:49+00:00,2026,5,srs,2026,Cal Poly,Big Sky,,199,-32.5
2026-09-28T13:46:49+00:00,2026,5,srs,2026,UT Martin,OVC,,201,-32.9
2026-09-28T13:46:49+00:00,2026,5,srs,2026,Central Connecticut,NEC,,202,-33.1
2026-09-28T13:46:49+00:00,2026,5,srs,2026,Yale,Ivy,,203,-33.3
2026-09-28T13:46:49+00:00,2026,5,srs,2026,Elon,Coastal Athletic,,204,-33.7
2026-09-28T13:46:49+00:00,2026,5,srs,2026,Houston Christian,Southland,,205,-33.9
2026-09-28T13:46:49+00:00,2026,5,srs,2026,Stonehill,NEC,,206,-34.5
2026-09-28T13:46:49+00:00,2026,5,srs,2026,Charleston Southern,OVC,,207,-34.8
2026-09-28T13:46:49+00:00,2026,5,srs,2026,Incarnate Word,Southland,,208,-35.1
2026-09-28T13:46:49+00:00,2026,5,srs,2026,Richmond,Patriot,,208,-35.1
2026-09-28T13:46:49+00:00,2026,5,srs,2026,Bethune-Cookman,SWAC,East,210,-35.7
2026-09-28T13:46:49+00:00,2026,5,srs,2026,Norfolk State,MEAC,,210,-35.7
2026-09-28T13:46:49+00:00,2026,5,srs,2026,Jackson State,SWAC,East,212,-35.8
2026-09-28T13:46:49+00:00,2026,5,srs,2026,Robert Morris,NEC,,213,-36
2026-09-28T13:46:49+00:00,2026,5,srs,2026,Delaware State,MEAC,,214,-36.1
2026-09-28T13:46:49+00:00,2026,5,srs,2026,East Texas A&M,Southland,,215,-36.3
2026-09-28T13:46:49+00:00,2026,5,srs,2026,Western Carolina,Southern,,216,-36.4
2026-09-28T13:46:49+00:00,2026,5,srs,2026,Portland State,Big Sky,,217,-36.5
2026-09-28T13:46:49+00:00,2026,5,srs,2026,Dayton,Pioneer,,218,-36.6
2026-09-28T13:46:49+00:00,2026,5,srs,2026,Morgan State,MEAC,,219,-36.8
2026-09-28T13:46:49+00:00,2026,5,srs,2026,Alabama State,SWAC,East,220,-37.1
2026-09-28T13:46:49+00:00,2026,5,srs,2026,Lindenwood,OVC,,221,-37.2
2026-09-28T13:46:49+00:00,2026,5,srs,2026,Villanova,Patriot,,222,-38
2026-09-28T13:46:49+00:00,2026,5,srs,2026,Eastern Illinois,OVC,,223,-38.2
2026-09-28T13:46:49+00:00,2026,5,srs,2026,Butler,Pioneer,,224,-38.6
2026-09-28T13:46:49+00:00,2026,5,srs,2026,The Citadel,Southern,,225,-39.4
2026-09-28T13:46:49+00:00,2026,5,srs,2026,Howard,MEAC,,226,-39.7
2026-09-28T13:46:49+00:00,2026,5,srs,2026,Columbia,Ivy,,227,-40.1
2026-09-28T13:46:49+00:00,2026,5,srs,2026,William & Mary,Patriot,,228,-40.8
2026-09-28T13:46:49+00:00,2026,5,srs,2026,Grambling,SWAC,West,229,-41
2026-09-28T13:46:49+00:00,2026,5,srs,2026,New Hampshire,Coastal Athletic,,230,-41.5
2026-09-28T13:46:49+00:00,2026,5,srs,2026,Long Island University,NEC,,231,-41.6
2026-09-28T13:46:49+00:00,2026,5,srs,2026,Arkansas-Pine Bluff,SWAC,West,231,-41.6
2026-09-28T13:46:49+00:00,2026,5,srs,2026,Merrimack,FCS Independents,,231,-41.6
2026-09-28T13:46:49+00:00,2026,5,srs,2026,Utah Tech,Big Sky,,234,-41.8
2026-09-28T13:46:49+00:00,2026,5,srs,2026,Holy Cross,Patriot,,235,-41.9
2026-09-28T13:46:49+00:00,2026,5,srs,2026,Eastern Kentucky,UAC,,236,-42.1
2026-09-28T13:46:49+00:00,2026,5,srs,2026,Georgetown,Patriot,,237,-42.2
2026-09-28T13:46:49+00:00,2026,5,srs,2026,Towson,Coastal Athletic,,238,-42.6
2026-09-28T13:46:49+00:00,2026,5,srs,2026,Tennessee State,OVC,,238,-42.6
2026-09-28T13:46:49+00:00,2026,5,srs,2026,Marist,Pioneer,,240,-43
2026-09-28T13:46:49+00:00,2026,5,srs,2026,North Carolina A&T,Coastal Athletic,,241,-43.1
2026-09-28T13:46:49+00:00,2026,5,srs,2026,Morehead State,Pioneer,,242,-43.2
2026-09-28T13:46:49+00:00,2026,5,srs,2026,North Carolina Central,MEAC,,243,-43.4
2026-09-28T13:46:49+00:00,2026,5,srs,2026,Duquesne,NEC,,244,-44.1
2026-09-28T13:46:49+00:00,2026,5,srs,2026,West Georgia,UAC,,244,-44.1
2026-09-28T13:46:49+00:00,2026,5,srs,2026,Bucknell,Patriot,,246,-44.2
2026-09-28T13:46:49+00:00,2026,5,srs,2026,Maine,Coastal Athletic,,247,-44.4
2026-09-28T13:46:49+00:00,2026,5,srs,2026,Murray State,MVFC,,248,-44.7
2026-09-28T13:46:49+00:00,2026,5,srs,2026,New Haven,NEC,,249,-45.3
2026-09-28T13:46:49+00:00,2026,5,srs,2026,Florida A&M,SWAC,East,250,-46
2026-09-28T13:46:49+00:00,2026,5,srs,2026,Alcorn State,SWAC,West,251,-46.2
2026-09-28T13:46:49+00:00,2026,5,srs,2026,Drake,Pioneer,,252,-46.9
2026-09-28T13:46:49+00:00,2026,5,srs,2026,Lafayette,Patriot,,253,-47
2026-09-28T13:46:49+00:00,2026,5,srs,2026,San Diego,Pioneer,,254,-47.1
2026-09-28T13:46:49+00:00,2026,5,srs,2026,Nicholls,Southland,,255,-47.2
2026-09-28T13:46:49+00:00,2026,5,srs,2026,Valparaiso,Pioneer,,256,-47.6
2026-09-28T13:46:49+00:00,2026,5,srs,2026,Southern,SWAC,West,257,-49.1
2026-09-28T13:46:49+00:00,2026,5,srs,2026,Texas Southern,SWAC,West,258,-49.4
2026-09-28T13:46:49+00:00,2026,5,srs,2026,Wagner,NEC,,259,-50.4
2026-09-28T13:46:49+00:00,2026,5,srs,2026,Mercyhurst,NEC,,260,-52.1
2026-09-28T13:46:49+00:00,2026,5,srs,2026,Hampton,Coastal Athletic,,261,-52.2
2026-09-28T13:46:49+00:00,2026,5,srs,2026,Stetson,Pioneer,,262,-52.9
2026-09-28T13:46:49+00:00,2026,5,srs,2026,VMI,Southern,,263,-54.5
2026-09-28T13:46:49+00:00,2026,5,srs,2026,Northwestern State,Southland,,264,-58.2
2026-09-28T13:46:49+00:00,2026,5,srs,2026,Davidson,Pioneer,,265,-61.4
2026-09-28T13:46:49+00:00,2026,5,srs,2026,Chicago State,FCS Independents,,266,-61.7
2026-09-28T13:46:49+00:00,2026,5,srs,2026,Presbyterian,Pioneer,,267,-64.8
2026-09-28T13:46:49+00:00,2026,5,srs,2026,Mississippi Valley State,SWAC,East,268,-70.4
